Copyright 1986-2022 Xilinx, Inc. All Rights Reserved. Copyright 2022-2025 Advanced Micro Devices, Inc. All Rights Reserved.
------------------------------------------------------------------------------------------------------------------------------------------------------------------------------------------------------------------------------------------------------------
| Tool Version : Vivado v.2025.2 (win64) Build 6299465 Fri Nov 14 19:35:11 GMT 2025
| Date         : Tue May  5 16:21:49 2026
| Host         : DESKTOP-99HDG4N running 64-bit major release  (build 9200)
| Command      : report_timing_summary -max_paths 10 -routable_nets -report_unconstrained -file design_1_wrapper_timing_summary_routed.rpt -pb design_1_wrapper_timing_summary_routed.pb -rpx design_1_wrapper_timing_summary_routed.rpx -warn_on_violation
| Design       : design_1_wrapper
| Device       : 7z020-clg400
| Speed File   : -1  PRODUCTION 1.12 2019-11-22
| Design State : Routed
------------------------------------------------------------------------------------------------------------------------------------------------------------------------------------------------------------------------------------------------------------

Timing Summary Report

------------------------------------------------------------------------------------------------
| Timer Settings
| --------------
------------------------------------------------------------------------------------------------

  Enable Multi Corner Analysis               :  Yes
  Enable Pessimism Removal                   :  Yes
  Pessimism Removal Resolution               :  Nearest Common Node
  Enable Input Delay Default Clock           :  No
  Enable Preset / Clear Arcs                 :  No
  Disable Flight Delays                      :  No
  Ignore I/O Paths                           :  No
  Timing Early Launch at Borrowing Latches   :  No
  Borrow Time for Max Delay Exceptions       :  Yes
  Merge Timing Exceptions                    :  Yes
  Inter-SLR Compensation                     :  Conservative

  Corner  Analyze    Analyze    
  Name    Max Paths  Min Paths  
  ------  ---------  ---------  
  Slow    Yes        Yes        
  Fast    Yes        Yes        


------------------------------------------------------------------------------------------------
| Report Methodology
| ------------------
------------------------------------------------------------------------------------------------

Rule     Severity  Description                   Violations  
-------  --------  ----------------------------  ----------  
DPIR-1   Warning   Asynchronous driver check     40          
LUTAR-1  Warning   LUT drives async reset alert  4           

Note: This report is based on the most recent report_methodology run and may not be up-to-date. Run report_methodology on the current design for the latest report.



check_timing report

Table of Contents
-----------------
1. checking no_clock (0)
2. checking constant_clock (0)
3. checking pulse_width_clock (0)
4. checking unconstrained_internal_endpoints (0)
5. checking no_input_delay (0)
6. checking no_output_delay (0)
7. checking multiple_clock (0)
8. checking generated_clocks (0)
9. checking loops (0)
10. checking partial_input_delay (0)
11. checking partial_output_delay (0)
12. checking latch_loops (0)

1. checking no_clock (0)
------------------------
 There are 0 register/latch pins with no clock.


2. checking constant_clock (0)
------------------------------
 There are 0 register/latch pins with constant_clock.


3. checking pulse_width_clock (0)
---------------------------------
 There are 0 register/latch pins which need pulse_width check


4. checking unconstrained_internal_endpoints (0)
------------------------------------------------
 There are 0 pins that are not constrained for maximum delay.

 There are 0 pins that are not constrained for maximum delay due to constant clock.


5. checking no_input_delay (0)
------------------------------
 There are 0 input ports with no input delay specified.

 There are 0 input ports with no input delay but user has a false path constraint.


6. checking no_output_delay (0)
-------------------------------
 There are 0 ports with no output delay specified.

 There are 0 ports with no output delay but user has a false path constraint

 There are 0 ports with no output delay but with a timing clock defined on it or propagating through it


7. checking multiple_clock (0)
------------------------------
 There are 0 register/latch pins with multiple clocks.


8. checking generated_clocks (0)
--------------------------------
 There are 0 generated clocks that are not connected to a clock source.


9. checking loops (0)
---------------------
 There are 0 combinational loops in the design.


10. checking partial_input_delay (0)
------------------------------------
 There are 0 input ports with partial input delay specified.


11. checking partial_output_delay (0)
-------------------------------------
 There are 0 ports with partial output delay specified.


12. checking latch_loops (0)
----------------------------
 There are 0 combinational latch loops in the design through latch input



------------------------------------------------------------------------------------------------
| Design Timing Summary
| ---------------------
------------------------------------------------------------------------------------------------

    WNS(ns)      TNS(ns)  TNS Failing Endpoints  TNS Total Endpoints      WHS(ns)      THS(ns)  THS Failing Endpoints  THS Total Endpoints     WPWS(ns)     TPWS(ns)  TPWS Failing Endpoints  TPWS Total Endpoints  
    -------      -------  ---------------------  -------------------      -------      -------  ---------------------  -------------------     --------     --------  ----------------------  --------------------  
      1.876        0.000                      0                42140        0.033        0.000                      0                42140        8.750        0.000                       0                 19620  


All user specified timing constraints are met.


------------------------------------------------------------------------------------------------
| Clock Summary
| -------------
------------------------------------------------------------------------------------------------

Clock       Waveform(ns)       Period(ns)      Frequency(MHz)
-----       ------------       ----------      --------------
clk_fpga_0  {0.000 10.000}     20.000          50.000          


------------------------------------------------------------------------------------------------
| Intra Clock Table
| -----------------
------------------------------------------------------------------------------------------------

Clock             WNS(ns)      TNS(ns)  TNS Failing Endpoints  TNS Total Endpoints      WHS(ns)      THS(ns)  THS Failing Endpoints  THS Total Endpoints     WPWS(ns)     TPWS(ns)  TPWS Failing Endpoints  TPWS Total Endpoints  
-----             -------      -------  ---------------------  -------------------      -------      -------  ---------------------  -------------------     --------     --------  ----------------------  --------------------  
clk_fpga_0          1.876        0.000                      0                23480        0.033        0.000                      0                23480        8.750        0.000                       0                 19620  


------------------------------------------------------------------------------------------------
| Inter Clock Table
| -----------------
------------------------------------------------------------------------------------------------

From Clock    To Clock          WNS(ns)      TNS(ns)  TNS Failing Endpoints  TNS Total Endpoints      WHS(ns)      THS(ns)  THS Failing Endpoints  THS Total Endpoints  
----------    --------          -------      -------  ---------------------  -------------------      -------      -------  ---------------------  -------------------  


------------------------------------------------------------------------------------------------
| Other Path Groups Table
| -----------------------
------------------------------------------------------------------------------------------------

Path Group         From Clock         To Clock               WNS(ns)      TNS(ns)  TNS Failing Endpoints  TNS Total Endpoints      WHS(ns)      THS(ns)  THS Failing Endpoints  THS Total Endpoints  
----------         ----------         --------               -------      -------  ---------------------  -------------------      -------      -------  ---------------------  -------------------  
**async_default**  clk_fpga_0         clk_fpga_0               8.756        0.000                      0                18660        0.634        0.000                      0                18660  


------------------------------------------------------------------------------------------------
| User Ignored Path Table
| -----------------------
------------------------------------------------------------------------------------------------

Path Group    From Clock    To Clock    
----------    ----------    --------    
(none)                      clk_fpga_0    
(none)        clk_fpga_0    clk_fpga_0    


------------------------------------------------------------------------------------------------
| Unconstrained Path Table
| ------------------------
------------------------------------------------------------------------------------------------

Path Group    From Clock    To Clock    
----------    ----------    --------    


------------------------------------------------------------------------------------------------
| Timing Details
| --------------
------------------------------------------------------------------------------------------------


---------------------------------------------------------------------------------------------------
From Clock:  clk_fpga_0
  To Clock:  clk_fpga_0

Setup :            0  Failing Endpoints,  Worst Slack        1.876ns,  Total Violation        0.000ns
Hold  :            0  Failing Endpoints,  Worst Slack        0.033ns,  Total Violation        0.000ns
PW    :            0  Failing Endpoints,  Worst Slack        8.750ns,  Total Violation        0.000ns
---------------------------------------------------------------------------------------------------


Max Delay Paths
--------------------------------------------------------------------------------------
Slack (MET) :             1.876ns  (required time - arrival time)
  Source:                 design_1_i/kv_cache_axi_wrapper_0/inst/u_kv_core/gen_bram_way[3].tag_mem_reg/CLKARDCLK
                            (rising edge-triggered cell RAMB18E1 clocked by clk_fpga_0  {rise@0.000ns fall@10.000ns period=20.000ns})
  Destination:            design_1_i/kv_cache_axi_wrapper_0/inst/u_kv_core/gen_set[13].u_set/dirty_reg_reg[5]/D
                            (rising edge-triggered cell FDCE clocked by clk_fpga_0  {rise@0.000ns fall@10.000ns period=20.000ns})
  Path Group:             clk_fpga_0
  Path Type:              Setup (Max at Slow Process Corner)
  Requirement:            20.000ns  (clk_fpga_0 rise@20.000ns - clk_fpga_0 rise@0.000ns)
  Data Path Delay:        17.730ns  (logic 6.412ns (36.164%)  route 11.318ns (63.836%))
  Logic Levels:           17  (CARRY4=6 LUT2=1 LUT3=4 LUT4=1 LUT5=1 LUT6=4)
  Clock Path Skew:        -0.122ns (DCD - SCD + CPR)
    Destination Clock Delay (DCD):    2.733ns = ( 22.733 - 20.000 ) 
    Source Clock Delay      (SCD):    2.970ns
    Clock Pessimism Removal (CPR):    0.115ns
  Clock Uncertainty:      0.302ns  ((TSJ^2 + TIJ^2)^1/2 + DJ) / 2 + PE
    Total System Jitter     (TSJ):    0.071ns
    Total Input Jitter      (TIJ):    0.600ns
    Discrete Jitter          (DJ):    0.000ns
    Phase Error              (PE):    0.000ns

    Location             Delay type                Incr(ns)  Path(ns)    Netlist Resource(s)
  -------------------------------------------------------------------    -------------------
                         (clock clk_fpga_0 rise edge)
                                                      0.000     0.000 r  
    PS7_X0Y0             PS7                          0.000     0.000 r  design_1_i/processing_system7_0/inst/PS7_i/FCLKCLK[0]
                         net (fo=1, routed)           1.193     1.193    design_1_i/processing_system7_0/inst/FCLK_CLK_unbuffered[0]
    BUFGCTRL_X0Y16       BUFG (Prop_bufg_I_O)         0.101     1.294 r  design_1_i/processing_system7_0/inst/buffer_fclk_clk_0.FCLK_CLK_0_BUFG/O
                         net (fo=19621, routed)       1.676     2.970    design_1_i/kv_cache_axi_wrapper_0/inst/u_kv_core/clk
    RAMB18_X2Y29         RAMB18E1                                     r  design_1_i/kv_cache_axi_wrapper_0/inst/u_kv_core/gen_bram_way[3].tag_mem_reg/CLKARDCLK
  -------------------------------------------------------------------    -------------------
    RAMB18_X2Y29         RAMB18E1 (Prop_ramb18e1_CLKARDCLK_DOADO[1])
                                                      2.454     5.424 r  design_1_i/kv_cache_axi_wrapper_0/inst/u_kv_core/gen_bram_way[3].tag_mem_reg/DOADO[1]
                         net (fo=3, routed)           0.999     6.423    design_1_i/kv_cache_axi_wrapper_0/inst/u_kv_core/u_codec_v/gen_bram_way[3].rd_tag_reg[3]_371[1]
    SLICE_X34Y66         LUT2 (Prop_lut2_I1_O)        0.124     6.547 r  design_1_i/kv_cache_axi_wrapper_0/inst/u_kv_core/u_codec_v/m_axi_awaddr[22]_i_236/O
                         net (fo=1, routed)           0.000     6.547    design_1_i/kv_cache_axi_wrapper_0/inst/u_kv_core/u_codec_v/m_axi_awaddr[22]_i_236_n_0
    SLICE_X34Y66         CARRY4 (Prop_carry4_S[1]_CO[3])
                                                      0.533     7.080 r  design_1_i/kv_cache_axi_wrapper_0/inst/u_kv_core/u_codec_v/m_axi_awaddr_reg[22]_i_137/CO[3]
                         net (fo=1, routed)           0.000     7.080    design_1_i/kv_cache_axi_wrapper_0/inst/u_kv_core/u_codec_v/m_axi_awaddr_reg[22]_i_137_n_0
    SLICE_X34Y67         CARRY4 (Prop_carry4_CI_CO[3])
                                                      0.117     7.197 r  design_1_i/kv_cache_axi_wrapper_0/inst/u_kv_core/u_codec_v/m_axi_awaddr_reg[22]_i_91/CO[3]
                         net (fo=1, routed)           0.000     7.197    design_1_i/kv_cache_axi_wrapper_0/inst/u_kv_core/u_codec_v/m_axi_awaddr_reg[22]_i_91_n_0
    SLICE_X34Y68         CARRY4 (Prop_carry4_CI_O[1])
                                                      0.323     7.520 r  design_1_i/kv_cache_axi_wrapper_0/inst/u_kv_core/u_codec_v/m_axi_awaddr_reg[22]_i_73/O[1]
                         net (fo=2, routed)           0.806     8.326    design_1_i/kv_cache_axi_wrapper_0/inst/u_kv_core/u_codec_v/final_victim66_out[9]
    SLICE_X34Y70         LUT4 (Prop_lut4_I0_O)        0.306     8.632 r  design_1_i/kv_cache_axi_wrapper_0/inst/u_kv_core/u_codec_v/m_axi_awaddr[22]_i_136/O
                         net (fo=1, routed)           0.000     8.632    design_1_i/kv_cache_axi_wrapper_0/inst/u_kv_core/u_codec_v/m_axi_awaddr[22]_i_136_n_0
    SLICE_X34Y70         CARRY4 (Prop_carry4_S[0]_CO[3])
                                                      0.513     9.145 r  design_1_i/kv_cache_axi_wrapper_0/inst/u_kv_core/u_codec_v/m_axi_awaddr_reg[22]_i_90/CO[3]
                         net (fo=1, routed)           0.000     9.145    design_1_i/kv_cache_axi_wrapper_0/inst/u_kv_core/u_codec_v/m_axi_awaddr_reg[22]_i_90_n_0
    SLICE_X34Y71         CARRY4 (Prop_carry4_CI_CO[3])
                                                      0.117     9.262 r  design_1_i/kv_cache_axi_wrapper_0/inst/u_kv_core/u_codec_v/m_axi_awaddr_reg[22]_i_72/CO[3]
                         net (fo=1, routed)           0.000     9.262    design_1_i/kv_cache_axi_wrapper_0/inst/u_kv_core/u_codec_v/m_axi_awaddr_reg[22]_i_72_n_0
    SLICE_X34Y72         CARRY4 (Prop_carry4_CI_CO[3])
                                                      0.117     9.379 r  design_1_i/kv_cache_axi_wrapper_0/inst/u_kv_core/u_codec_v/m_axi_awaddr_reg[22]_i_61/CO[3]
                         net (fo=3, routed)           1.297    10.676    design_1_i/kv_cache_axi_wrapper_0/inst/u_kv_core/u_codec_v/CO[0]
    SLICE_X43Y65         LUT3 (Prop_lut3_I1_O)        0.150    10.826 r  design_1_i/kv_cache_axi_wrapper_0/inst/u_kv_core/u_codec_v/m_axi_awaddr[22]_i_43/O
                         net (fo=4, routed)           0.614    11.440    design_1_i/kv_cache_axi_wrapper_0/inst/u_kv_core/u_codec_v/slv_reg7_reg[31]
    SLICE_X44Y65         LUT6 (Prop_lut6_I5_O)        0.326    11.766 f  design_1_i/kv_cache_axi_wrapper_0/inst/u_kv_core/u_codec_v/m_axi_awaddr[22]_i_48/O
                         net (fo=2, routed)           0.667    12.433    design_1_i/kv_cache_axi_wrapper_0/inst/u_kv_core/u_codec_k/m_axi_awaddr[22]_i_13
    SLICE_X45Y65         LUT3 (Prop_lut3_I2_O)        0.152    12.585 f  design_1_i/kv_cache_axi_wrapper_0/inst/u_kv_core/u_codec_k/m_axi_awaddr[22]_i_32/O
                         net (fo=5, routed)           0.834    13.418    design_1_i/kv_cache_axi_wrapper_0/inst/u_kv_core/u_codec_k/cur_raw_victim_reg[2]_1
    SLICE_X46Y65         LUT6 (Prop_lut6_I2_O)        0.326    13.744 r  design_1_i/kv_cache_axi_wrapper_0/inst/u_kv_core/u_codec_k/m_axi_awaddr[22]_i_17/O
                         net (fo=1, routed)           0.590    14.334    design_1_i/kv_cache_axi_wrapper_0/inst/u_kv_core/u_codec_k/m_axi_awaddr[22]_i_17_n_0
    SLICE_X46Y64         LUT6 (Prop_lut6_I3_O)        0.124    14.458 r  design_1_i/kv_cache_axi_wrapper_0/inst/u_kv_core/u_codec_k/m_axi_awaddr[22]_i_7/O
                         net (fo=176, routed)         1.420    15.879    design_1_i/kv_cache_axi_wrapper_0/inst/u_kv_core/gen_set[352].u_set/u_plru/valid_reg_reg[4]_0
    SLICE_X40Y42         LUT3 (Prop_lut3_I2_O)        0.124    16.003 f  design_1_i/kv_cache_axi_wrapper_0/inst/u_kv_core/gen_set[352].u_set/u_plru/valid_reg[7]_i_2__0/O
                         net (fo=943, routed)         1.868    17.871    design_1_i/kv_cache_axi_wrapper_0/inst/u_kv_core/u_codec_k/final_wr_way[1]
    SLICE_X56Y12         LUT6 (Prop_lut6_I1_O)        0.124    17.995 f  design_1_i/kv_cache_axi_wrapper_0/inst/u_kv_core/u_codec_k/dirty_reg[6]_i_3__2/O
                         net (fo=168, routed)         1.532    19.526    design_1_i/kv_cache_axi_wrapper_0/inst/u_kv_core/u_codec_k/dirty_reg[6]_i_3__2_n_0
    SLICE_X79Y13         LUT3 (Prop_lut3_I2_O)        0.150    19.676 r  design_1_i/kv_cache_axi_wrapper_0/inst/u_kv_core/u_codec_k/dirty_reg[5]_i_2/O
                         net (fo=23, routed)          0.693    20.369    design_1_i/kv_cache_axi_wrapper_0/inst/u_kv_core/u_codec_k/dirty_reg[5]_i_2_n_0
    SLICE_X79Y16         LUT5 (Prop_lut5_I3_O)        0.332    20.701 r  design_1_i/kv_cache_axi_wrapper_0/inst/u_kv_core/u_codec_k/dirty_reg[5]_i_1__175/O
                         net (fo=1, routed)           0.000    20.701    design_1_i/kv_cache_axi_wrapper_0/inst/u_kv_core/gen_set[13].u_set/dirty_reg_reg[5]_0
    SLICE_X79Y16         FDCE                                         r  design_1_i/kv_cache_axi_wrapper_0/inst/u_kv_core/gen_set[13].u_set/dirty_reg_reg[5]/D
  -------------------------------------------------------------------    -------------------

                         (clock clk_fpga_0 rise edge)
                                                     20.000    20.000 r  
    PS7_X0Y0             PS7                          0.000    20.000 r  design_1_i/processing_system7_0/inst/PS7_i/FCLKCLK[0]
                         net (fo=1, routed)           1.088    21.088    design_1_i/processing_system7_0/inst/FCLK_CLK_unbuffered[0]
    BUFGCTRL_X0Y16       BUFG (Prop_bufg_I_O)         0.091    21.179 r  design_1_i/processing_system7_0/inst/buffer_fclk_clk_0.FCLK_CLK_0_BUFG/O
                         net (fo=19621, routed)       1.554    22.733    design_1_i/kv_cache_axi_wrapper_0/inst/u_kv_core/gen_set[13].u_set/clk
    SLICE_X79Y16         FDCE                                         r  design_1_i/kv_cache_axi_wrapper_0/inst/u_kv_core/gen_set[13].u_set/dirty_reg_reg[5]/C
                         clock pessimism              0.115    22.848    
                         clock uncertainty           -0.302    22.546    
    SLICE_X79Y16         FDCE (Setup_fdce_C_D)        0.031    22.577    design_1_i/kv_cache_axi_wrapper_0/inst/u_kv_core/gen_set[13].u_set/dirty_reg_reg[5]
  -------------------------------------------------------------------
                         required time                         22.577    
                         arrival time                         -20.701    
  -------------------------------------------------------------------
                         slack                                  1.876    

Slack (MET) :             1.880ns  (required time - arrival time)
  Source:                 design_1_i/kv_cache_axi_wrapper_0/inst/u_kv_core/gen_bram_way[3].tag_mem_reg/CLKARDCLK
                            (rising edge-triggered cell RAMB18E1 clocked by clk_fpga_0  {rise@0.000ns fall@10.000ns period=20.000ns})
  Destination:            design_1_i/kv_cache_axi_wrapper_0/inst/u_kv_core/gen_set[12].u_set/dirty_reg_reg[5]/D
                            (rising edge-triggered cell FDCE clocked by clk_fpga_0  {rise@0.000ns fall@10.000ns period=20.000ns})
  Path Group:             clk_fpga_0
  Path Type:              Setup (Max at Slow Process Corner)
  Requirement:            20.000ns  (clk_fpga_0 rise@20.000ns - clk_fpga_0 rise@0.000ns)
  Data Path Delay:        17.729ns  (logic 6.412ns (36.168%)  route 11.317ns (63.832%))
  Logic Levels:           17  (CARRY4=6 LUT2=1 LUT3=4 LUT4=1 LUT5=1 LUT6=4)
  Clock Path Skew:        -0.120ns (DCD - SCD + CPR)
    Destination Clock Delay (DCD):    2.735ns = ( 22.736 - 20.000 ) 
    Source Clock Delay      (SCD):    2.970ns
    Clock Pessimism Removal (CPR):    0.115ns
  Clock Uncertainty:      0.302ns  ((TSJ^2 + TIJ^2)^1/2 + DJ) / 2 + PE
    Total System Jitter     (TSJ):    0.071ns
    Total Input Jitter      (TIJ):    0.600ns
    Discrete Jitter          (DJ):    0.000ns
    Phase Error              (PE):    0.000ns

    Location             Delay type                Incr(ns)  Path(ns)    Netlist Resource(s)
  -------------------------------------------------------------------    -------------------
                         (clock clk_fpga_0 rise edge)
                                                      0.000     0.000 r  
    PS7_X0Y0             PS7                          0.000     0.000 r  design_1_i/processing_system7_0/inst/PS7_i/FCLKCLK[0]
                         net (fo=1, routed)           1.193     1.193    design_1_i/processing_system7_0/inst/FCLK_CLK_unbuffered[0]
    BUFGCTRL_X0Y16       BUFG (Prop_bufg_I_O)         0.101     1.294 r  design_1_i/processing_system7_0/inst/buffer_fclk_clk_0.FCLK_CLK_0_BUFG/O
                         net (fo=19621, routed)       1.676     2.970    design_1_i/kv_cache_axi_wrapper_0/inst/u_kv_core/clk
    RAMB18_X2Y29         RAMB18E1                                     r  design_1_i/kv_cache_axi_wrapper_0/inst/u_kv_core/gen_bram_way[3].tag_mem_reg/CLKARDCLK
  -------------------------------------------------------------------    -------------------
    RAMB18_X2Y29         RAMB18E1 (Prop_ramb18e1_CLKARDCLK_DOADO[1])
                                                      2.454     5.424 r  design_1_i/kv_cache_axi_wrapper_0/inst/u_kv_core/gen_bram_way[3].tag_mem_reg/DOADO[1]
                         net (fo=3, routed)           0.999     6.423    design_1_i/kv_cache_axi_wrapper_0/inst/u_kv_core/u_codec_v/gen_bram_way[3].rd_tag_reg[3]_371[1]
    SLICE_X34Y66         LUT2 (Prop_lut2_I1_O)        0.124     6.547 r  design_1_i/kv_cache_axi_wrapper_0/inst/u_kv_core/u_codec_v/m_axi_awaddr[22]_i_236/O
                         net (fo=1, routed)           0.000     6.547    design_1_i/kv_cache_axi_wrapper_0/inst/u_kv_core/u_codec_v/m_axi_awaddr[22]_i_236_n_0
    SLICE_X34Y66         CARRY4 (Prop_carry4_S[1]_CO[3])
                                                      0.533     7.080 r  design_1_i/kv_cache_axi_wrapper_0/inst/u_kv_core/u_codec_v/m_axi_awaddr_reg[22]_i_137/CO[3]
                         net (fo=1, routed)           0.000     7.080    design_1_i/kv_cache_axi_wrapper_0/inst/u_kv_core/u_codec_v/m_axi_awaddr_reg[22]_i_137_n_0
    SLICE_X34Y67         CARRY4 (Prop_carry4_CI_CO[3])
                                                      0.117     7.197 r  design_1_i/kv_cache_axi_wrapper_0/inst/u_kv_core/u_codec_v/m_axi_awaddr_reg[22]_i_91/CO[3]
                         net (fo=1, routed)           0.000     7.197    design_1_i/kv_cache_axi_wrapper_0/inst/u_kv_core/u_codec_v/m_axi_awaddr_reg[22]_i_91_n_0
    SLICE_X34Y68         CARRY4 (Prop_carry4_CI_O[1])
                                                      0.323     7.520 r  design_1_i/kv_cache_axi_wrapper_0/inst/u_kv_core/u_codec_v/m_axi_awaddr_reg[22]_i_73/O[1]
                         net (fo=2, routed)           0.806     8.326    design_1_i/kv_cache_axi_wrapper_0/inst/u_kv_core/u_codec_v/final_victim66_out[9]
    SLICE_X34Y70         LUT4 (Prop_lut4_I0_O)        0.306     8.632 r  design_1_i/kv_cache_axi_wrapper_0/inst/u_kv_core/u_codec_v/m_axi_awaddr[22]_i_136/O
                         net (fo=1, routed)           0.000     8.632    design_1_i/kv_cache_axi_wrapper_0/inst/u_kv_core/u_codec_v/m_axi_awaddr[22]_i_136_n_0
    SLICE_X34Y70         CARRY4 (Prop_carry4_S[0]_CO[3])
                                                      0.513     9.145 r  design_1_i/kv_cache_axi_wrapper_0/inst/u_kv_core/u_codec_v/m_axi_awaddr_reg[22]_i_90/CO[3]
                         net (fo=1, routed)           0.000     9.145    design_1_i/kv_cache_axi_wrapper_0/inst/u_kv_core/u_codec_v/m_axi_awaddr_reg[22]_i_90_n_0
    SLICE_X34Y71         CARRY4 (Prop_carry4_CI_CO[3])
                                                      0.117     9.262 r  design_1_i/kv_cache_axi_wrapper_0/inst/u_kv_core/u_codec_v/m_axi_awaddr_reg[22]_i_72/CO[3]
                         net (fo=1, routed)           0.000     9.262    design_1_i/kv_cache_axi_wrapper_0/inst/u_kv_core/u_codec_v/m_axi_awaddr_reg[22]_i_72_n_0
    SLICE_X34Y72         CARRY4 (Prop_carry4_CI_CO[3])
                                                      0.117     9.379 r  design_1_i/kv_cache_axi_wrapper_0/inst/u_kv_core/u_codec_v/m_axi_awaddr_reg[22]_i_61/CO[3]
                         net (fo=3, routed)           1.297    10.676    design_1_i/kv_cache_axi_wrapper_0/inst/u_kv_core/u_codec_v/CO[0]
    SLICE_X43Y65         LUT3 (Prop_lut3_I1_O)        0.150    10.826 r  design_1_i/kv_cache_axi_wrapper_0/inst/u_kv_core/u_codec_v/m_axi_awaddr[22]_i_43/O
                         net (fo=4, routed)           0.614    11.440    design_1_i/kv_cache_axi_wrapper_0/inst/u_kv_core/u_codec_v/slv_reg7_reg[31]
    SLICE_X44Y65         LUT6 (Prop_lut6_I5_O)        0.326    11.766 f  design_1_i/kv_cache_axi_wrapper_0/inst/u_kv_core/u_codec_v/m_axi_awaddr[22]_i_48/O
                         net (fo=2, routed)           0.667    12.433    design_1_i/kv_cache_axi_wrapper_0/inst/u_kv_core/u_codec_k/m_axi_awaddr[22]_i_13
    SLICE_X45Y65         LUT3 (Prop_lut3_I2_O)        0.152    12.585 f  design_1_i/kv_cache_axi_wrapper_0/inst/u_kv_core/u_codec_k/m_axi_awaddr[22]_i_32/O
                         net (fo=5, routed)           0.834    13.418    design_1_i/kv_cache_axi_wrapper_0/inst/u_kv_core/u_codec_k/cur_raw_victim_reg[2]_1
    SLICE_X46Y65         LUT6 (Prop_lut6_I2_O)        0.326    13.744 r  design_1_i/kv_cache_axi_wrapper_0/inst/u_kv_core/u_codec_k/m_axi_awaddr[22]_i_17/O
                         net (fo=1, routed)           0.590    14.334    design_1_i/kv_cache_axi_wrapper_0/inst/u_kv_core/u_codec_k/m_axi_awaddr[22]_i_17_n_0
    SLICE_X46Y64         LUT6 (Prop_lut6_I3_O)        0.124    14.458 r  design_1_i/kv_cache_axi_wrapper_0/inst/u_kv_core/u_codec_k/m_axi_awaddr[22]_i_7/O
                         net (fo=176, routed)         1.420    15.879    design_1_i/kv_cache_axi_wrapper_0/inst/u_kv_core/gen_set[352].u_set/u_plru/valid_reg_reg[4]_0
    SLICE_X40Y42         LUT3 (Prop_lut3_I2_O)        0.124    16.003 f  design_1_i/kv_cache_axi_wrapper_0/inst/u_kv_core/gen_set[352].u_set/u_plru/valid_reg[7]_i_2__0/O
                         net (fo=943, routed)         1.868    17.871    design_1_i/kv_cache_axi_wrapper_0/inst/u_kv_core/u_codec_k/final_wr_way[1]
    SLICE_X56Y12         LUT6 (Prop_lut6_I1_O)        0.124    17.995 f  design_1_i/kv_cache_axi_wrapper_0/inst/u_kv_core/u_codec_k/dirty_reg[6]_i_3__2/O
                         net (fo=168, routed)         1.532    19.526    design_1_i/kv_cache_axi_wrapper_0/inst/u_kv_core/u_codec_k/dirty_reg[6]_i_3__2_n_0
    SLICE_X79Y13         LUT3 (Prop_lut3_I2_O)        0.150    19.676 r  design_1_i/kv_cache_axi_wrapper_0/inst/u_kv_core/u_codec_k/dirty_reg[5]_i_2/O
                         net (fo=23, routed)          0.691    20.367    design_1_i/kv_cache_axi_wrapper_0/inst/u_kv_core/u_codec_k/dirty_reg[5]_i_2_n_0
    SLICE_X80Y15         LUT5 (Prop_lut5_I3_O)        0.332    20.699 r  design_1_i/kv_cache_axi_wrapper_0/inst/u_kv_core/u_codec_k/dirty_reg[5]_i_1__176/O
                         net (fo=1, routed)           0.000    20.699    design_1_i/kv_cache_axi_wrapper_0/inst/u_kv_core/gen_set[12].u_set/dirty_reg_reg[5]_0
    SLICE_X80Y15         FDCE                                         r  design_1_i/kv_cache_axi_wrapper_0/inst/u_kv_core/gen_set[12].u_set/dirty_reg_reg[5]/D
  -------------------------------------------------------------------    -------------------

                         (clock clk_fpga_0 rise edge)
                                                     20.000    20.000 r  
    PS7_X0Y0             PS7                          0.000    20.000 r  design_1_i/processing_system7_0/inst/PS7_i/FCLKCLK[0]
                         net (fo=1, routed)           1.088    21.088    design_1_i/processing_system7_0/inst/FCLK_CLK_unbuffered[0]
    BUFGCTRL_X0Y16       BUFG (Prop_bufg_I_O)         0.091    21.179 r  design_1_i/processing_system7_0/inst/buffer_fclk_clk_0.FCLK_CLK_0_BUFG/O
                         net (fo=19621, routed)       1.556    22.736    design_1_i/kv_cache_axi_wrapper_0/inst/u_kv_core/gen_set[12].u_set/clk
    SLICE_X80Y15         FDCE                                         r  design_1_i/kv_cache_axi_wrapper_0/inst/u_kv_core/gen_set[12].u_set/dirty_reg_reg[5]/C
                         clock pessimism              0.115    22.850    
                         clock uncertainty           -0.302    22.548    
    SLICE_X80Y15         FDCE (Setup_fdce_C_D)        0.031    22.579    design_1_i/kv_cache_axi_wrapper_0/inst/u_kv_core/gen_set[12].u_set/dirty_reg_reg[5]
  -------------------------------------------------------------------
                         required time                         22.579    
                         arrival time                         -20.699    
  -------------------------------------------------------------------
                         slack                                  1.880    

Slack (MET) :             1.904ns  (required time - arrival time)
  Source:                 design_1_i/kv_cache_axi_wrapper_0/inst/u_kv_core/gen_bram_way[3].tag_mem_reg/CLKARDCLK
                            (rising edge-triggered cell RAMB18E1 clocked by clk_fpga_0  {rise@0.000ns fall@10.000ns period=20.000ns})
  Destination:            design_1_i/kv_cache_axi_wrapper_0/inst/u_kv_core/gen_set[14].u_set/dirty_reg_reg[5]/D
                            (rising edge-triggered cell FDCE clocked by clk_fpga_0  {rise@0.000ns fall@10.000ns period=20.000ns})
  Path Group:             clk_fpga_0
  Path Type:              Setup (Max at Slow Process Corner)
  Requirement:            20.000ns  (clk_fpga_0 rise@20.000ns - clk_fpga_0 rise@0.000ns)
  Data Path Delay:        17.700ns  (logic 6.412ns (36.225%)  route 11.288ns (63.775%))
  Logic Levels:           17  (CARRY4=6 LUT2=1 LUT3=4 LUT4=1 LUT5=1 LUT6=4)
  Clock Path Skew:        -0.122ns (DCD - SCD + CPR)
    Destination Clock Delay (DCD):    2.733ns = ( 22.733 - 20.000 ) 
    Source Clock Delay      (SCD):    2.970ns
    Clock Pessimism Removal (CPR):    0.115ns
  Clock Uncertainty:      0.302ns  ((TSJ^2 + TIJ^2)^1/2 + DJ) / 2 + PE
    Total System Jitter     (TSJ):    0.071ns
    Total Input Jitter      (TIJ):    0.600ns
    Discrete Jitter          (DJ):    0.000ns
    Phase Error              (PE):    0.000ns

    Location             Delay type                Incr(ns)  Path(ns)    Netlist Resource(s)
  -------------------------------------------------------------------    -------------------
                         (clock clk_fpga_0 rise edge)
                                                      0.000     0.000 r  
    PS7_X0Y0             PS7                          0.000     0.000 r  design_1_i/processing_system7_0/inst/PS7_i/FCLKCLK[0]
                         net (fo=1, routed)           1.193     1.193    design_1_i/processing_system7_0/inst/FCLK_CLK_unbuffered[0]
    BUFGCTRL_X0Y16       BUFG (Prop_bufg_I_O)         0.101     1.294 r  design_1_i/processing_system7_0/inst/buffer_fclk_clk_0.FCLK_CLK_0_BUFG/O
                         net (fo=19621, routed)       1.676     2.970    design_1_i/kv_cache_axi_wrapper_0/inst/u_kv_core/clk
    RAMB18_X2Y29         RAMB18E1                                     r  design_1_i/kv_cache_axi_wrapper_0/inst/u_kv_core/gen_bram_way[3].tag_mem_reg/CLKARDCLK
  -------------------------------------------------------------------    -------------------
    RAMB18_X2Y29         RAMB18E1 (Prop_ramb18e1_CLKARDCLK_DOADO[1])
                                                      2.454     5.424 r  design_1_i/kv_cache_axi_wrapper_0/inst/u_kv_core/gen_bram_way[3].tag_mem_reg/DOADO[1]
                         net (fo=3, routed)           0.999     6.423    design_1_i/kv_cache_axi_wrapper_0/inst/u_kv_core/u_codec_v/gen_bram_way[3].rd_tag_reg[3]_371[1]
    SLICE_X34Y66         LUT2 (Prop_lut2_I1_O)        0.124     6.547 r  design_1_i/kv_cache_axi_wrapper_0/inst/u_kv_core/u_codec_v/m_axi_awaddr[22]_i_236/O
                         net (fo=1, routed)           0.000     6.547    design_1_i/kv_cache_axi_wrapper_0/inst/u_kv_core/u_codec_v/m_axi_awaddr[22]_i_236_n_0
    SLICE_X34Y66         CARRY4 (Prop_carry4_S[1]_CO[3])
                                                      0.533     7.080 r  design_1_i/kv_cache_axi_wrapper_0/inst/u_kv_core/u_codec_v/m_axi_awaddr_reg[22]_i_137/CO[3]
                         net (fo=1, routed)           0.000     7.080    design_1_i/kv_cache_axi_wrapper_0/inst/u_kv_core/u_codec_v/m_axi_awaddr_reg[22]_i_137_n_0
    SLICE_X34Y67         CARRY4 (Prop_carry4_CI_CO[3])
                                                      0.117     7.197 r  design_1_i/kv_cache_axi_wrapper_0/inst/u_kv_core/u_codec_v/m_axi_awaddr_reg[22]_i_91/CO[3]
                         net (fo=1, routed)           0.000     7.197    design_1_i/kv_cache_axi_wrapper_0/inst/u_kv_core/u_codec_v/m_axi_awaddr_reg[22]_i_91_n_0
    SLICE_X34Y68         CARRY4 (Prop_carry4_CI_O[1])
                                                      0.323     7.520 r  design_1_i/kv_cache_axi_wrapper_0/inst/u_kv_core/u_codec_v/m_axi_awaddr_reg[22]_i_73/O[1]
                         net (fo=2, routed)           0.806     8.326    design_1_i/kv_cache_axi_wrapper_0/inst/u_kv_core/u_codec_v/final_victim66_out[9]
    SLICE_X34Y70         LUT4 (Prop_lut4_I0_O)        0.306     8.632 r  design_1_i/kv_cache_axi_wrapper_0/inst/u_kv_core/u_codec_v/m_axi_awaddr[22]_i_136/O
                         net (fo=1, routed)           0.000     8.632    design_1_i/kv_cache_axi_wrapper_0/inst/u_kv_core/u_codec_v/m_axi_awaddr[22]_i_136_n_0
    SLICE_X34Y70         CARRY4 (Prop_carry4_S[0]_CO[3])
                                                      0.513     9.145 r  design_1_i/kv_cache_axi_wrapper_0/inst/u_kv_core/u_codec_v/m_axi_awaddr_reg[22]_i_90/CO[3]
                         net (fo=1, routed)           0.000     9.145    design_1_i/kv_cache_axi_wrapper_0/inst/u_kv_core/u_codec_v/m_axi_awaddr_reg[22]_i_90_n_0
    SLICE_X34Y71         CARRY4 (Prop_carry4_CI_CO[3])
                                                      0.117     9.262 r  design_1_i/kv_cache_axi_wrapper_0/inst/u_kv_core/u_codec_v/m_axi_awaddr_reg[22]_i_72/CO[3]
                         net (fo=1, routed)           0.000     9.262    design_1_i/kv_cache_axi_wrapper_0/inst/u_kv_core/u_codec_v/m_axi_awaddr_reg[22]_i_72_n_0
    SLICE_X34Y72         CARRY4 (Prop_carry4_CI_CO[3])
                                                      0.117     9.379 r  design_1_i/kv_cache_axi_wrapper_0/inst/u_kv_core/u_codec_v/m_axi_awaddr_reg[22]_i_61/CO[3]
                         net (fo=3, routed)           1.297    10.676    design_1_i/kv_cache_axi_wrapper_0/inst/u_kv_core/u_codec_v/CO[0]
    SLICE_X43Y65         LUT3 (Prop_lut3_I1_O)        0.150    10.826 r  design_1_i/kv_cache_axi_wrapper_0/inst/u_kv_core/u_codec_v/m_axi_awaddr[22]_i_43/O
                         net (fo=4, routed)           0.614    11.440    design_1_i/kv_cache_axi_wrapper_0/inst/u_kv_core/u_codec_v/slv_reg7_reg[31]
    SLICE_X44Y65         LUT6 (Prop_lut6_I5_O)        0.326    11.766 f  design_1_i/kv_cache_axi_wrapper_0/inst/u_kv_core/u_codec_v/m_axi_awaddr[22]_i_48/O
                         net (fo=2, routed)           0.667    12.433    design_1_i/kv_cache_axi_wrapper_0/inst/u_kv_core/u_codec_k/m_axi_awaddr[22]_i_13
    SLICE_X45Y65         LUT3 (Prop_lut3_I2_O)        0.152    12.585 f  design_1_i/kv_cache_axi_wrapper_0/inst/u_kv_core/u_codec_k/m_axi_awaddr[22]_i_32/O
                         net (fo=5, routed)           0.834    13.418    design_1_i/kv_cache_axi_wrapper_0/inst/u_kv_core/u_codec_k/cur_raw_victim_reg[2]_1
    SLICE_X46Y65         LUT6 (Prop_lut6_I2_O)        0.326    13.744 r  design_1_i/kv_cache_axi_wrapper_0/inst/u_kv_core/u_codec_k/m_axi_awaddr[22]_i_17/O
                         net (fo=1, routed)           0.590    14.334    design_1_i/kv_cache_axi_wrapper_0/inst/u_kv_core/u_codec_k/m_axi_awaddr[22]_i_17_n_0
    SLICE_X46Y64         LUT6 (Prop_lut6_I3_O)        0.124    14.458 r  design_1_i/kv_cache_axi_wrapper_0/inst/u_kv_core/u_codec_k/m_axi_awaddr[22]_i_7/O
                         net (fo=176, routed)         1.420    15.879    design_1_i/kv_cache_axi_wrapper_0/inst/u_kv_core/gen_set[352].u_set/u_plru/valid_reg_reg[4]_0
    SLICE_X40Y42         LUT3 (Prop_lut3_I2_O)        0.124    16.003 f  design_1_i/kv_cache_axi_wrapper_0/inst/u_kv_core/gen_set[352].u_set/u_plru/valid_reg[7]_i_2__0/O
                         net (fo=943, routed)         1.868    17.871    design_1_i/kv_cache_axi_wrapper_0/inst/u_kv_core/u_codec_k/final_wr_way[1]
    SLICE_X56Y12         LUT6 (Prop_lut6_I1_O)        0.124    17.995 f  design_1_i/kv_cache_axi_wrapper_0/inst/u_kv_core/u_codec_k/dirty_reg[6]_i_3__2/O
                         net (fo=168, routed)         1.532    19.526    design_1_i/kv_cache_axi_wrapper_0/inst/u_kv_core/u_codec_k/dirty_reg[6]_i_3__2_n_0
    SLICE_X79Y13         LUT3 (Prop_lut3_I2_O)        0.150    19.676 r  design_1_i/kv_cache_axi_wrapper_0/inst/u_kv_core/u_codec_k/dirty_reg[5]_i_2/O
                         net (fo=23, routed)          0.662    20.339    design_1_i/kv_cache_axi_wrapper_0/inst/u_kv_core/u_codec_k/dirty_reg[5]_i_2_n_0
    SLICE_X79Y16         LUT5 (Prop_lut5_I3_O)        0.332    20.671 r  design_1_i/kv_cache_axi_wrapper_0/inst/u_kv_core/u_codec_k/dirty_reg[5]_i_1__174/O
                         net (fo=1, routed)           0.000    20.671    design_1_i/kv_cache_axi_wrapper_0/inst/u_kv_core/gen_set[14].u_set/dirty_reg_reg[5]_0
    SLICE_X79Y16         FDCE                                         r  design_1_i/kv_cache_axi_wrapper_0/inst/u_kv_core/gen_set[14].u_set/dirty_reg_reg[5]/D
  -------------------------------------------------------------------    -------------------

                         (clock clk_fpga_0 rise edge)
                                                     20.000    20.000 r  
    PS7_X0Y0             PS7                          0.000    20.000 r  design_1_i/processing_system7_0/inst/PS7_i/FCLKCLK[0]
                         net (fo=1, routed)           1.088    21.088    design_1_i/processing_system7_0/inst/FCLK_CLK_unbuffered[0]
    BUFGCTRL_X0Y16       BUFG (Prop_bufg_I_O)         0.091    21.179 r  design_1_i/processing_system7_0/inst/buffer_fclk_clk_0.FCLK_CLK_0_BUFG/O
                         net (fo=19621, routed)       1.554    22.733    design_1_i/kv_cache_axi_wrapper_0/inst/u_kv_core/gen_set[14].u_set/clk
    SLICE_X79Y16         FDCE                                         r  design_1_i/kv_cache_axi_wrapper_0/inst/u_kv_core/gen_set[14].u_set/dirty_reg_reg[5]/C
                         clock pessimism              0.115    22.848    
                         clock uncertainty           -0.302    22.546    
    SLICE_X79Y16         FDCE (Setup_fdce_C_D)        0.029    22.575    design_1_i/kv_cache_axi_wrapper_0/inst/u_kv_core/gen_set[14].u_set/dirty_reg_reg[5]
  -------------------------------------------------------------------
                         required time                         22.575    
                         arrival time                         -20.671    
  -------------------------------------------------------------------
                         slack                                  1.904    

Slack (MET) :             1.916ns  (required time - arrival time)
  Source:                 design_1_i/kv_cache_axi_wrapper_0/inst/u_kv_core/gen_bram_way[3].tag_mem_reg/CLKARDCLK
                            (rising edge-triggered cell RAMB18E1 clocked by clk_fpga_0  {rise@0.000ns fall@10.000ns period=20.000ns})
  Destination:            design_1_i/kv_cache_axi_wrapper_0/inst/u_kv_core/gen_set[9].u_set/dirty_reg_reg[5]/D
                            (rising edge-triggered cell FDCE clocked by clk_fpga_0  {rise@0.000ns fall@10.000ns period=20.000ns})
  Path Group:             clk_fpga_0
  Path Type:              Setup (Max at Slow Process Corner)
  Requirement:            20.000ns  (clk_fpga_0 rise@20.000ns - clk_fpga_0 rise@0.000ns)
  Data Path Delay:        17.690ns  (logic 6.412ns (36.246%)  route 11.278ns (63.754%))
  Logic Levels:           17  (CARRY4=6 LUT2=1 LUT3=4 LUT4=1 LUT5=1 LUT6=4)
  Clock Path Skew:        -0.121ns (DCD - SCD + CPR)
    Destination Clock Delay (DCD):    2.734ns = ( 22.735 - 20.000 ) 
    Source Clock Delay      (SCD):    2.970ns
    Clock Pessimism Removal (CPR):    0.115ns
  Clock Uncertainty:      0.302ns  ((TSJ^2 + TIJ^2)^1/2 + DJ) / 2 + PE
    Total System Jitter     (TSJ):    0.071ns
    Total Input Jitter      (TIJ):    0.600ns
    Discrete Jitter          (DJ):    0.000ns
    Phase Error              (PE):    0.000ns

    Location             Delay type                Incr(ns)  Path(ns)    Netlist Resource(s)
  -------------------------------------------------------------------    -------------------
                         (clock clk_fpga_0 rise edge)
                                                      0.000     0.000 r  
    PS7_X0Y0             PS7                          0.000     0.000 r  design_1_i/processing_system7_0/inst/PS7_i/FCLKCLK[0]
                         net (fo=1, routed)           1.193     1.193    design_1_i/processing_system7_0/inst/FCLK_CLK_unbuffered[0]
    BUFGCTRL_X0Y16       BUFG (Prop_bufg_I_O)         0.101     1.294 r  design_1_i/processing_system7_0/inst/buffer_fclk_clk_0.FCLK_CLK_0_BUFG/O
                         net (fo=19621, routed)       1.676     2.970    design_1_i/kv_cache_axi_wrapper_0/inst/u_kv_core/clk
    RAMB18_X2Y29         RAMB18E1                                     r  design_1_i/kv_cache_axi_wrapper_0/inst/u_kv_core/gen_bram_way[3].tag_mem_reg/CLKARDCLK
  -------------------------------------------------------------------    -------------------
    RAMB18_X2Y29         RAMB18E1 (Prop_ramb18e1_CLKARDCLK_DOADO[1])
                                                      2.454     5.424 r  design_1_i/kv_cache_axi_wrapper_0/inst/u_kv_core/gen_bram_way[3].tag_mem_reg/DOADO[1]
                         net (fo=3, routed)           0.999     6.423    design_1_i/kv_cache_axi_wrapper_0/inst/u_kv_core/u_codec_v/gen_bram_way[3].rd_tag_reg[3]_371[1]
    SLICE_X34Y66         LUT2 (Prop_lut2_I1_O)        0.124     6.547 r  design_1_i/kv_cache_axi_wrapper_0/inst/u_kv_core/u_codec_v/m_axi_awaddr[22]_i_236/O
                         net (fo=1, routed)           0.000     6.547    design_1_i/kv_cache_axi_wrapper_0/inst/u_kv_core/u_codec_v/m_axi_awaddr[22]_i_236_n_0
    SLICE_X34Y66         CARRY4 (Prop_carry4_S[1]_CO[3])
                                                      0.533     7.080 r  design_1_i/kv_cache_axi_wrapper_0/inst/u_kv_core/u_codec_v/m_axi_awaddr_reg[22]_i_137/CO[3]
                         net (fo=1, routed)           0.000     7.080    design_1_i/kv_cache_axi_wrapper_0/inst/u_kv_core/u_codec_v/m_axi_awaddr_reg[22]_i_137_n_0
    SLICE_X34Y67         CARRY4 (Prop_carry4_CI_CO[3])
                                                      0.117     7.197 r  design_1_i/kv_cache_axi_wrapper_0/inst/u_kv_core/u_codec_v/m_axi_awaddr_reg[22]_i_91/CO[3]
                         net (fo=1, routed)           0.000     7.197    design_1_i/kv_cache_axi_wrapper_0/inst/u_kv_core/u_codec_v/m_axi_awaddr_reg[22]_i_91_n_0
    SLICE_X34Y68         CARRY4 (Prop_carry4_CI_O[1])
                                                      0.323     7.520 r  design_1_i/kv_cache_axi_wrapper_0/inst/u_kv_core/u_codec_v/m_axi_awaddr_reg[22]_i_73/O[1]
                         net (fo=2, routed)           0.806     8.326    design_1_i/kv_cache_axi_wrapper_0/inst/u_kv_core/u_codec_v/final_victim66_out[9]
    SLICE_X34Y70         LUT4 (Prop_lut4_I0_O)        0.306     8.632 r  design_1_i/kv_cache_axi_wrapper_0/inst/u_kv_core/u_codec_v/m_axi_awaddr[22]_i_136/O
                         net (fo=1, routed)           0.000     8.632    design_1_i/kv_cache_axi_wrapper_0/inst/u_kv_core/u_codec_v/m_axi_awaddr[22]_i_136_n_0
    SLICE_X34Y70         CARRY4 (Prop_carry4_S[0]_CO[3])
                                                      0.513     9.145 r  design_1_i/kv_cache_axi_wrapper_0/inst/u_kv_core/u_codec_v/m_axi_awaddr_reg[22]_i_90/CO[3]
                         net (fo=1, routed)           0.000     9.145    design_1_i/kv_cache_axi_wrapper_0/inst/u_kv_core/u_codec_v/m_axi_awaddr_reg[22]_i_90_n_0
    SLICE_X34Y71         CARRY4 (Prop_carry4_CI_CO[3])
                                                      0.117     9.262 r  design_1_i/kv_cache_axi_wrapper_0/inst/u_kv_core/u_codec_v/m_axi_awaddr_reg[22]_i_72/CO[3]
                         net (fo=1, routed)           0.000     9.262    design_1_i/kv_cache_axi_wrapper_0/inst/u_kv_core/u_codec_v/m_axi_awaddr_reg[22]_i_72_n_0
    SLICE_X34Y72         CARRY4 (Prop_carry4_CI_CO[3])
                                                      0.117     9.379 r  design_1_i/kv_cache_axi_wrapper_0/inst/u_kv_core/u_codec_v/m_axi_awaddr_reg[22]_i_61/CO[3]
                         net (fo=3, routed)           1.297    10.676    design_1_i/kv_cache_axi_wrapper_0/inst/u_kv_core/u_codec_v/CO[0]
    SLICE_X43Y65         LUT3 (Prop_lut3_I1_O)        0.150    10.826 r  design_1_i/kv_cache_axi_wrapper_0/inst/u_kv_core/u_codec_v/m_axi_awaddr[22]_i_43/O
                         net (fo=4, routed)           0.614    11.440    design_1_i/kv_cache_axi_wrapper_0/inst/u_kv_core/u_codec_v/slv_reg7_reg[31]
    SLICE_X44Y65         LUT6 (Prop_lut6_I5_O)        0.326    11.766 f  design_1_i/kv_cache_axi_wrapper_0/inst/u_kv_core/u_codec_v/m_axi_awaddr[22]_i_48/O
                         net (fo=2, routed)           0.667    12.433    design_1_i/kv_cache_axi_wrapper_0/inst/u_kv_core/u_codec_k/m_axi_awaddr[22]_i_13
    SLICE_X45Y65         LUT3 (Prop_lut3_I2_O)        0.152    12.585 f  design_1_i/kv_cache_axi_wrapper_0/inst/u_kv_core/u_codec_k/m_axi_awaddr[22]_i_32/O
                         net (fo=5, routed)           0.834    13.418    design_1_i/kv_cache_axi_wrapper_0/inst/u_kv_core/u_codec_k/cur_raw_victim_reg[2]_1
    SLICE_X46Y65         LUT6 (Prop_lut6_I2_O)        0.326    13.744 r  design_1_i/kv_cache_axi_wrapper_0/inst/u_kv_core/u_codec_k/m_axi_awaddr[22]_i_17/O
                         net (fo=1, routed)           0.590    14.334    design_1_i/kv_cache_axi_wrapper_0/inst/u_kv_core/u_codec_k/m_axi_awaddr[22]_i_17_n_0
    SLICE_X46Y64         LUT6 (Prop_lut6_I3_O)        0.124    14.458 r  design_1_i/kv_cache_axi_wrapper_0/inst/u_kv_core/u_codec_k/m_axi_awaddr[22]_i_7/O
                         net (fo=176, routed)         1.420    15.879    design_1_i/kv_cache_axi_wrapper_0/inst/u_kv_core/gen_set[352].u_set/u_plru/valid_reg_reg[4]_0
    SLICE_X40Y42         LUT3 (Prop_lut3_I2_O)        0.124    16.003 f  design_1_i/kv_cache_axi_wrapper_0/inst/u_kv_core/gen_set[352].u_set/u_plru/valid_reg[7]_i_2__0/O
                         net (fo=943, routed)         1.868    17.871    design_1_i/kv_cache_axi_wrapper_0/inst/u_kv_core/u_codec_k/final_wr_way[1]
    SLICE_X56Y12         LUT6 (Prop_lut6_I1_O)        0.124    17.995 f  design_1_i/kv_cache_axi_wrapper_0/inst/u_kv_core/u_codec_k/dirty_reg[6]_i_3__2/O
                         net (fo=168, routed)         1.532    19.526    design_1_i/kv_cache_axi_wrapper_0/inst/u_kv_core/u_codec_k/dirty_reg[6]_i_3__2_n_0
    SLICE_X79Y13         LUT3 (Prop_lut3_I2_O)        0.150    19.676 r  design_1_i/kv_cache_axi_wrapper_0/inst/u_kv_core/u_codec_k/dirty_reg[5]_i_2/O
                         net (fo=23, routed)          0.652    20.329    design_1_i/kv_cache_axi_wrapper_0/inst/u_kv_core/u_codec_k/dirty_reg[5]_i_2_n_0
    SLICE_X79Y15         LUT5 (Prop_lut5_I3_O)        0.332    20.661 r  design_1_i/kv_cache_axi_wrapper_0/inst/u_kv_core/u_codec_k/dirty_reg[5]_i_1__179/O
                         net (fo=1, routed)           0.000    20.661    design_1_i/kv_cache_axi_wrapper_0/inst/u_kv_core/gen_set[9].u_set/dirty_reg_reg[5]_0
    SLICE_X79Y15         FDCE                                         r  design_1_i/kv_cache_axi_wrapper_0/inst/u_kv_core/gen_set[9].u_set/dirty_reg_reg[5]/D
  -------------------------------------------------------------------    -------------------

                         (clock clk_fpga_0 rise edge)
                                                     20.000    20.000 r  
    PS7_X0Y0             PS7                          0.000    20.000 r  design_1_i/processing_system7_0/inst/PS7_i/FCLKCLK[0]
                         net (fo=1, routed)           1.088    21.088    design_1_i/processing_system7_0/inst/FCLK_CLK_unbuffered[0]
    BUFGCTRL_X0Y16       BUFG (Prop_bufg_I_O)         0.091    21.179 r  design_1_i/processing_system7_0/inst/buffer_fclk_clk_0.FCLK_CLK_0_BUFG/O
                         net (fo=19621, routed)       1.555    22.735    design_1_i/kv_cache_axi_wrapper_0/inst/u_kv_core/gen_set[9].u_set/clk
    SLICE_X79Y15         FDCE                                         r  design_1_i/kv_cache_axi_wrapper_0/inst/u_kv_core/gen_set[9].u_set/dirty_reg_reg[5]/C
                         clock pessimism              0.115    22.849    
                         clock uncertainty           -0.302    22.547    
    SLICE_X79Y15         FDCE (Setup_fdce_C_D)        0.029    22.576    design_1_i/kv_cache_axi_wrapper_0/inst/u_kv_core/gen_set[9].u_set/dirty_reg_reg[5]
  -------------------------------------------------------------------
                         required time                         22.576    
                         arrival time                         -20.661    
  -------------------------------------------------------------------
                         slack                                  1.916    

Slack (MET) :             1.962ns  (required time - arrival time)
  Source:                 design_1_i/kv_cache_axi_wrapper_0/inst/u_kv_core/gen_bram_way[3].tag_mem_reg/CLKARDCLK
                            (rising edge-triggered cell RAMB18E1 clocked by clk_fpga_0  {rise@0.000ns fall@10.000ns period=20.000ns})
  Destination:            design_1_i/kv_cache_axi_wrapper_0/inst/u_kv_core/gen_set[16].u_set/dirty_reg_reg[5]/D
                            (rising edge-triggered cell FDCE clocked by clk_fpga_0  {rise@0.000ns fall@10.000ns period=20.000ns})
  Path Group:             clk_fpga_0
  Path Type:              Setup (Max at Slow Process Corner)
  Requirement:            20.000ns  (clk_fpga_0 rise@20.000ns - clk_fpga_0 rise@0.000ns)
  Data Path Delay:        17.646ns  (logic 6.412ns (36.338%)  route 11.234ns (63.662%))
  Logic Levels:           17  (CARRY4=6 LUT2=1 LUT3=4 LUT4=1 LUT5=1 LUT6=4)
  Clock Path Skew:        -0.122ns (DCD - SCD + CPR)
    Destination Clock Delay (DCD):    2.733ns = ( 22.733 - 20.000 ) 
    Source Clock Delay      (SCD):    2.970ns
    Clock Pessimism Removal (CPR):    0.115ns
  Clock Uncertainty:      0.302ns  ((TSJ^2 + TIJ^2)^1/2 + DJ) / 2 + PE
    Total System Jitter     (TSJ):    0.071ns
    Total Input Jitter      (TIJ):    0.600ns
    Discrete Jitter          (DJ):    0.000ns
    Phase Error              (PE):    0.000ns

    Location             Delay type                Incr(ns)  Path(ns)    Netlist Resource(s)
  -------------------------------------------------------------------    -------------------
                         (clock clk_fpga_0 rise edge)
                                                      0.000     0.000 r  
    PS7_X0Y0             PS7                          0.000     0.000 r  design_1_i/processing_system7_0/inst/PS7_i/FCLKCLK[0]
                         net (fo=1, routed)           1.193     1.193    design_1_i/processing_system7_0/inst/FCLK_CLK_unbuffered[0]
    BUFGCTRL_X0Y16       BUFG (Prop_bufg_I_O)         0.101     1.294 r  design_1_i/processing_system7_0/inst/buffer_fclk_clk_0.FCLK_CLK_0_BUFG/O
                         net (fo=19621, routed)       1.676     2.970    design_1_i/kv_cache_axi_wrapper_0/inst/u_kv_core/clk
    RAMB18_X2Y29         RAMB18E1                                     r  design_1_i/kv_cache_axi_wrapper_0/inst/u_kv_core/gen_bram_way[3].tag_mem_reg/CLKARDCLK
  -------------------------------------------------------------------    -------------------
    RAMB18_X2Y29         RAMB18E1 (Prop_ramb18e1_CLKARDCLK_DOADO[1])
                                                      2.454     5.424 r  design_1_i/kv_cache_axi_wrapper_0/inst/u_kv_core/gen_bram_way[3].tag_mem_reg/DOADO[1]
                         net (fo=3, routed)           0.999     6.423    design_1_i/kv_cache_axi_wrapper_0/inst/u_kv_core/u_codec_v/gen_bram_way[3].rd_tag_reg[3]_371[1]
    SLICE_X34Y66         LUT2 (Prop_lut2_I1_O)        0.124     6.547 r  design_1_i/kv_cache_axi_wrapper_0/inst/u_kv_core/u_codec_v/m_axi_awaddr[22]_i_236/O
                         net (fo=1, routed)           0.000     6.547    design_1_i/kv_cache_axi_wrapper_0/inst/u_kv_core/u_codec_v/m_axi_awaddr[22]_i_236_n_0
    SLICE_X34Y66         CARRY4 (Prop_carry4_S[1]_CO[3])
                                                      0.533     7.080 r  design_1_i/kv_cache_axi_wrapper_0/inst/u_kv_core/u_codec_v/m_axi_awaddr_reg[22]_i_137/CO[3]
                         net (fo=1, routed)           0.000     7.080    design_1_i/kv_cache_axi_wrapper_0/inst/u_kv_core/u_codec_v/m_axi_awaddr_reg[22]_i_137_n_0
    SLICE_X34Y67         CARRY4 (Prop_carry4_CI_CO[3])
                                                      0.117     7.197 r  design_1_i/kv_cache_axi_wrapper_0/inst/u_kv_core/u_codec_v/m_axi_awaddr_reg[22]_i_91/CO[3]
                         net (fo=1, routed)           0.000     7.197    design_1_i/kv_cache_axi_wrapper_0/inst/u_kv_core/u_codec_v/m_axi_awaddr_reg[22]_i_91_n_0
    SLICE_X34Y68         CARRY4 (Prop_carry4_CI_O[1])
                                                      0.323     7.520 r  design_1_i/kv_cache_axi_wrapper_0/inst/u_kv_core/u_codec_v/m_axi_awaddr_reg[22]_i_73/O[1]
                         net (fo=2, routed)           0.806     8.326    design_1_i/kv_cache_axi_wrapper_0/inst/u_kv_core/u_codec_v/final_victim66_out[9]
    SLICE_X34Y70         LUT4 (Prop_lut4_I0_O)        0.306     8.632 r  design_1_i/kv_cache_axi_wrapper_0/inst/u_kv_core/u_codec_v/m_axi_awaddr[22]_i_136/O
                         net (fo=1, routed)           0.000     8.632    design_1_i/kv_cache_axi_wrapper_0/inst/u_kv_core/u_codec_v/m_axi_awaddr[22]_i_136_n_0
    SLICE_X34Y70         CARRY4 (Prop_carry4_S[0]_CO[3])
                                                      0.513     9.145 r  design_1_i/kv_cache_axi_wrapper_0/inst/u_kv_core/u_codec_v/m_axi_awaddr_reg[22]_i_90/CO[3]
                         net (fo=1, routed)           0.000     9.145    design_1_i/kv_cache_axi_wrapper_0/inst/u_kv_core/u_codec_v/m_axi_awaddr_reg[22]_i_90_n_0
    SLICE_X34Y71         CARRY4 (Prop_carry4_CI_CO[3])
                                                      0.117     9.262 r  design_1_i/kv_cache_axi_wrapper_0/inst/u_kv_core/u_codec_v/m_axi_awaddr_reg[22]_i_72/CO[3]
                         net (fo=1, routed)           0.000     9.262    design_1_i/kv_cache_axi_wrapper_0/inst/u_kv_core/u_codec_v/m_axi_awaddr_reg[22]_i_72_n_0
    SLICE_X34Y72         CARRY4 (Prop_carry4_CI_CO[3])
                                                      0.117     9.379 r  design_1_i/kv_cache_axi_wrapper_0/inst/u_kv_core/u_codec_v/m_axi_awaddr_reg[22]_i_61/CO[3]
                         net (fo=3, routed)           1.297    10.676    design_1_i/kv_cache_axi_wrapper_0/inst/u_kv_core/u_codec_v/CO[0]
    SLICE_X43Y65         LUT3 (Prop_lut3_I1_O)        0.150    10.826 r  design_1_i/kv_cache_axi_wrapper_0/inst/u_kv_core/u_codec_v/m_axi_awaddr[22]_i_43/O
                         net (fo=4, routed)           0.614    11.440    design_1_i/kv_cache_axi_wrapper_0/inst/u_kv_core/u_codec_v/slv_reg7_reg[31]
    SLICE_X44Y65         LUT6 (Prop_lut6_I5_O)        0.326    11.766 f  design_1_i/kv_cache_axi_wrapper_0/inst/u_kv_core/u_codec_v/m_axi_awaddr[22]_i_48/O
                         net (fo=2, routed)           0.667    12.433    design_1_i/kv_cache_axi_wrapper_0/inst/u_kv_core/u_codec_k/m_axi_awaddr[22]_i_13
    SLICE_X45Y65         LUT3 (Prop_lut3_I2_O)        0.152    12.585 f  design_1_i/kv_cache_axi_wrapper_0/inst/u_kv_core/u_codec_k/m_axi_awaddr[22]_i_32/O
                         net (fo=5, routed)           0.834    13.418    design_1_i/kv_cache_axi_wrapper_0/inst/u_kv_core/u_codec_k/cur_raw_victim_reg[2]_1
    SLICE_X46Y65         LUT6 (Prop_lut6_I2_O)        0.326    13.744 r  design_1_i/kv_cache_axi_wrapper_0/inst/u_kv_core/u_codec_k/m_axi_awaddr[22]_i_17/O
                         net (fo=1, routed)           0.590    14.334    design_1_i/kv_cache_axi_wrapper_0/inst/u_kv_core/u_codec_k/m_axi_awaddr[22]_i_17_n_0
    SLICE_X46Y64         LUT6 (Prop_lut6_I3_O)        0.124    14.458 r  design_1_i/kv_cache_axi_wrapper_0/inst/u_kv_core/u_codec_k/m_axi_awaddr[22]_i_7/O
                         net (fo=176, routed)         1.420    15.879    design_1_i/kv_cache_axi_wrapper_0/inst/u_kv_core/gen_set[352].u_set/u_plru/valid_reg_reg[4]_0
    SLICE_X40Y42         LUT3 (Prop_lut3_I2_O)        0.124    16.003 f  design_1_i/kv_cache_axi_wrapper_0/inst/u_kv_core/gen_set[352].u_set/u_plru/valid_reg[7]_i_2__0/O
                         net (fo=943, routed)         1.868    17.871    design_1_i/kv_cache_axi_wrapper_0/inst/u_kv_core/u_codec_k/final_wr_way[1]
    SLICE_X56Y12         LUT6 (Prop_lut6_I1_O)        0.124    17.995 f  design_1_i/kv_cache_axi_wrapper_0/inst/u_kv_core/u_codec_k/dirty_reg[6]_i_3__2/O
                         net (fo=168, routed)         1.532    19.526    design_1_i/kv_cache_axi_wrapper_0/inst/u_kv_core/u_codec_k/dirty_reg[6]_i_3__2_n_0
    SLICE_X79Y13         LUT3 (Prop_lut3_I2_O)        0.150    19.676 r  design_1_i/kv_cache_axi_wrapper_0/inst/u_kv_core/u_codec_k/dirty_reg[5]_i_2/O
                         net (fo=23, routed)          0.608    20.284    design_1_i/kv_cache_axi_wrapper_0/inst/u_kv_core/u_codec_k/dirty_reg[5]_i_2_n_0
    SLICE_X75Y13         LUT5 (Prop_lut5_I3_O)        0.332    20.616 r  design_1_i/kv_cache_axi_wrapper_0/inst/u_kv_core/u_codec_k/dirty_reg[5]_i_1__172/O
                         net (fo=1, routed)           0.000    20.616    design_1_i/kv_cache_axi_wrapper_0/inst/u_kv_core/gen_set[16].u_set/dirty_reg_reg[5]_0
    SLICE_X75Y13         FDCE                                         r  design_1_i/kv_cache_axi_wrapper_0/inst/u_kv_core/gen_set[16].u_set/dirty_reg_reg[5]/D
  -------------------------------------------------------------------    -------------------

                         (clock clk_fpga_0 rise edge)
                                                     20.000    20.000 r  
    PS7_X0Y0             PS7                          0.000    20.000 r  design_1_i/processing_system7_0/inst/PS7_i/FCLKCLK[0]
                         net (fo=1, routed)           1.088    21.088    design_1_i/processing_system7_0/inst/FCLK_CLK_unbuffered[0]
    BUFGCTRL_X0Y16       BUFG (Prop_bufg_I_O)         0.091    21.179 r  design_1_i/processing_system7_0/inst/buffer_fclk_clk_0.FCLK_CLK_0_BUFG/O
                         net (fo=19621, routed)       1.554    22.733    design_1_i/kv_cache_axi_wrapper_0/inst/u_kv_core/gen_set[16].u_set/clk
    SLICE_X75Y13         FDCE                                         r  design_1_i/kv_cache_axi_wrapper_0/inst/u_kv_core/gen_set[16].u_set/dirty_reg_reg[5]/C
                         clock pessimism              0.115    22.848    
                         clock uncertainty           -0.302    22.546    
    SLICE_X75Y13         FDCE (Setup_fdce_C_D)        0.032    22.578    design_1_i/kv_cache_axi_wrapper_0/inst/u_kv_core/gen_set[16].u_set/dirty_reg_reg[5]
  -------------------------------------------------------------------
                         required time                         22.578    
                         arrival time                         -20.616    
  -------------------------------------------------------------------
                         slack                                  1.962    

Slack (MET) :             1.966ns  (required time - arrival time)
  Source:                 design_1_i/kv_cache_axi_wrapper_0/inst/u_kv_core/gen_bram_way[3].tag_mem_reg/CLKARDCLK
                            (rising edge-triggered cell RAMB18E1 clocked by clk_fpga_0  {rise@0.000ns fall@10.000ns period=20.000ns})
  Destination:            design_1_i/kv_cache_axi_wrapper_0/inst/u_kv_core/gen_set[18].u_set/dirty_reg_reg[5]/D
                            (rising edge-triggered cell FDCE clocked by clk_fpga_0  {rise@0.000ns fall@10.000ns period=20.000ns})
  Path Group:             clk_fpga_0
  Path Type:              Setup (Max at Slow Process Corner)
  Requirement:            20.000ns  (clk_fpga_0 rise@20.000ns - clk_fpga_0 rise@0.000ns)
  Data Path Delay:        17.641ns  (logic 6.412ns (36.348%)  route 11.229ns (63.652%))
  Logic Levels:           17  (CARRY4=6 LUT2=1 LUT3=4 LUT4=1 LUT5=1 LUT6=4)
  Clock Path Skew:        -0.122ns (DCD - SCD + CPR)
    Destination Clock Delay (DCD):    2.733ns = ( 22.733 - 20.000 ) 
    Source Clock Delay      (SCD):    2.970ns
    Clock Pessimism Removal (CPR):    0.115ns
  Clock Uncertainty:      0.302ns  ((TSJ^2 + TIJ^2)^1/2 + DJ) / 2 + PE
    Total System Jitter     (TSJ):    0.071ns
    Total Input Jitter      (TIJ):    0.600ns
    Discrete Jitter          (DJ):    0.000ns
    Phase Error              (PE):    0.000ns

    Location             Delay type                Incr(ns)  Path(ns)    Netlist Resource(s)
  -------------------------------------------------------------------    -------------------
                         (clock clk_fpga_0 rise edge)
                                                      0.000     0.000 r  
    PS7_X0Y0             PS7                          0.000     0.000 r  design_1_i/processing_system7_0/inst/PS7_i/FCLKCLK[0]
                         net (fo=1, routed)           1.193     1.193    design_1_i/processing_system7_0/inst/FCLK_CLK_unbuffered[0]
    BUFGCTRL_X0Y16       BUFG (Prop_bufg_I_O)         0.101     1.294 r  design_1_i/processing_system7_0/inst/buffer_fclk_clk_0.FCLK_CLK_0_BUFG/O
                         net (fo=19621, routed)       1.676     2.970    design_1_i/kv_cache_axi_wrapper_0/inst/u_kv_core/clk
    RAMB18_X2Y29         RAMB18E1                                     r  design_1_i/kv_cache_axi_wrapper_0/inst/u_kv_core/gen_bram_way[3].tag_mem_reg/CLKARDCLK
  -------------------------------------------------------------------    -------------------
    RAMB18_X2Y29         RAMB18E1 (Prop_ramb18e1_CLKARDCLK_DOADO[1])
                                                      2.454     5.424 r  design_1_i/kv_cache_axi_wrapper_0/inst/u_kv_core/gen_bram_way[3].tag_mem_reg/DOADO[1]
                         net (fo=3, routed)           0.999     6.423    design_1_i/kv_cache_axi_wrapper_0/inst/u_kv_core/u_codec_v/gen_bram_way[3].rd_tag_reg[3]_371[1]
    SLICE_X34Y66         LUT2 (Prop_lut2_I1_O)        0.124     6.547 r  design_1_i/kv_cache_axi_wrapper_0/inst/u_kv_core/u_codec_v/m_axi_awaddr[22]_i_236/O
                         net (fo=1, routed)           0.000     6.547    design_1_i/kv_cache_axi_wrapper_0/inst/u_kv_core/u_codec_v/m_axi_awaddr[22]_i_236_n_0
    SLICE_X34Y66         CARRY4 (Prop_carry4_S[1]_CO[3])
                                                      0.533     7.080 r  design_1_i/kv_cache_axi_wrapper_0/inst/u_kv_core/u_codec_v/m_axi_awaddr_reg[22]_i_137/CO[3]
                         net (fo=1, routed)           0.000     7.080    design_1_i/kv_cache_axi_wrapper_0/inst/u_kv_core/u_codec_v/m_axi_awaddr_reg[22]_i_137_n_0
    SLICE_X34Y67         CARRY4 (Prop_carry4_CI_CO[3])
                                                      0.117     7.197 r  design_1_i/kv_cache_axi_wrapper_0/inst/u_kv_core/u_codec_v/m_axi_awaddr_reg[22]_i_91/CO[3]
                         net (fo=1, routed)           0.000     7.197    design_1_i/kv_cache_axi_wrapper_0/inst/u_kv_core/u_codec_v/m_axi_awaddr_reg[22]_i_91_n_0
    SLICE_X34Y68         CARRY4 (Prop_carry4_CI_O[1])
                                                      0.323     7.520 r  design_1_i/kv_cache_axi_wrapper_0/inst/u_kv_core/u_codec_v/m_axi_awaddr_reg[22]_i_73/O[1]
                         net (fo=2, routed)           0.806     8.326    design_1_i/kv_cache_axi_wrapper_0/inst/u_kv_core/u_codec_v/final_victim66_out[9]
    SLICE_X34Y70         LUT4 (Prop_lut4_I0_O)        0.306     8.632 r  design_1_i/kv_cache_axi_wrapper_0/inst/u_kv_core/u_codec_v/m_axi_awaddr[22]_i_136/O
                         net (fo=1, routed)           0.000     8.632    design_1_i/kv_cache_axi_wrapper_0/inst/u_kv_core/u_codec_v/m_axi_awaddr[22]_i_136_n_0
    SLICE_X34Y70         CARRY4 (Prop_carry4_S[0]_CO[3])
                                                      0.513     9.145 r  design_1_i/kv_cache_axi_wrapper_0/inst/u_kv_core/u_codec_v/m_axi_awaddr_reg[22]_i_90/CO[3]
                         net (fo=1, routed)           0.000     9.145    design_1_i/kv_cache_axi_wrapper_0/inst/u_kv_core/u_codec_v/m_axi_awaddr_reg[22]_i_90_n_0
    SLICE_X34Y71         CARRY4 (Prop_carry4_CI_CO[3])
                                                      0.117     9.262 r  design_1_i/kv_cache_axi_wrapper_0/inst/u_kv_core/u_codec_v/m_axi_awaddr_reg[22]_i_72/CO[3]
                         net (fo=1, routed)           0.000     9.262    design_1_i/kv_cache_axi_wrapper_0/inst/u_kv_core/u_codec_v/m_axi_awaddr_reg[22]_i_72_n_0
    SLICE_X34Y72         CARRY4 (Prop_carry4_CI_CO[3])
                                                      0.117     9.379 r  design_1_i/kv_cache_axi_wrapper_0/inst/u_kv_core/u_codec_v/m_axi_awaddr_reg[22]_i_61/CO[3]
                         net (fo=3, routed)           1.297    10.676    design_1_i/kv_cache_axi_wrapper_0/inst/u_kv_core/u_codec_v/CO[0]
    SLICE_X43Y65         LUT3 (Prop_lut3_I1_O)        0.150    10.826 r  design_1_i/kv_cache_axi_wrapper_0/inst/u_kv_core/u_codec_v/m_axi_awaddr[22]_i_43/O
                         net (fo=4, routed)           0.614    11.440    design_1_i/kv_cache_axi_wrapper_0/inst/u_kv_core/u_codec_v/slv_reg7_reg[31]
    SLICE_X44Y65         LUT6 (Prop_lut6_I5_O)        0.326    11.766 f  design_1_i/kv_cache_axi_wrapper_0/inst/u_kv_core/u_codec_v/m_axi_awaddr[22]_i_48/O
                         net (fo=2, routed)           0.667    12.433    design_1_i/kv_cache_axi_wrapper_0/inst/u_kv_core/u_codec_k/m_axi_awaddr[22]_i_13
    SLICE_X45Y65         LUT3 (Prop_lut3_I2_O)        0.152    12.585 f  design_1_i/kv_cache_axi_wrapper_0/inst/u_kv_core/u_codec_k/m_axi_awaddr[22]_i_32/O
                         net (fo=5, routed)           0.834    13.418    design_1_i/kv_cache_axi_wrapper_0/inst/u_kv_core/u_codec_k/cur_raw_victim_reg[2]_1
    SLICE_X46Y65         LUT6 (Prop_lut6_I2_O)        0.326    13.744 r  design_1_i/kv_cache_axi_wrapper_0/inst/u_kv_core/u_codec_k/m_axi_awaddr[22]_i_17/O
                         net (fo=1, routed)           0.590    14.334    design_1_i/kv_cache_axi_wrapper_0/inst/u_kv_core/u_codec_k/m_axi_awaddr[22]_i_17_n_0
    SLICE_X46Y64         LUT6 (Prop_lut6_I3_O)        0.124    14.458 r  design_1_i/kv_cache_axi_wrapper_0/inst/u_kv_core/u_codec_k/m_axi_awaddr[22]_i_7/O
                         net (fo=176, routed)         1.420    15.879    design_1_i/kv_cache_axi_wrapper_0/inst/u_kv_core/gen_set[352].u_set/u_plru/valid_reg_reg[4]_0
    SLICE_X40Y42         LUT3 (Prop_lut3_I2_O)        0.124    16.003 f  design_1_i/kv_cache_axi_wrapper_0/inst/u_kv_core/gen_set[352].u_set/u_plru/valid_reg[7]_i_2__0/O
                         net (fo=943, routed)         1.868    17.871    design_1_i/kv_cache_axi_wrapper_0/inst/u_kv_core/u_codec_k/final_wr_way[1]
    SLICE_X56Y12         LUT6 (Prop_lut6_I1_O)        0.124    17.995 f  design_1_i/kv_cache_axi_wrapper_0/inst/u_kv_core/u_codec_k/dirty_reg[6]_i_3__2/O
                         net (fo=168, routed)         1.532    19.526    design_1_i/kv_cache_axi_wrapper_0/inst/u_kv_core/u_codec_k/dirty_reg[6]_i_3__2_n_0
    SLICE_X79Y13         LUT3 (Prop_lut3_I2_O)        0.150    19.676 r  design_1_i/kv_cache_axi_wrapper_0/inst/u_kv_core/u_codec_k/dirty_reg[5]_i_2/O
                         net (fo=23, routed)          0.603    20.279    design_1_i/kv_cache_axi_wrapper_0/inst/u_kv_core/u_codec_k/dirty_reg[5]_i_2_n_0
    SLICE_X75Y13         LUT5 (Prop_lut5_I3_O)        0.332    20.611 r  design_1_i/kv_cache_axi_wrapper_0/inst/u_kv_core/u_codec_k/dirty_reg[5]_i_1__170/O
                         net (fo=1, routed)           0.000    20.611    design_1_i/kv_cache_axi_wrapper_0/inst/u_kv_core/gen_set[18].u_set/dirty_reg_reg[5]_0
    SLICE_X75Y13         FDCE                                         r  design_1_i/kv_cache_axi_wrapper_0/inst/u_kv_core/gen_set[18].u_set/dirty_reg_reg[5]/D
  -------------------------------------------------------------------    -------------------

                         (clock clk_fpga_0 rise edge)
                                                     20.000    20.000 r  
    PS7_X0Y0             PS7                          0.000    20.000 r  design_1_i/processing_system7_0/inst/PS7_i/FCLKCLK[0]
                         net (fo=1, routed)           1.088    21.088    design_1_i/processing_system7_0/inst/FCLK_CLK_unbuffered[0]
    BUFGCTRL_X0Y16       BUFG (Prop_bufg_I_O)         0.091    21.179 r  design_1_i/processing_system7_0/inst/buffer_fclk_clk_0.FCLK_CLK_0_BUFG/O
                         net (fo=19621, routed)       1.554    22.733    design_1_i/kv_cache_axi_wrapper_0/inst/u_kv_core/gen_set[18].u_set/clk
    SLICE_X75Y13         FDCE                                         r  design_1_i/kv_cache_axi_wrapper_0/inst/u_kv_core/gen_set[18].u_set/dirty_reg_reg[5]/C
                         clock pessimism              0.115    22.848    
                         clock uncertainty           -0.302    22.546    
    SLICE_X75Y13         FDCE (Setup_fdce_C_D)        0.031    22.577    design_1_i/kv_cache_axi_wrapper_0/inst/u_kv_core/gen_set[18].u_set/dirty_reg_reg[5]
  -------------------------------------------------------------------
                         required time                         22.577    
                         arrival time                         -20.611    
  -------------------------------------------------------------------
                         slack                                  1.966    

Slack (MET) :             2.016ns  (required time - arrival time)
  Source:                 design_1_i/kv_cache_axi_wrapper_0/inst/u_kv_core/gen_bram_way[4].tag_mem_reg/CLKARDCLK
                            (rising edge-triggered cell RAMB18E1 clocked by clk_fpga_0  {rise@0.000ns fall@10.000ns period=20.000ns})
  Destination:            design_1_i/kv_cache_axi_wrapper_0/inst/u_kv_core/gen_set[22].u_set/dirty_reg_reg[6]/D
                            (rising edge-triggered cell FDCE clocked by clk_fpga_0  {rise@0.000ns fall@10.000ns period=20.000ns})
  Path Group:             clk_fpga_0
  Path Type:              Setup (Max at Slow Process Corner)
  Requirement:            20.000ns  (clk_fpga_0 rise@20.000ns - clk_fpga_0 rise@0.000ns)
  Data Path Delay:        17.588ns  (logic 6.436ns (36.593%)  route 11.152ns (63.407%))
  Logic Levels:           17  (CARRY4=6 LUT2=1 LUT3=3 LUT4=2 LUT5=1 LUT6=4)
  Clock Path Skew:        -0.125ns (DCD - SCD + CPR)
    Destination Clock Delay (DCD):    2.734ns = ( 22.735 - 20.000 ) 
    Source Clock Delay      (SCD):    2.974ns
    Clock Pessimism Removal (CPR):    0.115ns
  Clock Uncertainty:      0.302ns  ((TSJ^2 + TIJ^2)^1/2 + DJ) / 2 + PE
    Total System Jitter     (TSJ):    0.071ns
    Total Input Jitter      (TIJ):    0.600ns
    Discrete Jitter          (DJ):    0.000ns
    Phase Error              (PE):    0.000ns

    Location             Delay type                Incr(ns)  Path(ns)    Netlist Resource(s)
  -------------------------------------------------------------------    -------------------
                         (clock clk_fpga_0 rise edge)
                                                      0.000     0.000 r  
    PS7_X0Y0             PS7                          0.000     0.000 r  design_1_i/processing_system7_0/inst/PS7_i/FCLKCLK[0]
                         net (fo=1, routed)           1.193     1.193    design_1_i/processing_system7_0/inst/FCLK_CLK_unbuffered[0]
    BUFGCTRL_X0Y16       BUFG (Prop_bufg_I_O)         0.101     1.294 r  design_1_i/processing_system7_0/inst/buffer_fclk_clk_0.FCLK_CLK_0_BUFG/O
                         net (fo=19621, routed)       1.680     2.974    design_1_i/kv_cache_axi_wrapper_0/inst/u_kv_core/clk
    RAMB18_X2Y30         RAMB18E1                                     r  design_1_i/kv_cache_axi_wrapper_0/inst/u_kv_core/gen_bram_way[4].tag_mem_reg/CLKARDCLK
  -------------------------------------------------------------------    -------------------
    RAMB18_X2Y30         RAMB18E1 (Prop_ramb18e1_CLKARDCLK_DOADO[1])
                                                      2.454     5.428 r  design_1_i/kv_cache_axi_wrapper_0/inst/u_kv_core/gen_bram_way[4].tag_mem_reg/DOADO[1]
                         net (fo=3, routed)           1.158     6.587    design_1_i/kv_cache_axi_wrapper_0/inst/u_kv_core/u_codec_v/gen_bram_way[4].rd_tag_reg[4]_372[1]
    SLICE_X37Y69         LUT2 (Prop_lut2_I1_O)        0.124     6.711 r  design_1_i/kv_cache_axi_wrapper_0/inst/u_kv_core/u_codec_v/m_axi_awaddr[22]_i_308/O
                         net (fo=1, routed)           0.000     6.711    design_1_i/kv_cache_axi_wrapper_0/inst/u_kv_core/u_codec_v/m_axi_awaddr[22]_i_308_n_0
    SLICE_X37Y69         CARRY4 (Prop_carry4_S[1]_CO[3])
                                                      0.550     7.261 r  design_1_i/kv_cache_axi_wrapper_0/inst/u_kv_core/u_codec_v/m_axi_awaddr_reg[22]_i_209/CO[3]
                         net (fo=1, routed)           0.000     7.261    design_1_i/kv_cache_axi_wrapper_0/inst/u_kv_core/u_codec_v/m_axi_awaddr_reg[22]_i_209_n_0
    SLICE_X37Y70         CARRY4 (Prop_carry4_CI_CO[3])
                                                      0.114     7.375 r  design_1_i/kv_cache_axi_wrapper_0/inst/u_kv_core/u_codec_v/m_axi_awaddr_reg[22]_i_115/CO[3]
                         net (fo=1, routed)           0.000     7.375    design_1_i/kv_cache_axi_wrapper_0/inst/u_kv_core/u_codec_v/m_axi_awaddr_reg[22]_i_115_n_0
    SLICE_X37Y71         CARRY4 (Prop_carry4_CI_O[1])
                                                      0.334     7.709 r  design_1_i/kv_cache_axi_wrapper_0/inst/u_kv_core/u_codec_v/m_axi_awaddr_reg[22]_i_85/O[1]
                         net (fo=2, routed)           0.832     8.541    design_1_i/kv_cache_axi_wrapper_0/inst/u_kv_core/u_codec_v/final_victim68_out[9]
    SLICE_X38Y70         LUT4 (Prop_lut4_I0_O)        0.303     8.844 r  design_1_i/kv_cache_axi_wrapper_0/inst/u_kv_core/u_codec_v/m_axi_awaddr[22]_i_208/O
                         net (fo=1, routed)           0.000     8.844    design_1_i/kv_cache_axi_wrapper_0/inst/u_kv_core/u_codec_v/m_axi_awaddr[22]_i_208_n_0
    SLICE_X38Y70         CARRY4 (Prop_carry4_S[0]_CO[3])
                                                      0.513     9.357 r  design_1_i/kv_cache_axi_wrapper_0/inst/u_kv_core/u_codec_v/m_axi_awaddr_reg[22]_i_114/CO[3]
                         net (fo=1, routed)           0.000     9.357    design_1_i/kv_cache_axi_wrapper_0/inst/u_kv_core/u_codec_v/m_axi_awaddr_reg[22]_i_114_n_0
    SLICE_X38Y71         CARRY4 (Prop_carry4_CI_CO[3])
                                                      0.117     9.474 r  design_1_i/kv_cache_axi_wrapper_0/inst/u_kv_core/u_codec_v/m_axi_awaddr_reg[22]_i_84/CO[3]
                         net (fo=1, routed)           0.000     9.474    design_1_i/kv_cache_axi_wrapper_0/inst/u_kv_core/u_codec_v/m_axi_awaddr_reg[22]_i_84_n_0
    SLICE_X38Y72         CARRY4 (Prop_carry4_CI_CO[3])
                                                      0.117     9.591 r  design_1_i/kv_cache_axi_wrapper_0/inst/u_kv_core/u_codec_v/m_axi_awaddr_reg[22]_i_69/CO[3]
                         net (fo=1, routed)           1.110    10.701    design_1_i/kv_cache_axi_wrapper_0/inst/u_kv_core/u_codec_v/final_victim530_in
    SLICE_X42Y66         LUT4 (Prop_lut4_I2_O)        0.150    10.851 f  design_1_i/kv_cache_axi_wrapper_0/inst/u_kv_core/u_codec_v/m_axi_awaddr[22]_i_56/O
                         net (fo=6, routed)           0.531    11.382    design_1_i/kv_cache_axi_wrapper_0/inst/u_kv_core/u_codec_v/slv_reg8_reg[27]_2
    SLICE_X46Y66         LUT6 (Prop_lut6_I4_O)        0.328    11.710 r  design_1_i/kv_cache_axi_wrapper_0/inst/u_kv_core/u_codec_v/m_axi_awaddr[22]_i_42/O
                         net (fo=4, routed)           0.683    12.393    design_1_i/kv_cache_axi_wrapper_0/inst/u_kv_core/u_codec_k/m_axi_awaddr[22]_i_12
    SLICE_X46Y66         LUT3 (Prop_lut3_I0_O)        0.148    12.541 f  design_1_i/kv_cache_axi_wrapper_0/inst/u_kv_core/u_codec_k/m_axi_awaddr[22]_i_30/O
                         net (fo=3, routed)           0.765    13.306    design_1_i/kv_cache_axi_wrapper_0/inst/u_kv_core/u_codec_v/m_axi_awaddr[22]_i_5_4
    SLICE_X47Y65         LUT6 (Prop_lut6_I3_O)        0.328    13.634 f  design_1_i/kv_cache_axi_wrapper_0/inst/u_kv_core/u_codec_v/m_axi_awaddr[22]_i_12/O
                         net (fo=1, routed)           0.640    14.274    design_1_i/kv_cache_axi_wrapper_0/inst/u_kv_core/u_codec_v/m_axi_awaddr[22]_i_12_n_0
    SLICE_X47Y65         LUT6 (Prop_lut6_I3_O)        0.124    14.398 r  design_1_i/kv_cache_axi_wrapper_0/inst/u_kv_core/u_codec_v/m_axi_awaddr[22]_i_5/O
                         net (fo=93, routed)          0.987    15.385    design_1_i/kv_cache_axi_wrapper_0/inst/u_kv_core/gen_set[66].u_set/gen_bram_way[1].tag_mem_reg_i_4
    SLICE_X35Y54         LUT3 (Prop_lut3_I2_O)        0.124    15.509 f  design_1_i/kv_cache_axi_wrapper_0/inst/u_kv_core/gen_set[66].u_set/dirty_reg[7]_i_13/O
                         net (fo=63, routed)          2.249    17.757    design_1_i/kv_cache_axi_wrapper_0/inst/u_kv_core/u_codec_k/dirty_reg_reg[7]_576
    SLICE_X57Y10         LUT6 (Prop_lut6_I2_O)        0.124    17.881 r  design_1_i/kv_cache_axi_wrapper_0/inst/u_kv_core/u_codec_k/dirty_reg[6]_i_4__2/O
                         net (fo=168, routed)         1.489    19.370    design_1_i/kv_cache_axi_wrapper_0/inst/u_kv_core/u_codec_k/dirty_reg[6]_i_4__2_n_0
    SLICE_X77Y14         LUT3 (Prop_lut3_I0_O)        0.152    19.522 r  design_1_i/kv_cache_axi_wrapper_0/inst/u_kv_core/u_codec_k/dirty_reg[6]_i_2/O
                         net (fo=23, routed)          0.708    20.230    design_1_i/kv_cache_axi_wrapper_0/inst/u_kv_core/u_codec_k/dirty_reg[6]_i_2_n_0
    SLICE_X72Y12         LUT5 (Prop_lut5_I3_O)        0.332    20.562 r  design_1_i/kv_cache_axi_wrapper_0/inst/u_kv_core/u_codec_k/dirty_reg[6]_i_1__166/O
                         net (fo=1, routed)           0.000    20.562    design_1_i/kv_cache_axi_wrapper_0/inst/u_kv_core/gen_set[22].u_set/dirty_reg_reg[6]_0
    SLICE_X72Y12         FDCE                                         r  design_1_i/kv_cache_axi_wrapper_0/inst/u_kv_core/gen_set[22].u_set/dirty_reg_reg[6]/D
  -------------------------------------------------------------------    -------------------

                         (clock clk_fpga_0 rise edge)
                                                     20.000    20.000 r  
    PS7_X0Y0             PS7                          0.000    20.000 r  design_1_i/processing_system7_0/inst/PS7_i/FCLKCLK[0]
                         net (fo=1, routed)           1.088    21.088    design_1_i/processing_system7_0/inst/FCLK_CLK_unbuffered[0]
    BUFGCTRL_X0Y16       BUFG (Prop_bufg_I_O)         0.091    21.179 r  design_1_i/processing_system7_0/inst/buffer_fclk_clk_0.FCLK_CLK_0_BUFG/O
                         net (fo=19621, routed)       1.555    22.735    design_1_i/kv_cache_axi_wrapper_0/inst/u_kv_core/gen_set[22].u_set/clk
    SLICE_X72Y12         FDCE                                         r  design_1_i/kv_cache_axi_wrapper_0/inst/u_kv_core/gen_set[22].u_set/dirty_reg_reg[6]/C
                         clock pessimism              0.115    22.849    
                         clock uncertainty           -0.302    22.547    
    SLICE_X72Y12         FDCE (Setup_fdce_C_D)        0.031    22.578    design_1_i/kv_cache_axi_wrapper_0/inst/u_kv_core/gen_set[22].u_set/dirty_reg_reg[6]
  -------------------------------------------------------------------
                         required time                         22.578    
                         arrival time                         -20.562    
  -------------------------------------------------------------------
                         slack                                  2.016    

Slack (MET) :             2.018ns  (required time - arrival time)
  Source:                 design_1_i/kv_cache_axi_wrapper_0/inst/u_kv_core/gen_bram_way[4].tag_mem_reg/CLKARDCLK
                            (rising edge-triggered cell RAMB18E1 clocked by clk_fpga_0  {rise@0.000ns fall@10.000ns period=20.000ns})
  Destination:            design_1_i/kv_cache_axi_wrapper_0/inst/u_kv_core/gen_set[1].u_set/dirty_reg_reg[1]/D
                            (rising edge-triggered cell FDCE clocked by clk_fpga_0  {rise@0.000ns fall@10.000ns period=20.000ns})
  Path Group:             clk_fpga_0
  Path Type:              Setup (Max at Slow Process Corner)
  Requirement:            20.000ns  (clk_fpga_0 rise@20.000ns - clk_fpga_0 rise@0.000ns)
  Data Path Delay:        17.588ns  (logic 6.645ns (37.780%)  route 10.943ns (62.220%))
  Logic Levels:           17  (CARRY4=6 LUT2=1 LUT3=3 LUT4=2 LUT5=2 LUT6=3)
  Clock Path Skew:        -0.123ns (DCD - SCD + CPR)
    Destination Clock Delay (DCD):    2.736ns = ( 22.736 - 20.000 ) 
    Source Clock Delay      (SCD):    2.974ns
    Clock Pessimism Removal (CPR):    0.115ns
  Clock Uncertainty:      0.302ns  ((TSJ^2 + TIJ^2)^1/2 + DJ) / 2 + PE
    Total System Jitter     (TSJ):    0.071ns
    Total Input Jitter      (TIJ):    0.600ns
    Discrete Jitter          (DJ):    0.000ns
    Phase Error              (PE):    0.000ns

    Location             Delay type                Incr(ns)  Path(ns)    Netlist Resource(s)
  -------------------------------------------------------------------    -------------------
                         (clock clk_fpga_0 rise edge)
                                                      0.000     0.000 r  
    PS7_X0Y0             PS7                          0.000     0.000 r  design_1_i/processing_system7_0/inst/PS7_i/FCLKCLK[0]
                         net (fo=1, routed)           1.193     1.193    design_1_i/processing_system7_0/inst/FCLK_CLK_unbuffered[0]
    BUFGCTRL_X0Y16       BUFG (Prop_bufg_I_O)         0.101     1.294 r  design_1_i/processing_system7_0/inst/buffer_fclk_clk_0.FCLK_CLK_0_BUFG/O
                         net (fo=19621, routed)       1.680     2.974    design_1_i/kv_cache_axi_wrapper_0/inst/u_kv_core/clk
    RAMB18_X2Y30         RAMB18E1                                     r  design_1_i/kv_cache_axi_wrapper_0/inst/u_kv_core/gen_bram_way[4].tag_mem_reg/CLKARDCLK
  -------------------------------------------------------------------    -------------------
    RAMB18_X2Y30         RAMB18E1 (Prop_ramb18e1_CLKARDCLK_DOADO[1])
                                                      2.454     5.428 r  design_1_i/kv_cache_axi_wrapper_0/inst/u_kv_core/gen_bram_way[4].tag_mem_reg/DOADO[1]
                         net (fo=3, routed)           1.158     6.587    design_1_i/kv_cache_axi_wrapper_0/inst/u_kv_core/u_codec_v/gen_bram_way[4].rd_tag_reg[4]_372[1]
    SLICE_X37Y69         LUT2 (Prop_lut2_I1_O)        0.124     6.711 r  design_1_i/kv_cache_axi_wrapper_0/inst/u_kv_core/u_codec_v/m_axi_awaddr[22]_i_308/O
                         net (fo=1, routed)           0.000     6.711    design_1_i/kv_cache_axi_wrapper_0/inst/u_kv_core/u_codec_v/m_axi_awaddr[22]_i_308_n_0
    SLICE_X37Y69         CARRY4 (Prop_carry4_S[1]_CO[3])
                                                      0.550     7.261 r  design_1_i/kv_cache_axi_wrapper_0/inst/u_kv_core/u_codec_v/m_axi_awaddr_reg[22]_i_209/CO[3]
                         net (fo=1, routed)           0.000     7.261    design_1_i/kv_cache_axi_wrapper_0/inst/u_kv_core/u_codec_v/m_axi_awaddr_reg[22]_i_209_n_0
    SLICE_X37Y70         CARRY4 (Prop_carry4_CI_CO[3])
                                                      0.114     7.375 r  design_1_i/kv_cache_axi_wrapper_0/inst/u_kv_core/u_codec_v/m_axi_awaddr_reg[22]_i_115/CO[3]
                         net (fo=1, routed)           0.000     7.375    design_1_i/kv_cache_axi_wrapper_0/inst/u_kv_core/u_codec_v/m_axi_awaddr_reg[22]_i_115_n_0
    SLICE_X37Y71         CARRY4 (Prop_carry4_CI_O[1])
                                                      0.334     7.709 r  design_1_i/kv_cache_axi_wrapper_0/inst/u_kv_core/u_codec_v/m_axi_awaddr_reg[22]_i_85/O[1]
                         net (fo=2, routed)           0.832     8.541    design_1_i/kv_cache_axi_wrapper_0/inst/u_kv_core/u_codec_v/final_victim68_out[9]
    SLICE_X38Y70         LUT4 (Prop_lut4_I0_O)        0.303     8.844 r  design_1_i/kv_cache_axi_wrapper_0/inst/u_kv_core/u_codec_v/m_axi_awaddr[22]_i_208/O
                         net (fo=1, routed)           0.000     8.844    design_1_i/kv_cache_axi_wrapper_0/inst/u_kv_core/u_codec_v/m_axi_awaddr[22]_i_208_n_0
    SLICE_X38Y70         CARRY4 (Prop_carry4_S[0]_CO[3])
                                                      0.513     9.357 r  design_1_i/kv_cache_axi_wrapper_0/inst/u_kv_core/u_codec_v/m_axi_awaddr_reg[22]_i_114/CO[3]
                         net (fo=1, routed)           0.000     9.357    design_1_i/kv_cache_axi_wrapper_0/inst/u_kv_core/u_codec_v/m_axi_awaddr_reg[22]_i_114_n_0
    SLICE_X38Y71         CARRY4 (Prop_carry4_CI_CO[3])
                                                      0.117     9.474 r  design_1_i/kv_cache_axi_wrapper_0/inst/u_kv_core/u_codec_v/m_axi_awaddr_reg[22]_i_84/CO[3]
                         net (fo=1, routed)           0.000     9.474    design_1_i/kv_cache_axi_wrapper_0/inst/u_kv_core/u_codec_v/m_axi_awaddr_reg[22]_i_84_n_0
    SLICE_X38Y72         CARRY4 (Prop_carry4_CI_CO[3])
                                                      0.117     9.591 r  design_1_i/kv_cache_axi_wrapper_0/inst/u_kv_core/u_codec_v/m_axi_awaddr_reg[22]_i_69/CO[3]
                         net (fo=1, routed)           1.110    10.701    design_1_i/kv_cache_axi_wrapper_0/inst/u_kv_core/u_codec_v/final_victim530_in
    SLICE_X42Y66         LUT4 (Prop_lut4_I2_O)        0.150    10.851 f  design_1_i/kv_cache_axi_wrapper_0/inst/u_kv_core/u_codec_v/m_axi_awaddr[22]_i_56/O
                         net (fo=6, routed)           0.324    11.175    design_1_i/kv_cache_axi_wrapper_0/inst/u_kv_core/u_codec_v/slv_reg8_reg[27]_2
    SLICE_X45Y66         LUT5 (Prop_lut5_I2_O)        0.328    11.503 f  design_1_i/kv_cache_axi_wrapper_0/inst/u_kv_core/u_codec_v/m_axi_awaddr[22]_i_47/O
                         net (fo=3, routed)           1.033    12.537    design_1_i/kv_cache_axi_wrapper_0/inst/u_kv_core/u_codec_k/m_axi_awaddr[22]_i_17_1
    SLICE_X45Y65         LUT3 (Prop_lut3_I0_O)        0.152    12.689 f  design_1_i/kv_cache_axi_wrapper_0/inst/u_kv_core/u_codec_k/m_axi_awaddr[22]_i_34/O
                         net (fo=2, routed)           0.826    13.515    design_1_i/kv_cache_axi_wrapper_0/inst/u_kv_core/u_codec_k/m_axi_awaddr[22]_i_34_n_0
    SLICE_X46Y65         LUT6 (Prop_lut6_I0_O)        0.332    13.847 r  design_1_i/kv_cache_axi_wrapper_0/inst/u_kv_core/u_codec_k/m_axi_awaddr[22]_i_21/O
                         net (fo=1, routed)           0.466    14.312    design_1_i/kv_cache_axi_wrapper_0/inst/u_kv_core/u_codec_k/m_axi_awaddr[22]_i_21_n_0
    SLICE_X46Y65         LUT6 (Prop_lut6_I2_O)        0.124    14.436 r  design_1_i/kv_cache_axi_wrapper_0/inst/u_kv_core/u_codec_k/m_axi_awaddr[22]_i_8/O
                         net (fo=244, routed)         0.685    15.122    design_1_i/kv_cache_axi_wrapper_0/inst/u_kv_core/gen_set[66].u_set/u_plru/tree_bits[6]_i_2__287_0
    SLICE_X51Y64         LUT3 (Prop_lut3_I2_O)        0.117    15.239 r  design_1_i/kv_cache_axi_wrapper_0/inst/u_kv_core/gen_set[66].u_set/u_plru/tree_bits[6]_i_9__0/O
                         net (fo=70, routed)          2.396    17.635    design_1_i/kv_cache_axi_wrapper_0/inst/u_kv_core/u_codec_k/final_wr_way[0]
    SLICE_X67Y11         LUT6 (Prop_lut6_I1_O)        0.332    17.967 r  design_1_i/kv_cache_axi_wrapper_0/inst/u_kv_core/u_codec_k/dirty_reg[7]_i_5__10/O
                         net (fo=168, routed)         1.475    19.442    design_1_i/kv_cache_axi_wrapper_0/inst/u_kv_core/u_codec_k/dirty_reg[7]_i_5__10_n_0
    SLICE_X82Y11         LUT3 (Prop_lut3_I1_O)        0.153    19.595 r  design_1_i/kv_cache_axi_wrapper_0/inst/u_kv_core/u_codec_k/dirty_reg[1]_i_2/O
                         net (fo=23, routed)          0.637    20.232    design_1_i/kv_cache_axi_wrapper_0/inst/u_kv_core/u_codec_k/dirty_reg[1]_i_2_n_0
    SLICE_X83Y13         LUT5 (Prop_lut5_I3_O)        0.331    20.563 r  design_1_i/kv_cache_axi_wrapper_0/inst/u_kv_core/u_codec_k/dirty_reg[1]_i_1__187/O
                         net (fo=1, routed)           0.000    20.563    design_1_i/kv_cache_axi_wrapper_0/inst/u_kv_core/gen_set[1].u_set/dirty_reg_reg[1]_0
    SLICE_X83Y13         FDCE                                         r  design_1_i/kv_cache_axi_wrapper_0/inst/u_kv_core/gen_set[1].u_set/dirty_reg_reg[1]/D
  -------------------------------------------------------------------    -------------------

                         (clock clk_fpga_0 rise edge)
                                                     20.000    20.000 r  
    PS7_X0Y0             PS7                          0.000    20.000 r  design_1_i/processing_system7_0/inst/PS7_i/FCLKCLK[0]
                         net (fo=1, routed)           1.088    21.088    design_1_i/processing_system7_0/inst/FCLK_CLK_unbuffered[0]
    BUFGCTRL_X0Y16       BUFG (Prop_bufg_I_O)         0.091    21.179 r  design_1_i/processing_system7_0/inst/buffer_fclk_clk_0.FCLK_CLK_0_BUFG/O
                         net (fo=19621, routed)       1.557    22.736    design_1_i/kv_cache_axi_wrapper_0/inst/u_kv_core/gen_set[1].u_set/clk
    SLICE_X83Y13         FDCE                                         r  design_1_i/kv_cache_axi_wrapper_0/inst/u_kv_core/gen_set[1].u_set/dirty_reg_reg[1]/C
                         clock pessimism              0.115    22.851    
                         clock uncertainty           -0.302    22.549    
    SLICE_X83Y13         FDCE (Setup_fdce_C_D)        0.032    22.581    design_1_i/kv_cache_axi_wrapper_0/inst/u_kv_core/gen_set[1].u_set/dirty_reg_reg[1]
  -------------------------------------------------------------------
                         required time                         22.581    
                         arrival time                         -20.563    
  -------------------------------------------------------------------
                         slack                                  2.018    

Slack (MET) :             2.022ns  (required time - arrival time)
  Source:                 design_1_i/kv_cache_axi_wrapper_0/inst/u_kv_core/gen_bram_way[4].tag_mem_reg/CLKARDCLK
                            (rising edge-triggered cell RAMB18E1 clocked by clk_fpga_0  {rise@0.000ns fall@10.000ns period=20.000ns})
  Destination:            design_1_i/kv_cache_axi_wrapper_0/inst/u_kv_core/gen_set[11].u_set/dirty_reg_reg[1]/D
                            (rising edge-triggered cell FDCE clocked by clk_fpga_0  {rise@0.000ns fall@10.000ns period=20.000ns})
  Path Group:             clk_fpga_0
  Path Type:              Setup (Max at Slow Process Corner)
  Requirement:            20.000ns  (clk_fpga_0 rise@20.000ns - clk_fpga_0 rise@0.000ns)
  Data Path Delay:        17.583ns  (logic 6.645ns (37.791%)  route 10.938ns (62.209%))
  Logic Levels:           17  (CARRY4=6 LUT2=1 LUT3=3 LUT4=2 LUT5=2 LUT6=3)
  Clock Path Skew:        -0.123ns (DCD - SCD + CPR)
    Destination Clock Delay (DCD):    2.736ns = ( 22.736 - 20.000 ) 
    Source Clock Delay      (SCD):    2.974ns
    Clock Pessimism Removal (CPR):    0.115ns
  Clock Uncertainty:      0.302ns  ((TSJ^2 + TIJ^2)^1/2 + DJ) / 2 + PE
    Total System Jitter     (TSJ):    0.071ns
    Total Input Jitter      (TIJ):    0.600ns
    Discrete Jitter          (DJ):    0.000ns
    Phase Error              (PE):    0.000ns

    Location             Delay type                Incr(ns)  Path(ns)    Netlist Resource(s)
  -------------------------------------------------------------------    -------------------
                         (clock clk_fpga_0 rise edge)
                                                      0.000     0.000 r  
    PS7_X0Y0             PS7                          0.000     0.000 r  design_1_i/processing_system7_0/inst/PS7_i/FCLKCLK[0]
                         net (fo=1, routed)           1.193     1.193    design_1_i/processing_system7_0/inst/FCLK_CLK_unbuffered[0]
    BUFGCTRL_X0Y16       BUFG (Prop_bufg_I_O)         0.101     1.294 r  design_1_i/processing_system7_0/inst/buffer_fclk_clk_0.FCLK_CLK_0_BUFG/O
                         net (fo=19621, routed)       1.680     2.974    design_1_i/kv_cache_axi_wrapper_0/inst/u_kv_core/clk
    RAMB18_X2Y30         RAMB18E1                                     r  design_1_i/kv_cache_axi_wrapper_0/inst/u_kv_core/gen_bram_way[4].tag_mem_reg/CLKARDCLK
  -------------------------------------------------------------------    -------------------
    RAMB18_X2Y30         RAMB18E1 (Prop_ramb18e1_CLKARDCLK_DOADO[1])
                                                      2.454     5.428 r  design_1_i/kv_cache_axi_wrapper_0/inst/u_kv_core/gen_bram_way[4].tag_mem_reg/DOADO[1]
                         net (fo=3, routed)           1.158     6.587    design_1_i/kv_cache_axi_wrapper_0/inst/u_kv_core/u_codec_v/gen_bram_way[4].rd_tag_reg[4]_372[1]
    SLICE_X37Y69         LUT2 (Prop_lut2_I1_O)        0.124     6.711 r  design_1_i/kv_cache_axi_wrapper_0/inst/u_kv_core/u_codec_v/m_axi_awaddr[22]_i_308/O
                         net (fo=1, routed)           0.000     6.711    design_1_i/kv_cache_axi_wrapper_0/inst/u_kv_core/u_codec_v/m_axi_awaddr[22]_i_308_n_0
    SLICE_X37Y69         CARRY4 (Prop_carry4_S[1]_CO[3])
                                                      0.550     7.261 r  design_1_i/kv_cache_axi_wrapper_0/inst/u_kv_core/u_codec_v/m_axi_awaddr_reg[22]_i_209/CO[3]
                         net (fo=1, routed)           0.000     7.261    design_1_i/kv_cache_axi_wrapper_0/inst/u_kv_core/u_codec_v/m_axi_awaddr_reg[22]_i_209_n_0
    SLICE_X37Y70         CARRY4 (Prop_carry4_CI_CO[3])
                                                      0.114     7.375 r  design_1_i/kv_cache_axi_wrapper_0/inst/u_kv_core/u_codec_v/m_axi_awaddr_reg[22]_i_115/CO[3]
                         net (fo=1, routed)           0.000     7.375    design_1_i/kv_cache_axi_wrapper_0/inst/u_kv_core/u_codec_v/m_axi_awaddr_reg[22]_i_115_n_0
    SLICE_X37Y71         CARRY4 (Prop_carry4_CI_O[1])
                                                      0.334     7.709 r  design_1_i/kv_cache_axi_wrapper_0/inst/u_kv_core/u_codec_v/m_axi_awaddr_reg[22]_i_85/O[1]
                         net (fo=2, routed)           0.832     8.541    design_1_i/kv_cache_axi_wrapper_0/inst/u_kv_core/u_codec_v/final_victim68_out[9]
    SLICE_X38Y70         LUT4 (Prop_lut4_I0_O)        0.303     8.844 r  design_1_i/kv_cache_axi_wrapper_0/inst/u_kv_core/u_codec_v/m_axi_awaddr[22]_i_208/O
                         net (fo=1, routed)           0.000     8.844    design_1_i/kv_cache_axi_wrapper_0/inst/u_kv_core/u_codec_v/m_axi_awaddr[22]_i_208_n_0
    SLICE_X38Y70         CARRY4 (Prop_carry4_S[0]_CO[3])
                                                      0.513     9.357 r  design_1_i/kv_cache_axi_wrapper_0/inst/u_kv_core/u_codec_v/m_axi_awaddr_reg[22]_i_114/CO[3]
                         net (fo=1, routed)           0.000     9.357    design_1_i/kv_cache_axi_wrapper_0/inst/u_kv_core/u_codec_v/m_axi_awaddr_reg[22]_i_114_n_0
    SLICE_X38Y71         CARRY4 (Prop_carry4_CI_CO[3])
                                                      0.117     9.474 r  design_1_i/kv_cache_axi_wrapper_0/inst/u_kv_core/u_codec_v/m_axi_awaddr_reg[22]_i_84/CO[3]
                         net (fo=1, routed)           0.000     9.474    design_1_i/kv_cache_axi_wrapper_0/inst/u_kv_core/u_codec_v/m_axi_awaddr_reg[22]_i_84_n_0
    SLICE_X38Y72         CARRY4 (Prop_carry4_CI_CO[3])
                                                      0.117     9.591 r  design_1_i/kv_cache_axi_wrapper_0/inst/u_kv_core/u_codec_v/m_axi_awaddr_reg[22]_i_69/CO[3]
                         net (fo=1, routed)           1.110    10.701    design_1_i/kv_cache_axi_wrapper_0/inst/u_kv_core/u_codec_v/final_victim530_in
    SLICE_X42Y66         LUT4 (Prop_lut4_I2_O)        0.150    10.851 f  design_1_i/kv_cache_axi_wrapper_0/inst/u_kv_core/u_codec_v/m_axi_awaddr[22]_i_56/O
                         net (fo=6, routed)           0.324    11.175    design_1_i/kv_cache_axi_wrapper_0/inst/u_kv_core/u_codec_v/slv_reg8_reg[27]_2
    SLICE_X45Y66         LUT5 (Prop_lut5_I2_O)        0.328    11.503 f  design_1_i/kv_cache_axi_wrapper_0/inst/u_kv_core/u_codec_v/m_axi_awaddr[22]_i_47/O
                         net (fo=3, routed)           1.033    12.537    design_1_i/kv_cache_axi_wrapper_0/inst/u_kv_core/u_codec_k/m_axi_awaddr[22]_i_17_1
    SLICE_X45Y65         LUT3 (Prop_lut3_I0_O)        0.152    12.689 f  design_1_i/kv_cache_axi_wrapper_0/inst/u_kv_core/u_codec_k/m_axi_awaddr[22]_i_34/O
                         net (fo=2, routed)           0.826    13.515    design_1_i/kv_cache_axi_wrapper_0/inst/u_kv_core/u_codec_k/m_axi_awaddr[22]_i_34_n_0
    SLICE_X46Y65         LUT6 (Prop_lut6_I0_O)        0.332    13.847 r  design_1_i/kv_cache_axi_wrapper_0/inst/u_kv_core/u_codec_k/m_axi_awaddr[22]_i_21/O
                         net (fo=1, routed)           0.466    14.312    design_1_i/kv_cache_axi_wrapper_0/inst/u_kv_core/u_codec_k/m_axi_awaddr[22]_i_21_n_0
    SLICE_X46Y65         LUT6 (Prop_lut6_I2_O)        0.124    14.436 r  design_1_i/kv_cache_axi_wrapper_0/inst/u_kv_core/u_codec_k/m_axi_awaddr[22]_i_8/O
                         net (fo=244, routed)         0.685    15.122    design_1_i/kv_cache_axi_wrapper_0/inst/u_kv_core/gen_set[66].u_set/u_plru/tree_bits[6]_i_2__287_0
    SLICE_X51Y64         LUT3 (Prop_lut3_I2_O)        0.117    15.239 r  design_1_i/kv_cache_axi_wrapper_0/inst/u_kv_core/gen_set[66].u_set/u_plru/tree_bits[6]_i_9__0/O
                         net (fo=70, routed)          2.396    17.635    design_1_i/kv_cache_axi_wrapper_0/inst/u_kv_core/u_codec_k/final_wr_way[0]
    SLICE_X67Y11         LUT6 (Prop_lut6_I1_O)        0.332    17.967 r  design_1_i/kv_cache_axi_wrapper_0/inst/u_kv_core/u_codec_k/dirty_reg[7]_i_5__10/O
                         net (fo=168, routed)         1.475    19.442    design_1_i/kv_cache_axi_wrapper_0/inst/u_kv_core/u_codec_k/dirty_reg[7]_i_5__10_n_0
    SLICE_X82Y11         LUT3 (Prop_lut3_I1_O)        0.153    19.595 r  design_1_i/kv_cache_axi_wrapper_0/inst/u_kv_core/u_codec_k/dirty_reg[1]_i_2/O
                         net (fo=23, routed)          0.632    20.227    design_1_i/kv_cache_axi_wrapper_0/inst/u_kv_core/u_codec_k/dirty_reg[1]_i_2_n_0
    SLICE_X83Y13         LUT5 (Prop_lut5_I3_O)        0.331    20.558 r  design_1_i/kv_cache_axi_wrapper_0/inst/u_kv_core/u_codec_k/dirty_reg[1]_i_1__177/O
                         net (fo=1, routed)           0.000    20.558    design_1_i/kv_cache_axi_wrapper_0/inst/u_kv_core/gen_set[11].u_set/dirty_reg_reg[1]_0
    SLICE_X83Y13         FDCE                                         r  design_1_i/kv_cache_axi_wrapper_0/inst/u_kv_core/gen_set[11].u_set/dirty_reg_reg[1]/D
  -------------------------------------------------------------------    -------------------

                         (clock clk_fpga_0 rise edge)
                                                     20.000    20.000 r  
    PS7_X0Y0             PS7                          0.000    20.000 r  design_1_i/processing_system7_0/inst/PS7_i/FCLKCLK[0]
                         net (fo=1, routed)           1.088    21.088    design_1_i/processing_system7_0/inst/FCLK_CLK_unbuffered[0]
    BUFGCTRL_X0Y16       BUFG (Prop_bufg_I_O)         0.091    21.179 r  design_1_i/processing_system7_0/inst/buffer_fclk_clk_0.FCLK_CLK_0_BUFG/O
                         net (fo=19621, routed)       1.557    22.736    design_1_i/kv_cache_axi_wrapper_0/inst/u_kv_core/gen_set[11].u_set/clk
    SLICE_X83Y13         FDCE                                         r  design_1_i/kv_cache_axi_wrapper_0/inst/u_kv_core/gen_set[11].u_set/dirty_reg_reg[1]/C
                         clock pessimism              0.115    22.851    
                         clock uncertainty           -0.302    22.549    
    SLICE_X83Y13         FDCE (Setup_fdce_C_D)        0.031    22.580    design_1_i/kv_cache_axi_wrapper_0/inst/u_kv_core/gen_set[11].u_set/dirty_reg_reg[1]
  -------------------------------------------------------------------
                         required time                         22.580    
                         arrival time                         -20.558    
  -------------------------------------------------------------------
                         slack                                  2.022    

Slack (MET) :             2.031ns  (required time - arrival time)
  Source:                 design_1_i/kv_cache_axi_wrapper_0/inst/u_kv_core/gen_bram_way[3].tag_mem_reg/CLKARDCLK
                            (rising edge-triggered cell RAMB18E1 clocked by clk_fpga_0  {rise@0.000ns fall@10.000ns period=20.000ns})
  Destination:            design_1_i/kv_cache_axi_wrapper_0/inst/u_kv_core/gen_set[22].u_set/dirty_reg_reg[5]/D
                            (rising edge-triggered cell FDCE clocked by clk_fpga_0  {rise@0.000ns fall@10.000ns period=20.000ns})
  Path Group:             clk_fpga_0
  Path Type:              Setup (Max at Slow Process Corner)
  Requirement:            20.000ns  (clk_fpga_0 rise@20.000ns - clk_fpga_0 rise@0.000ns)
  Data Path Delay:        17.574ns  (logic 6.412ns (36.485%)  route 11.162ns (63.515%))
  Logic Levels:           17  (CARRY4=6 LUT2=1 LUT3=4 LUT4=1 LUT5=1 LUT6=4)
  Clock Path Skew:        -0.122ns (DCD - SCD + CPR)
    Destination Clock Delay (DCD):    2.733ns = ( 22.733 - 20.000 ) 
    Source Clock Delay      (SCD):    2.970ns
    Clock Pessimism Removal (CPR):    0.115ns
  Clock Uncertainty:      0.302ns  ((TSJ^2 + TIJ^2)^1/2 + DJ) / 2 + PE
    Total System Jitter     (TSJ):    0.071ns
    Total Input Jitter      (TIJ):    0.600ns
    Discrete Jitter          (DJ):    0.000ns
    Phase Error              (PE):    0.000ns

    Location             Delay type                Incr(ns)  Path(ns)    Netlist Resource(s)
  -------------------------------------------------------------------    -------------------
                         (clock clk_fpga_0 rise edge)
                                                      0.000     0.000 r  
    PS7_X0Y0             PS7                          0.000     0.000 r  design_1_i/processing_system7_0/inst/PS7_i/FCLKCLK[0]
                         net (fo=1, routed)           1.193     1.193    design_1_i/processing_system7_0/inst/FCLK_CLK_unbuffered[0]
    BUFGCTRL_X0Y16       BUFG (Prop_bufg_I_O)         0.101     1.294 r  design_1_i/processing_system7_0/inst/buffer_fclk_clk_0.FCLK_CLK_0_BUFG/O
                         net (fo=19621, routed)       1.676     2.970    design_1_i/kv_cache_axi_wrapper_0/inst/u_kv_core/clk
    RAMB18_X2Y29         RAMB18E1                                     r  design_1_i/kv_cache_axi_wrapper_0/inst/u_kv_core/gen_bram_way[3].tag_mem_reg/CLKARDCLK
  -------------------------------------------------------------------    -------------------
    RAMB18_X2Y29         RAMB18E1 (Prop_ramb18e1_CLKARDCLK_DOADO[1])
                                                      2.454     5.424 r  design_1_i/kv_cache_axi_wrapper_0/inst/u_kv_core/gen_bram_way[3].tag_mem_reg/DOADO[1]
                         net (fo=3, routed)           0.999     6.423    design_1_i/kv_cache_axi_wrapper_0/inst/u_kv_core/u_codec_v/gen_bram_way[3].rd_tag_reg[3]_371[1]
    SLICE_X34Y66         LUT2 (Prop_lut2_I1_O)        0.124     6.547 r  design_1_i/kv_cache_axi_wrapper_0/inst/u_kv_core/u_codec_v/m_axi_awaddr[22]_i_236/O
                         net (fo=1, routed)           0.000     6.547    design_1_i/kv_cache_axi_wrapper_0/inst/u_kv_core/u_codec_v/m_axi_awaddr[22]_i_236_n_0
    SLICE_X34Y66         CARRY4 (Prop_carry4_S[1]_CO[3])
                                                      0.533     7.080 r  design_1_i/kv_cache_axi_wrapper_0/inst/u_kv_core/u_codec_v/m_axi_awaddr_reg[22]_i_137/CO[3]
                         net (fo=1, routed)           0.000     7.080    design_1_i/kv_cache_axi_wrapper_0/inst/u_kv_core/u_codec_v/m_axi_awaddr_reg[22]_i_137_n_0
    SLICE_X34Y67         CARRY4 (Prop_carry4_CI_CO[3])
                                                      0.117     7.197 r  design_1_i/kv_cache_axi_wrapper_0/inst/u_kv_core/u_codec_v/m_axi_awaddr_reg[22]_i_91/CO[3]
                         net (fo=1, routed)           0.000     7.197    design_1_i/kv_cache_axi_wrapper_0/inst/u_kv_core/u_codec_v/m_axi_awaddr_reg[22]_i_91_n_0
    SLICE_X34Y68         CARRY4 (Prop_carry4_CI_O[1])
                                                      0.323     7.520 r  design_1_i/kv_cache_axi_wrapper_0/inst/u_kv_core/u_codec_v/m_axi_awaddr_reg[22]_i_73/O[1]
                         net (fo=2, routed)           0.806     8.326    design_1_i/kv_cache_axi_wrapper_0/inst/u_kv_core/u_codec_v/final_victim66_out[9]
    SLICE_X34Y70         LUT4 (Prop_lut4_I0_O)        0.306     8.632 r  design_1_i/kv_cache_axi_wrapper_0/inst/u_kv_core/u_codec_v/m_axi_awaddr[22]_i_136/O
                         net (fo=1, routed)           0.000     8.632    design_1_i/kv_cache_axi_wrapper_0/inst/u_kv_core/u_codec_v/m_axi_awaddr[22]_i_136_n_0
    SLICE_X34Y70         CARRY4 (Prop_carry4_S[0]_CO[3])
                                                      0.513     9.145 r  design_1_i/kv_cache_axi_wrapper_0/inst/u_kv_core/u_codec_v/m_axi_awaddr_reg[22]_i_90/CO[3]
                         net (fo=1, routed)           0.000     9.145    design_1_i/kv_cache_axi_wrapper_0/inst/u_kv_core/u_codec_v/m_axi_awaddr_reg[22]_i_90_n_0
    SLICE_X34Y71         CARRY4 (Prop_carry4_CI_CO[3])
                                                      0.117     9.262 r  design_1_i/kv_cache_axi_wrapper_0/inst/u_kv_core/u_codec_v/m_axi_awaddr_reg[22]_i_72/CO[3]
                         net (fo=1, routed)           0.000     9.262    design_1_i/kv_cache_axi_wrapper_0/inst/u_kv_core/u_codec_v/m_axi_awaddr_reg[22]_i_72_n_0
    SLICE_X34Y72         CARRY4 (Prop_carry4_CI_CO[3])
                                                      0.117     9.379 r  design_1_i/kv_cache_axi_wrapper_0/inst/u_kv_core/u_codec_v/m_axi_awaddr_reg[22]_i_61/CO[3]
                         net (fo=3, routed)           1.297    10.676    design_1_i/kv_cache_axi_wrapper_0/inst/u_kv_core/u_codec_v/CO[0]
    SLICE_X43Y65         LUT3 (Prop_lut3_I1_O)        0.150    10.826 r  design_1_i/kv_cache_axi_wrapper_0/inst/u_kv_core/u_codec_v/m_axi_awaddr[22]_i_43/O
                         net (fo=4, routed)           0.614    11.440    design_1_i/kv_cache_axi_wrapper_0/inst/u_kv_core/u_codec_v/slv_reg7_reg[31]
    SLICE_X44Y65         LUT6 (Prop_lut6_I5_O)        0.326    11.766 f  design_1_i/kv_cache_axi_wrapper_0/inst/u_kv_core/u_codec_v/m_axi_awaddr[22]_i_48/O
                         net (fo=2, routed)           0.667    12.433    design_1_i/kv_cache_axi_wrapper_0/inst/u_kv_core/u_codec_k/m_axi_awaddr[22]_i_13
    SLICE_X45Y65         LUT3 (Prop_lut3_I2_O)        0.152    12.585 f  design_1_i/kv_cache_axi_wrapper_0/inst/u_kv_core/u_codec_k/m_axi_awaddr[22]_i_32/O
                         net (fo=5, routed)           0.834    13.418    design_1_i/kv_cache_axi_wrapper_0/inst/u_kv_core/u_codec_k/cur_raw_victim_reg[2]_1
    SLICE_X46Y65         LUT6 (Prop_lut6_I2_O)        0.326    13.744 r  design_1_i/kv_cache_axi_wrapper_0/inst/u_kv_core/u_codec_k/m_axi_awaddr[22]_i_17/O
                         net (fo=1, routed)           0.590    14.334    design_1_i/kv_cache_axi_wrapper_0/inst/u_kv_core/u_codec_k/m_axi_awaddr[22]_i_17_n_0
    SLICE_X46Y64         LUT6 (Prop_lut6_I3_O)        0.124    14.458 r  design_1_i/kv_cache_axi_wrapper_0/inst/u_kv_core/u_codec_k/m_axi_awaddr[22]_i_7/O
                         net (fo=176, routed)         1.420    15.879    design_1_i/kv_cache_axi_wrapper_0/inst/u_kv_core/gen_set[352].u_set/u_plru/valid_reg_reg[4]_0
    SLICE_X40Y42         LUT3 (Prop_lut3_I2_O)        0.124    16.003 f  design_1_i/kv_cache_axi_wrapper_0/inst/u_kv_core/gen_set[352].u_set/u_plru/valid_reg[7]_i_2__0/O
                         net (fo=943, routed)         1.868    17.871    design_1_i/kv_cache_axi_wrapper_0/inst/u_kv_core/u_codec_k/final_wr_way[1]
    SLICE_X56Y12         LUT6 (Prop_lut6_I1_O)        0.124    17.995 f  design_1_i/kv_cache_axi_wrapper_0/inst/u_kv_core/u_codec_k/dirty_reg[6]_i_3__2/O
                         net (fo=168, routed)         1.532    19.526    design_1_i/kv_cache_axi_wrapper_0/inst/u_kv_core/u_codec_k/dirty_reg[6]_i_3__2_n_0
    SLICE_X79Y13         LUT3 (Prop_lut3_I2_O)        0.150    19.676 r  design_1_i/kv_cache_axi_wrapper_0/inst/u_kv_core/u_codec_k/dirty_reg[5]_i_2/O
                         net (fo=23, routed)          0.536    20.213    design_1_i/kv_cache_axi_wrapper_0/inst/u_kv_core/u_codec_k/dirty_reg[5]_i_2_n_0
    SLICE_X75Y13         LUT5 (Prop_lut5_I3_O)        0.332    20.545 r  design_1_i/kv_cache_axi_wrapper_0/inst/u_kv_core/u_codec_k/dirty_reg[5]_i_1__166/O
                         net (fo=1, routed)           0.000    20.545    design_1_i/kv_cache_axi_wrapper_0/inst/u_kv_core/gen_set[22].u_set/dirty_reg_reg[5]_0
    SLICE_X75Y13         FDCE                                         r  design_1_i/kv_cache_axi_wrapper_0/inst/u_kv_core/gen_set[22].u_set/dirty_reg_reg[5]/D
  -------------------------------------------------------------------    -------------------

                         (clock clk_fpga_0 rise edge)
                                                     20.000    20.000 r  
    PS7_X0Y0             PS7                          0.000    20.000 r  design_1_i/processing_system7_0/inst/PS7_i/FCLKCLK[0]
                         net (fo=1, routed)           1.088    21.088    design_1_i/processing_system7_0/inst/FCLK_CLK_unbuffered[0]
    BUFGCTRL_X0Y16       BUFG (Prop_bufg_I_O)         0.091    21.179 r  design_1_i/processing_system7_0/inst/buffer_fclk_clk_0.FCLK_CLK_0_BUFG/O
                         net (fo=19621, routed)       1.554    22.733    design_1_i/kv_cache_axi_wrapper_0/inst/u_kv_core/gen_set[22].u_set/clk
    SLICE_X75Y13         FDCE                                         r  design_1_i/kv_cache_axi_wrapper_0/inst/u_kv_core/gen_set[22].u_set/dirty_reg_reg[5]/C
                         clock pessimism              0.115    22.848    
                         clock uncertainty           -0.302    22.546    
    SLICE_X75Y13         FDCE (Setup_fdce_C_D)        0.029    22.575    design_1_i/kv_cache_axi_wrapper_0/inst/u_kv_core/gen_set[22].u_set/dirty_reg_reg[5]
  -------------------------------------------------------------------
                         required time                         22.575    
                         arrival time                         -20.545    
  -------------------------------------------------------------------
                         slack                                  2.031    





Min Delay Paths
--------------------------------------------------------------------------------------
Slack (MET) :             0.033ns  (arrival time - required time)
  Source:                 design_1_i/kv_cache_axi_wrapper_0/inst/u_kv_core/gen_set[330].u_set/u_random/lfsr_reg_reg[2]/C
                            (rising edge-triggered cell FDPE clocked by clk_fpga_0  {rise@0.000ns fall@10.000ns period=20.000ns})
  Destination:            design_1_i/kv_cache_axi_wrapper_0/inst/u_kv_core/gen_set[330].u_set/u_random/lfsr_reg_reg[3]/D
                            (rising edge-triggered cell FDPE clocked by clk_fpga_0  {rise@0.000ns fall@10.000ns period=20.000ns})
  Path Group:             clk_fpga_0
  Path Type:              Hold (Min at Fast Process Corner)
  Requirement:            0.000ns  (clk_fpga_0 rise@0.000ns - clk_fpga_0 rise@0.000ns)
  Data Path Delay:        0.374ns  (logic 0.141ns (37.702%)  route 0.233ns (62.298%))
  Logic Levels:           0  
  Clock Path Skew:        0.266ns (DCD - SCD - CPR)
    Destination Clock Delay (DCD):    1.193ns
    Source Clock Delay      (SCD):    0.892ns
    Clock Pessimism Removal (CPR):    0.035ns

    Location             Delay type                Incr(ns)  Path(ns)    Netlist Resource(s)
  -------------------------------------------------------------------    -------------------
                         (clock clk_fpga_0 rise edge)
                                                      0.000     0.000 r  
    PS7_X0Y0             PS7                          0.000     0.000 r  design_1_i/processing_system7_0/inst/PS7_i/FCLKCLK[0]
                         net (fo=1, routed)           0.310     0.310    design_1_i/processing_system7_0/inst/FCLK_CLK_unbuffered[0]
    BUFGCTRL_X0Y16       BUFG (Prop_bufg_I_O)         0.026     0.336 r  design_1_i/processing_system7_0/inst/buffer_fclk_clk_0.FCLK_CLK_0_BUFG/O
                         net (fo=19621, routed)       0.556     0.891    design_1_i/kv_cache_axi_wrapper_0/inst/u_kv_core/gen_set[330].u_set/u_random/clk
    SLICE_X52Y39         FDPE                                         r  design_1_i/kv_cache_axi_wrapper_0/inst/u_kv_core/gen_set[330].u_set/u_random/lfsr_reg_reg[2]/C
  -------------------------------------------------------------------    -------------------
    SLICE_X52Y39         FDPE (Prop_fdpe_C_Q)         0.141     1.033 r  design_1_i/kv_cache_axi_wrapper_0/inst/u_kv_core/gen_set[330].u_set/u_random/lfsr_reg_reg[2]/Q
                         net (fo=2, routed)           0.233     1.265    design_1_i/kv_cache_axi_wrapper_0/inst/u_kv_core/gen_set[330].u_set/u_random/Q[2]
    SLICE_X49Y38         FDPE                                         r  design_1_i/kv_cache_axi_wrapper_0/inst/u_kv_core/gen_set[330].u_set/u_random/lfsr_reg_reg[3]/D
  -------------------------------------------------------------------    -------------------

                         (clock clk_fpga_0 rise edge)
                                                      0.000     0.000 r  
    PS7_X0Y0             PS7                          0.000     0.000 r  design_1_i/processing_system7_0/inst/PS7_i/FCLKCLK[0]
                         net (fo=1, routed)           0.337     0.337    design_1_i/processing_system7_0/inst/FCLK_CLK_unbuffered[0]
    BUFGCTRL_X0Y16       BUFG (Prop_bufg_I_O)         0.029     0.366 r  design_1_i/processing_system7_0/inst/buffer_fclk_clk_0.FCLK_CLK_0_BUFG/O
                         net (fo=19621, routed)       0.827     1.193    design_1_i/kv_cache_axi_wrapper_0/inst/u_kv_core/gen_set[330].u_set/u_random/clk
    SLICE_X49Y38         FDPE                                         r  design_1_i/kv_cache_axi_wrapper_0/inst/u_kv_core/gen_set[330].u_set/u_random/lfsr_reg_reg[3]/C
                         clock pessimism             -0.035     1.158    
    SLICE_X49Y38         FDPE (Hold_fdpe_C_D)         0.075     1.233    design_1_i/kv_cache_axi_wrapper_0/inst/u_kv_core/gen_set[330].u_set/u_random/lfsr_reg_reg[3]
  -------------------------------------------------------------------
                         required time                         -1.233    
                         arrival time                           1.265    
  -------------------------------------------------------------------
                         slack                                  0.033    

Slack (MET) :             0.045ns  (arrival time - required time)
  Source:                 design_1_i/kv_cache_axi_wrapper_0/inst/u_kv_core/gen_set[374].u_set/u_random/lfsr_reg_reg[0]/C
                            (rising edge-triggered cell FDPE clocked by clk_fpga_0  {rise@0.000ns fall@10.000ns period=20.000ns})
  Destination:            design_1_i/kv_cache_axi_wrapper_0/inst/u_kv_core/gen_set[374].u_set/u_random/lfsr_reg_reg[1]/D
                            (rising edge-triggered cell FDPE clocked by clk_fpga_0  {rise@0.000ns fall@10.000ns period=20.000ns})
  Path Group:             clk_fpga_0
  Path Type:              Hold (Min at Fast Process Corner)
  Requirement:            0.000ns  (clk_fpga_0 rise@0.000ns - clk_fpga_0 rise@0.000ns)
  Data Path Delay:        0.381ns  (logic 0.141ns (37.054%)  route 0.240ns (62.946%))
  Logic Levels:           0  
  Clock Path Skew:        0.260ns (DCD - SCD - CPR)
    Destination Clock Delay (DCD):    1.187ns
    Source Clock Delay      (SCD):    0.892ns
    Clock Pessimism Removal (CPR):    0.035ns

    Location             Delay type                Incr(ns)  Path(ns)    Netlist Resource(s)
  -------------------------------------------------------------------    -------------------
                         (clock clk_fpga_0 rise edge)
                                                      0.000     0.000 r  
    PS7_X0Y0             PS7                          0.000     0.000 r  design_1_i/processing_system7_0/inst/PS7_i/FCLKCLK[0]
                         net (fo=1, routed)           0.310     0.310    design_1_i/processing_system7_0/inst/FCLK_CLK_unbuffered[0]
    BUFGCTRL_X0Y16       BUFG (Prop_bufg_I_O)         0.026     0.336 r  design_1_i/processing_system7_0/inst/buffer_fclk_clk_0.FCLK_CLK_0_BUFG/O
                         net (fo=19621, routed)       0.556     0.892    design_1_i/kv_cache_axi_wrapper_0/inst/u_kv_core/gen_set[374].u_set/u_random/clk
    SLICE_X49Y51         FDPE                                         r  design_1_i/kv_cache_axi_wrapper_0/inst/u_kv_core/gen_set[374].u_set/u_random/lfsr_reg_reg[0]/C
  -------------------------------------------------------------------    -------------------
    SLICE_X49Y51         FDPE (Prop_fdpe_C_Q)         0.141     1.033 r  design_1_i/kv_cache_axi_wrapper_0/inst/u_kv_core/gen_set[374].u_set/u_random/lfsr_reg_reg[0]/Q
                         net (fo=2, routed)           0.240     1.272    design_1_i/kv_cache_axi_wrapper_0/inst/u_kv_core/gen_set[374].u_set/u_random/Q[0]
    SLICE_X52Y51         FDPE                                         r  design_1_i/kv_cache_axi_wrapper_0/inst/u_kv_core/gen_set[374].u_set/u_random/lfsr_reg_reg[1]/D
  -------------------------------------------------------------------    -------------------

                         (clock clk_fpga_0 rise edge)
                                                      0.000     0.000 r  
    PS7_X0Y0             PS7                          0.000     0.000 r  design_1_i/processing_system7_0/inst/PS7_i/FCLKCLK[0]
                         net (fo=1, routed)           0.337     0.337    design_1_i/processing_system7_0/inst/FCLK_CLK_unbuffered[0]
    BUFGCTRL_X0Y16       BUFG (Prop_bufg_I_O)         0.029     0.366 r  design_1_i/processing_system7_0/inst/buffer_fclk_clk_0.FCLK_CLK_0_BUFG/O
                         net (fo=19621, routed)       0.821     1.187    design_1_i/kv_cache_axi_wrapper_0/inst/u_kv_core/gen_set[374].u_set/u_random/clk
    SLICE_X52Y51         FDPE                                         r  design_1_i/kv_cache_axi_wrapper_0/inst/u_kv_core/gen_set[374].u_set/u_random/lfsr_reg_reg[1]/C
                         clock pessimism             -0.035     1.152    
    SLICE_X52Y51         FDPE (Hold_fdpe_C_D)         0.075     1.227    design_1_i/kv_cache_axi_wrapper_0/inst/u_kv_core/gen_set[374].u_set/u_random/lfsr_reg_reg[1]
  -------------------------------------------------------------------
                         required time                         -1.227    
                         arrival time                           1.272    
  -------------------------------------------------------------------
                         slack                                  0.045    

Slack (MET) :             0.046ns  (arrival time - required time)
  Source:                 design_1_i/kv_cache_axi_wrapper_0/inst/u_kv_core/gen_set[330].u_set/u_random/lfsr_reg_reg[0]/C
                            (rising edge-triggered cell FDPE clocked by clk_fpga_0  {rise@0.000ns fall@10.000ns period=20.000ns})
  Destination:            design_1_i/kv_cache_axi_wrapper_0/inst/u_kv_core/gen_set[330].u_set/u_random/lfsr_reg_reg[1]/D
                            (rising edge-triggered cell FDPE clocked by clk_fpga_0  {rise@0.000ns fall@10.000ns period=20.000ns})
  Path Group:             clk_fpga_0
  Path Type:              Hold (Min at Fast Process Corner)
  Requirement:            0.000ns  (clk_fpga_0 rise@0.000ns - clk_fpga_0 rise@0.000ns)
  Data Path Delay:        0.377ns  (logic 0.141ns (37.361%)  route 0.236ns (62.639%))
  Logic Levels:           0  
  Clock Path Skew:        0.259ns (DCD - SCD - CPR)
    Destination Clock Delay (DCD):    1.189ns
    Source Clock Delay      (SCD):    0.895ns
    Clock Pessimism Removal (CPR):    0.035ns

    Location             Delay type                Incr(ns)  Path(ns)    Netlist Resource(s)
  -------------------------------------------------------------------    -------------------
                         (clock clk_fpga_0 rise edge)
                                                      0.000     0.000 r  
    PS7_X0Y0             PS7                          0.000     0.000 r  design_1_i/processing_system7_0/inst/PS7_i/FCLKCLK[0]
                         net (fo=1, routed)           0.310     0.310    design_1_i/processing_system7_0/inst/FCLK_CLK_unbuffered[0]
    BUFGCTRL_X0Y16       BUFG (Prop_bufg_I_O)         0.026     0.336 r  design_1_i/processing_system7_0/inst/buffer_fclk_clk_0.FCLK_CLK_0_BUFG/O
                         net (fo=19621, routed)       0.559     0.895    design_1_i/kv_cache_axi_wrapper_0/inst/u_kv_core/gen_set[330].u_set/u_random/clk
    SLICE_X49Y38         FDPE                                         r  design_1_i/kv_cache_axi_wrapper_0/inst/u_kv_core/gen_set[330].u_set/u_random/lfsr_reg_reg[0]/C
  -------------------------------------------------------------------    -------------------
    SLICE_X49Y38         FDPE (Prop_fdpe_C_Q)         0.141     1.036 r  design_1_i/kv_cache_axi_wrapper_0/inst/u_kv_core/gen_set[330].u_set/u_random/lfsr_reg_reg[0]/Q
                         net (fo=2, routed)           0.236     1.272    design_1_i/kv_cache_axi_wrapper_0/inst/u_kv_core/gen_set[330].u_set/u_random/Q[0]
    SLICE_X52Y38         FDPE                                         r  design_1_i/kv_cache_axi_wrapper_0/inst/u_kv_core/gen_set[330].u_set/u_random/lfsr_reg_reg[1]/D
  -------------------------------------------------------------------    -------------------

                         (clock clk_fpga_0 rise edge)
                                                      0.000     0.000 r  
    PS7_X0Y0             PS7                          0.000     0.000 r  design_1_i/processing_system7_0/inst/PS7_i/FCLKCLK[0]
                         net (fo=1, routed)           0.337     0.337    design_1_i/processing_system7_0/inst/FCLK_CLK_unbuffered[0]
    BUFGCTRL_X0Y16       BUFG (Prop_bufg_I_O)         0.029     0.366 r  design_1_i/processing_system7_0/inst/buffer_fclk_clk_0.FCLK_CLK_0_BUFG/O
                         net (fo=19621, routed)       0.823     1.189    design_1_i/kv_cache_axi_wrapper_0/inst/u_kv_core/gen_set[330].u_set/u_random/clk
    SLICE_X52Y38         FDPE                                         r  design_1_i/kv_cache_axi_wrapper_0/inst/u_kv_core/gen_set[330].u_set/u_random/lfsr_reg_reg[1]/C
                         clock pessimism             -0.035     1.154    
    SLICE_X52Y38         FDPE (Hold_fdpe_C_D)         0.072     1.226    design_1_i/kv_cache_axi_wrapper_0/inst/u_kv_core/gen_set[330].u_set/u_random/lfsr_reg_reg[1]
  -------------------------------------------------------------------
                         required time                         -1.226    
                         arrival time                           1.272    
  -------------------------------------------------------------------
                         slack                                  0.046    

Slack (MET) :             0.046ns  (arrival time - required time)
  Source:                 design_1_i/kv_cache_axi_wrapper_0/inst/u_kv_core/gen_set[375].u_set/u_random/lfsr_reg_reg[3]/C
                            (rising edge-triggered cell FDPE clocked by clk_fpga_0  {rise@0.000ns fall@10.000ns period=20.000ns})
  Destination:            design_1_i/kv_cache_axi_wrapper_0/inst/u_kv_core/gen_set[375].u_set/u_random/lfsr_reg_reg[0]/D
                            (rising edge-triggered cell FDPE clocked by clk_fpga_0  {rise@0.000ns fall@10.000ns period=20.000ns})
  Path Group:             clk_fpga_0
  Path Type:              Hold (Min at Fast Process Corner)
  Requirement:            0.000ns  (clk_fpga_0 rise@0.000ns - clk_fpga_0 rise@0.000ns)
  Data Path Delay:        0.433ns  (logic 0.246ns (56.873%)  route 0.187ns (43.127%))
  Logic Levels:           1  (LUT4=1)
  Clock Path Skew:        0.266ns (DCD - SCD - CPR)
    Destination Clock Delay (DCD):    1.196ns
    Source Clock Delay      (SCD):    0.895ns
    Clock Pessimism Removal (CPR):    0.035ns

    Location             Delay type                Incr(ns)  Path(ns)    Netlist Resource(s)
  -------------------------------------------------------------------    -------------------
                         (clock clk_fpga_0 rise edge)
                                                      0.000     0.000 r  
    PS7_X0Y0             PS7                          0.000     0.000 r  design_1_i/processing_system7_0/inst/PS7_i/FCLKCLK[0]
                         net (fo=1, routed)           0.310     0.310    design_1_i/processing_system7_0/inst/FCLK_CLK_unbuffered[0]
    BUFGCTRL_X0Y16       BUFG (Prop_bufg_I_O)         0.026     0.336 r  design_1_i/processing_system7_0/inst/buffer_fclk_clk_0.FCLK_CLK_0_BUFG/O
                         net (fo=19621, routed)       0.559     0.895    design_1_i/kv_cache_axi_wrapper_0/inst/u_kv_core/gen_set[375].u_set/u_random/clk
    SLICE_X50Y49         FDPE                                         r  design_1_i/kv_cache_axi_wrapper_0/inst/u_kv_core/gen_set[375].u_set/u_random/lfsr_reg_reg[3]/C
  -------------------------------------------------------------------    -------------------
    SLICE_X50Y49         FDPE (Prop_fdpe_C_Q)         0.148     1.043 r  design_1_i/kv_cache_axi_wrapper_0/inst/u_kv_core/gen_set[375].u_set/u_random/lfsr_reg_reg[3]/Q
                         net (fo=2, routed)           0.187     1.229    design_1_i/kv_cache_axi_wrapper_0/inst/u_kv_core/gen_set[375].u_set/u_random/lfsr_reg[3]
    SLICE_X46Y49         LUT4 (Prop_lut4_I3_O)        0.098     1.327 r  design_1_i/kv_cache_axi_wrapper_0/inst/u_kv_core/gen_set[375].u_set/u_random/p_0_out/O
                         net (fo=1, routed)           0.000     1.327    design_1_i/kv_cache_axi_wrapper_0/inst/u_kv_core/gen_set[375].u_set/u_random/p_0_out_n_0
    SLICE_X46Y49         FDPE                                         r  design_1_i/kv_cache_axi_wrapper_0/inst/u_kv_core/gen_set[375].u_set/u_random/lfsr_reg_reg[0]/D
  -------------------------------------------------------------------    -------------------

                         (clock clk_fpga_0 rise edge)
                                                      0.000     0.000 r  
    PS7_X0Y0             PS7                          0.000     0.000 r  design_1_i/processing_system7_0/inst/PS7_i/FCLKCLK[0]
                         net (fo=1, routed)           0.337     0.337    design_1_i/processing_system7_0/inst/FCLK_CLK_unbuffered[0]
    BUFGCTRL_X0Y16       BUFG (Prop_bufg_I_O)         0.029     0.366 r  design_1_i/processing_system7_0/inst/buffer_fclk_clk_0.FCLK_CLK_0_BUFG/O
                         net (fo=19621, routed)       0.830     1.196    design_1_i/kv_cache_axi_wrapper_0/inst/u_kv_core/gen_set[375].u_set/u_random/clk
    SLICE_X46Y49         FDPE                                         r  design_1_i/kv_cache_axi_wrapper_0/inst/u_kv_core/gen_set[375].u_set/u_random/lfsr_reg_reg[0]/C
                         clock pessimism             -0.035     1.161    
    SLICE_X46Y49         FDPE (Hold_fdpe_C_D)         0.120     1.281    design_1_i/kv_cache_axi_wrapper_0/inst/u_kv_core/gen_set[375].u_set/u_random/lfsr_reg_reg[0]
  -------------------------------------------------------------------
                         required time                         -1.281    
                         arrival time                           1.327    
  -------------------------------------------------------------------
                         slack                                  0.046    

Slack (MET) :             0.049ns  (arrival time - required time)
  Source:                 design_1_i/kv_cache_axi_wrapper_0/inst/u_kv_core/u_codec_v/encoded_out_reg[24]/C
                            (rising edge-triggered cell FDCE clocked by clk_fpga_0  {rise@0.000ns fall@10.000ns period=20.000ns})
  Destination:            design_1_i/kv_cache_axi_wrapper_0/inst/m_axi_wdata_reg[56]/D
                            (rising edge-triggered cell FDRE clocked by clk_fpga_0  {rise@0.000ns fall@10.000ns period=20.000ns})
  Path Group:             clk_fpga_0
  Path Type:              Hold (Min at Fast Process Corner)
  Requirement:            0.000ns  (clk_fpga_0 rise@0.000ns - clk_fpga_0 rise@0.000ns)
  Data Path Delay:        0.372ns  (logic 0.141ns (37.857%)  route 0.231ns (62.143%))
  Logic Levels:           0  
  Clock Path Skew:        0.253ns (DCD - SCD - CPR)
    Destination Clock Delay (DCD):    1.210ns
    Source Clock Delay      (SCD):    0.927ns
    Clock Pessimism Removal (CPR):    0.030ns

    Location             Delay type                Incr(ns)  Path(ns)    Netlist Resource(s)
  -------------------------------------------------------------------    -------------------
                         (clock clk_fpga_0 rise edge)
                                                      0.000     0.000 r  
    PS7_X0Y0             PS7                          0.000     0.000 r  design_1_i/processing_system7_0/inst/PS7_i/FCLKCLK[0]
                         net (fo=1, routed)           0.310     0.310    design_1_i/processing_system7_0/inst/FCLK_CLK_unbuffered[0]
    BUFGCTRL_X0Y16       BUFG (Prop_bufg_I_O)         0.026     0.336 r  design_1_i/processing_system7_0/inst/buffer_fclk_clk_0.FCLK_CLK_0_BUFG/O
                         net (fo=19621, routed)       0.591     0.927    design_1_i/kv_cache_axi_wrapper_0/inst/u_kv_core/u_codec_v/clk
    SLICE_X27Y46         FDCE                                         r  design_1_i/kv_cache_axi_wrapper_0/inst/u_kv_core/u_codec_v/encoded_out_reg[24]/C
  -------------------------------------------------------------------    -------------------
    SLICE_X27Y46         FDCE (Prop_fdce_C_Q)         0.141     1.067 r  design_1_i/kv_cache_axi_wrapper_0/inst/u_kv_core/u_codec_v/encoded_out_reg[24]/Q
                         net (fo=1, routed)           0.231     1.299    design_1_i/kv_cache_axi_wrapper_0/inst/ddr_wr_v[24]
    SLICE_X27Y51         FDRE                                         r  design_1_i/kv_cache_axi_wrapper_0/inst/m_axi_wdata_reg[56]/D
  -------------------------------------------------------------------    -------------------

                         (clock clk_fpga_0 rise edge)
                                                      0.000     0.000 r  
    PS7_X0Y0             PS7                          0.000     0.000 r  design_1_i/processing_system7_0/inst/PS7_i/FCLKCLK[0]
                         net (fo=1, routed)           0.337     0.337    design_1_i/processing_system7_0/inst/FCLK_CLK_unbuffered[0]
    BUFGCTRL_X0Y16       BUFG (Prop_bufg_I_O)         0.029     0.366 r  design_1_i/processing_system7_0/inst/buffer_fclk_clk_0.FCLK_CLK_0_BUFG/O
                         net (fo=19621, routed)       0.844     1.210    design_1_i/kv_cache_axi_wrapper_0/inst/clk
    SLICE_X27Y51         FDRE                                         r  design_1_i/kv_cache_axi_wrapper_0/inst/m_axi_wdata_reg[56]/C
                         clock pessimism             -0.030     1.180    
    SLICE_X27Y51         FDRE (Hold_fdre_C_D)         0.070     1.250    design_1_i/kv_cache_axi_wrapper_0/inst/m_axi_wdata_reg[56]
  -------------------------------------------------------------------
                         required time                         -1.250    
                         arrival time                           1.299    
  -------------------------------------------------------------------
                         slack                                  0.049    

Slack (MET) :             0.052ns  (arrival time - required time)
  Source:                 design_1_i/kv_cache_axi_wrapper_0/inst/u_kv_core/u_codec_k/encoded_out_reg[18]/C
                            (rising edge-triggered cell FDCE clocked by clk_fpga_0  {rise@0.000ns fall@10.000ns period=20.000ns})
  Destination:            design_1_i/kv_cache_axi_wrapper_0/inst/m_axi_wdata_reg[18]/D
                            (rising edge-triggered cell FDRE clocked by clk_fpga_0  {rise@0.000ns fall@10.000ns period=20.000ns})
  Path Group:             clk_fpga_0
  Path Type:              Hold (Min at Fast Process Corner)
  Requirement:            0.000ns  (clk_fpga_0 rise@0.000ns - clk_fpga_0 rise@0.000ns)
  Data Path Delay:        0.374ns  (logic 0.141ns (37.691%)  route 0.233ns (62.309%))
  Logic Levels:           0  
  Clock Path Skew:        0.263ns (DCD - SCD - CPR)
    Destination Clock Delay (DCD):    1.192ns
    Source Clock Delay      (SCD):    0.899ns
    Clock Pessimism Removal (CPR):    0.030ns

    Location             Delay type                Incr(ns)  Path(ns)    Netlist Resource(s)
  -------------------------------------------------------------------    -------------------
                         (clock clk_fpga_0 rise edge)
                                                      0.000     0.000 r  
    PS7_X0Y0             PS7                          0.000     0.000 r  design_1_i/processing_system7_0/inst/PS7_i/FCLKCLK[0]
                         net (fo=1, routed)           0.310     0.310    design_1_i/processing_system7_0/inst/FCLK_CLK_unbuffered[0]
    BUFGCTRL_X0Y16       BUFG (Prop_bufg_I_O)         0.026     0.336 r  design_1_i/processing_system7_0/inst/buffer_fclk_clk_0.FCLK_CLK_0_BUFG/O
                         net (fo=19621, routed)       0.563     0.899    design_1_i/kv_cache_axi_wrapper_0/inst/u_kv_core/u_codec_k/clk
    SLICE_X40Y49         FDCE                                         r  design_1_i/kv_cache_axi_wrapper_0/inst/u_kv_core/u_codec_k/encoded_out_reg[18]/C
  -------------------------------------------------------------------    -------------------
    SLICE_X40Y49         FDCE (Prop_fdce_C_Q)         0.141     1.040 r  design_1_i/kv_cache_axi_wrapper_0/inst/u_kv_core/u_codec_k/encoded_out_reg[18]/Q
                         net (fo=1, routed)           0.233     1.273    design_1_i/kv_cache_axi_wrapper_0/inst/ddr_wr_k[18]
    SLICE_X34Y50         FDRE                                         r  design_1_i/kv_cache_axi_wrapper_0/inst/m_axi_wdata_reg[18]/D
  -------------------------------------------------------------------    -------------------

                         (clock clk_fpga_0 rise edge)
                                                      0.000     0.000 r  
    PS7_X0Y0             PS7                          0.000     0.000 r  design_1_i/processing_system7_0/inst/PS7_i/FCLKCLK[0]
                         net (fo=1, routed)           0.337     0.337    design_1_i/processing_system7_0/inst/FCLK_CLK_unbuffered[0]
    BUFGCTRL_X0Y16       BUFG (Prop_bufg_I_O)         0.029     0.366 r  design_1_i/processing_system7_0/inst/buffer_fclk_clk_0.FCLK_CLK_0_BUFG/O
                         net (fo=19621, routed)       0.826     1.192    design_1_i/kv_cache_axi_wrapper_0/inst/clk
    SLICE_X34Y50         FDRE                                         r  design_1_i/kv_cache_axi_wrapper_0/inst/m_axi_wdata_reg[18]/C
                         clock pessimism             -0.030     1.162    
    SLICE_X34Y50         FDRE (Hold_fdre_C_D)         0.059     1.221    design_1_i/kv_cache_axi_wrapper_0/inst/m_axi_wdata_reg[18]
  -------------------------------------------------------------------
                         required time                         -1.221    
                         arrival time                           1.273    
  -------------------------------------------------------------------
                         slack                                  0.052    

Slack (MET) :             0.055ns  (arrival time - required time)
  Source:                 design_1_i/kv_cache_axi_wrapper_0/inst/u_kv_core/gen_set[375].u_set/u_random/lfsr_reg_reg[3]/C
                            (rising edge-triggered cell FDPE clocked by clk_fpga_0  {rise@0.000ns fall@10.000ns period=20.000ns})
  Destination:            design_1_i/kv_cache_axi_wrapper_0/inst/u_kv_core/gen_set[375].u_set/u_random/lfsr_reg_reg[4]/D
                            (rising edge-triggered cell FDPE clocked by clk_fpga_0  {rise@0.000ns fall@10.000ns period=20.000ns})
  Path Group:             clk_fpga_0
  Path Type:              Hold (Min at Fast Process Corner)
  Requirement:            0.000ns  (clk_fpga_0 rise@0.000ns - clk_fpga_0 rise@0.000ns)
  Data Path Delay:        0.335ns  (logic 0.148ns (44.239%)  route 0.187ns (55.761%))
  Logic Levels:           0  
  Clock Path Skew:        0.266ns (DCD - SCD - CPR)
    Destination Clock Delay (DCD):    1.196ns
    Source Clock Delay      (SCD):    0.895ns
    Clock Pessimism Removal (CPR):    0.035ns

    Location             Delay type                Incr(ns)  Path(ns)    Netlist Resource(s)
  -------------------------------------------------------------------    -------------------
                         (clock clk_fpga_0 rise edge)
                                                      0.000     0.000 r  
    PS7_X0Y0             PS7                          0.000     0.000 r  design_1_i/processing_system7_0/inst/PS7_i/FCLKCLK[0]
                         net (fo=1, routed)           0.310     0.310    design_1_i/processing_system7_0/inst/FCLK_CLK_unbuffered[0]
    BUFGCTRL_X0Y16       BUFG (Prop_bufg_I_O)         0.026     0.336 r  design_1_i/processing_system7_0/inst/buffer_fclk_clk_0.FCLK_CLK_0_BUFG/O
                         net (fo=19621, routed)       0.559     0.895    design_1_i/kv_cache_axi_wrapper_0/inst/u_kv_core/gen_set[375].u_set/u_random/clk
    SLICE_X50Y49         FDPE                                         r  design_1_i/kv_cache_axi_wrapper_0/inst/u_kv_core/gen_set[375].u_set/u_random/lfsr_reg_reg[3]/C
  -------------------------------------------------------------------    -------------------
    SLICE_X50Y49         FDPE (Prop_fdpe_C_Q)         0.148     1.043 r  design_1_i/kv_cache_axi_wrapper_0/inst/u_kv_core/gen_set[375].u_set/u_random/lfsr_reg_reg[3]/Q
                         net (fo=2, routed)           0.187     1.229    design_1_i/kv_cache_axi_wrapper_0/inst/u_kv_core/gen_set[375].u_set/u_random/lfsr_reg[3]
    SLICE_X47Y49         FDPE                                         r  design_1_i/kv_cache_axi_wrapper_0/inst/u_kv_core/gen_set[375].u_set/u_random/lfsr_reg_reg[4]/D
  -------------------------------------------------------------------    -------------------

                         (clock clk_fpga_0 rise edge)
                                                      0.000     0.000 r  
    PS7_X0Y0             PS7                          0.000     0.000 r  design_1_i/processing_system7_0/inst/PS7_i/FCLKCLK[0]
                         net (fo=1, routed)           0.337     0.337    design_1_i/processing_system7_0/inst/FCLK_CLK_unbuffered[0]
    BUFGCTRL_X0Y16       BUFG (Prop_bufg_I_O)         0.029     0.366 r  design_1_i/processing_system7_0/inst/buffer_fclk_clk_0.FCLK_CLK_0_BUFG/O
                         net (fo=19621, routed)       0.830     1.196    design_1_i/kv_cache_axi_wrapper_0/inst/u_kv_core/gen_set[375].u_set/u_random/clk
    SLICE_X47Y49         FDPE                                         r  design_1_i/kv_cache_axi_wrapper_0/inst/u_kv_core/gen_set[375].u_set/u_random/lfsr_reg_reg[4]/C
                         clock pessimism             -0.035     1.161    
    SLICE_X47Y49         FDPE (Hold_fdpe_C_D)         0.013     1.174    design_1_i/kv_cache_axi_wrapper_0/inst/u_kv_core/gen_set[375].u_set/u_random/lfsr_reg_reg[4]
  -------------------------------------------------------------------
                         required time                         -1.174    
                         arrival time                           1.229    
  -------------------------------------------------------------------
                         slack                                  0.055    

Slack (MET) :             0.058ns  (arrival time - required time)
  Source:                 design_1_i/kv_cache_axi_wrapper_0/inst/u_kv_core/gen_set[200].u_set/u_random/lfsr_reg_reg[3]/C
                            (rising edge-triggered cell FDPE clocked by clk_fpga_0  {rise@0.000ns fall@10.000ns period=20.000ns})
  Destination:            design_1_i/kv_cache_axi_wrapper_0/inst/u_kv_core/gen_set[200].u_set/u_random/lfsr_reg_reg[4]/D
                            (rising edge-triggered cell FDPE clocked by clk_fpga_0  {rise@0.000ns fall@10.000ns period=20.000ns})
  Path Group:             clk_fpga_0
  Path Type:              Hold (Min at Fast Process Corner)
  Requirement:            0.000ns  (clk_fpga_0 rise@0.000ns - clk_fpga_0 rise@0.000ns)
  Data Path Delay:        0.340ns  (logic 0.148ns (43.499%)  route 0.192ns (56.501%))
  Logic Levels:           0  
  Clock Path Skew:        0.276ns (DCD - SCD - CPR)
    Destination Clock Delay (DCD):    1.250ns
    Source Clock Delay      (SCD):    0.944ns
    Clock Pessimism Removal (CPR):    0.030ns

    Location             Delay type                Incr(ns)  Path(ns)    Netlist Resource(s)
  -------------------------------------------------------------------    -------------------
                         (clock clk_fpga_0 rise edge)
                                                      0.000     0.000 r  
    PS7_X0Y0             PS7                          0.000     0.000 r  design_1_i/processing_system7_0/inst/PS7_i/FCLKCLK[0]
                         net (fo=1, routed)           0.310     0.310    design_1_i/processing_system7_0/inst/FCLK_CLK_unbuffered[0]
    BUFGCTRL_X0Y16       BUFG (Prop_bufg_I_O)         0.026     0.336 r  design_1_i/processing_system7_0/inst/buffer_fclk_clk_0.FCLK_CLK_0_BUFG/O
                         net (fo=19621, routed)       0.608     0.944    design_1_i/kv_cache_axi_wrapper_0/inst/u_kv_core/gen_set[200].u_set/u_random/clk
    SLICE_X94Y50         FDPE                                         r  design_1_i/kv_cache_axi_wrapper_0/inst/u_kv_core/gen_set[200].u_set/u_random/lfsr_reg_reg[3]/C
  -------------------------------------------------------------------    -------------------
    SLICE_X94Y50         FDPE (Prop_fdpe_C_Q)         0.148     1.092 r  design_1_i/kv_cache_axi_wrapper_0/inst/u_kv_core/gen_set[200].u_set/u_random/lfsr_reg_reg[3]/Q
                         net (fo=2, routed)           0.192     1.284    design_1_i/kv_cache_axi_wrapper_0/inst/u_kv_core/gen_set[200].u_set/u_random/lfsr_reg[3]
    SLICE_X94Y49         FDPE                                         r  design_1_i/kv_cache_axi_wrapper_0/inst/u_kv_core/gen_set[200].u_set/u_random/lfsr_reg_reg[4]/D
  -------------------------------------------------------------------    -------------------

                         (clock clk_fpga_0 rise edge)
                                                      0.000     0.000 r  
    PS7_X0Y0             PS7                          0.000     0.000 r  design_1_i/processing_system7_0/inst/PS7_i/FCLKCLK[0]
                         net (fo=1, routed)           0.337     0.337    design_1_i/processing_system7_0/inst/FCLK_CLK_unbuffered[0]
    BUFGCTRL_X0Y16       BUFG (Prop_bufg_I_O)         0.029     0.366 r  design_1_i/processing_system7_0/inst/buffer_fclk_clk_0.FCLK_CLK_0_BUFG/O
                         net (fo=19621, routed)       0.884     1.250    design_1_i/kv_cache_axi_wrapper_0/inst/u_kv_core/gen_set[200].u_set/u_random/clk
    SLICE_X94Y49         FDPE                                         r  design_1_i/kv_cache_axi_wrapper_0/inst/u_kv_core/gen_set[200].u_set/u_random/lfsr_reg_reg[4]/C
                         clock pessimism             -0.030     1.220    
    SLICE_X94Y49         FDPE (Hold_fdpe_C_D)         0.006     1.226    design_1_i/kv_cache_axi_wrapper_0/inst/u_kv_core/gen_set[200].u_set/u_random/lfsr_reg_reg[4]
  -------------------------------------------------------------------
                         required time                         -1.226    
                         arrival time                           1.284    
  -------------------------------------------------------------------
                         slack                                  0.058    

Slack (MET) :             0.059ns  (arrival time - required time)
  Source:                 design_1_i/kv_cache_axi_wrapper_0/inst/u_kv_core/gen_set[306].u_set/u_random/lfsr_reg_reg[3]/C
                            (rising edge-triggered cell FDPE clocked by clk_fpga_0  {rise@0.000ns fall@10.000ns period=20.000ns})
  Destination:            design_1_i/kv_cache_axi_wrapper_0/inst/u_kv_core/gen_set[306].u_set/u_random/lfsr_reg_reg[4]/D
                            (rising edge-triggered cell FDPE clocked by clk_fpga_0  {rise@0.000ns fall@10.000ns period=20.000ns})
  Path Group:             clk_fpga_0
  Path Type:              Hold (Min at Fast Process Corner)
  Requirement:            0.000ns  (clk_fpga_0 rise@0.000ns - clk_fpga_0 rise@0.000ns)
  Data Path Delay:        0.341ns  (logic 0.148ns (43.368%)  route 0.193ns (56.632%))
  Logic Levels:           0  
  Clock Path Skew:        0.265ns (DCD - SCD - CPR)
    Destination Clock Delay (DCD):    1.181ns
    Source Clock Delay      (SCD):    0.881ns
    Clock Pessimism Removal (CPR):    0.035ns

    Location             Delay type                Incr(ns)  Path(ns)    Netlist Resource(s)
  -------------------------------------------------------------------    -------------------
                         (clock clk_fpga_0 rise edge)
                                                      0.000     0.000 r  
    PS7_X0Y0             PS7                          0.000     0.000 r  design_1_i/processing_system7_0/inst/PS7_i/FCLKCLK[0]
                         net (fo=1, routed)           0.310     0.310    design_1_i/processing_system7_0/inst/FCLK_CLK_unbuffered[0]
    BUFGCTRL_X0Y16       BUFG (Prop_bufg_I_O)         0.026     0.336 r  design_1_i/processing_system7_0/inst/buffer_fclk_clk_0.FCLK_CLK_0_BUFG/O
                         net (fo=19621, routed)       0.545     0.881    design_1_i/kv_cache_axi_wrapper_0/inst/u_kv_core/gen_set[306].u_set/u_random/clk
    SLICE_X50Y81         FDPE                                         r  design_1_i/kv_cache_axi_wrapper_0/inst/u_kv_core/gen_set[306].u_set/u_random/lfsr_reg_reg[3]/C
  -------------------------------------------------------------------    -------------------
    SLICE_X50Y81         FDPE (Prop_fdpe_C_Q)         0.148     1.029 r  design_1_i/kv_cache_axi_wrapper_0/inst/u_kv_core/gen_set[306].u_set/u_random/lfsr_reg_reg[3]/Q
                         net (fo=2, routed)           0.193     1.222    design_1_i/kv_cache_axi_wrapper_0/inst/u_kv_core/gen_set[306].u_set/u_random/lfsr_reg[3]
    SLICE_X49Y81         FDPE                                         r  design_1_i/kv_cache_axi_wrapper_0/inst/u_kv_core/gen_set[306].u_set/u_random/lfsr_reg_reg[4]/D
  -------------------------------------------------------------------    -------------------

                         (clock clk_fpga_0 rise edge)
                                                      0.000     0.000 r  
    PS7_X0Y0             PS7                          0.000     0.000 r  design_1_i/processing_system7_0/inst/PS7_i/FCLKCLK[0]
                         net (fo=1, routed)           0.337     0.337    design_1_i/processing_system7_0/inst/FCLK_CLK_unbuffered[0]
    BUFGCTRL_X0Y16       BUFG (Prop_bufg_I_O)         0.029     0.366 r  design_1_i/processing_system7_0/inst/buffer_fclk_clk_0.FCLK_CLK_0_BUFG/O
                         net (fo=19621, routed)       0.815     1.181    design_1_i/kv_cache_axi_wrapper_0/inst/u_kv_core/gen_set[306].u_set/u_random/clk
    SLICE_X49Y81         FDPE                                         r  design_1_i/kv_cache_axi_wrapper_0/inst/u_kv_core/gen_set[306].u_set/u_random/lfsr_reg_reg[4]/C
                         clock pessimism             -0.035     1.146    
    SLICE_X49Y81         FDPE (Hold_fdpe_C_D)         0.017     1.163    design_1_i/kv_cache_axi_wrapper_0/inst/u_kv_core/gen_set[306].u_set/u_random/lfsr_reg_reg[4]
  -------------------------------------------------------------------
                         required time                         -1.163    
                         arrival time                           1.222    
  -------------------------------------------------------------------
                         slack                                  0.059    

Slack (MET) :             0.074ns  (arrival time - required time)
  Source:                 design_1_i/kv_cache_axi_wrapper_0/inst/u_kv_core/gen_set[200].u_set/u_random/lfsr_reg_reg[3]/C
                            (rising edge-triggered cell FDPE clocked by clk_fpga_0  {rise@0.000ns fall@10.000ns period=20.000ns})
  Destination:            design_1_i/kv_cache_axi_wrapper_0/inst/u_kv_core/gen_set[200].u_set/u_random/lfsr_reg_reg[0]/D
                            (rising edge-triggered cell FDPE clocked by clk_fpga_0  {rise@0.000ns fall@10.000ns period=20.000ns})
  Path Group:             clk_fpga_0
  Path Type:              Hold (Min at Fast Process Corner)
  Requirement:            0.000ns  (clk_fpga_0 rise@0.000ns - clk_fpga_0 rise@0.000ns)
  Data Path Delay:        0.470ns  (logic 0.247ns (52.526%)  route 0.223ns (47.474%))
  Logic Levels:           1  (LUT4=1)
  Clock Path Skew:        0.276ns (DCD - SCD - CPR)
    Destination Clock Delay (DCD):    1.250ns
    Source Clock Delay      (SCD):    0.944ns
    Clock Pessimism Removal (CPR):    0.030ns

    Location             Delay type                Incr(ns)  Path(ns)    Netlist Resource(s)
  -------------------------------------------------------------------    -------------------
                         (clock clk_fpga_0 rise edge)
                                                      0.000     0.000 r  
    PS7_X0Y0             PS7                          0.000     0.000 r  design_1_i/processing_system7_0/inst/PS7_i/FCLKCLK[0]
                         net (fo=1, routed)           0.310     0.310    design_1_i/processing_system7_0/inst/FCLK_CLK_unbuffered[0]
    BUFGCTRL_X0Y16       BUFG (Prop_bufg_I_O)         0.026     0.336 r  design_1_i/processing_system7_0/inst/buffer_fclk_clk_0.FCLK_CLK_0_BUFG/O
                         net (fo=19621, routed)       0.608     0.944    design_1_i/kv_cache_axi_wrapper_0/inst/u_kv_core/gen_set[200].u_set/u_random/clk
    SLICE_X94Y50         FDPE                                         r  design_1_i/kv_cache_axi_wrapper_0/inst/u_kv_core/gen_set[200].u_set/u_random/lfsr_reg_reg[3]/C
  -------------------------------------------------------------------    -------------------
    SLICE_X94Y50         FDPE (Prop_fdpe_C_Q)         0.148     1.092 r  design_1_i/kv_cache_axi_wrapper_0/inst/u_kv_core/gen_set[200].u_set/u_random/lfsr_reg_reg[3]/Q
                         net (fo=2, routed)           0.223     1.315    design_1_i/kv_cache_axi_wrapper_0/inst/u_kv_core/gen_set[200].u_set/u_random/lfsr_reg[3]
    SLICE_X94Y49         LUT4 (Prop_lut4_I3_O)        0.099     1.414 r  design_1_i/kv_cache_axi_wrapper_0/inst/u_kv_core/gen_set[200].u_set/u_random/p_0_out/O
                         net (fo=1, routed)           0.000     1.414    design_1_i/kv_cache_axi_wrapper_0/inst/u_kv_core/gen_set[200].u_set/u_random/p_0_out_n_0
    SLICE_X94Y49         FDPE                                         r  design_1_i/kv_cache_axi_wrapper_0/inst/u_kv_core/gen_set[200].u_set/u_random/lfsr_reg_reg[0]/D
  -------------------------------------------------------------------    -------------------

                         (clock clk_fpga_0 rise edge)
                                                      0.000     0.000 r  
    PS7_X0Y0             PS7                          0.000     0.000 r  design_1_i/processing_system7_0/inst/PS7_i/FCLKCLK[0]
                         net (fo=1, routed)           0.337     0.337    design_1_i/processing_system7_0/inst/FCLK_CLK_unbuffered[0]
    BUFGCTRL_X0Y16       BUFG (Prop_bufg_I_O)         0.029     0.366 r  design_1_i/processing_system7_0/inst/buffer_fclk_clk_0.FCLK_CLK_0_BUFG/O
                         net (fo=19621, routed)       0.884     1.250    design_1_i/kv_cache_axi_wrapper_0/inst/u_kv_core/gen_set[200].u_set/u_random/clk
    SLICE_X94Y49         FDPE                                         r  design_1_i/kv_cache_axi_wrapper_0/inst/u_kv_core/gen_set[200].u_set/u_random/lfsr_reg_reg[0]/C
                         clock pessimism             -0.030     1.220    
    SLICE_X94Y49         FDPE (Hold_fdpe_C_D)         0.120     1.340    design_1_i/kv_cache_axi_wrapper_0/inst/u_kv_core/gen_set[200].u_set/u_random/lfsr_reg_reg[0]
  -------------------------------------------------------------------
                         required time                         -1.340    
                         arrival time                           1.414    
  -------------------------------------------------------------------
                         slack                                  0.074    





Pulse Width Checks
--------------------------------------------------------------------------------------
Clock Name:         clk_fpga_0
Waveform(ns):       { 0.000 10.000 }
Period(ns):         20.000
Sources:            { design_1_i/processing_system7_0/inst/PS7_i/FCLKCLK[0] }

Check Type        Corner  Lib Pin             Reference Pin  Required(ns)  Actual(ns)  Slack(ns)  Location      Pin
Min Period        n/a     RAMB36E1/CLKARDCLK  n/a            2.944         20.000      17.056     RAMB36_X1Y8   design_1_i/kv_cache_axi_wrapper_0/inst/u_kv_core/gen_bram_way[0].data_mem_reg_0/CLKARDCLK
Min Period        n/a     RAMB36E1/CLKBWRCLK  n/a            2.944         20.000      17.056     RAMB36_X1Y8   design_1_i/kv_cache_axi_wrapper_0/inst/u_kv_core/gen_bram_way[0].data_mem_reg_0/CLKBWRCLK
Min Period        n/a     RAMB36E1/CLKARDCLK  n/a            2.944         20.000      17.056     RAMB36_X2Y6   design_1_i/kv_cache_axi_wrapper_0/inst/u_kv_core/gen_bram_way[0].data_mem_reg_1/CLKARDCLK
Min Period        n/a     RAMB36E1/CLKBWRCLK  n/a            2.944         20.000      17.056     RAMB36_X2Y6   design_1_i/kv_cache_axi_wrapper_0/inst/u_kv_core/gen_bram_way[0].data_mem_reg_1/CLKBWRCLK
Min Period        n/a     RAMB18E1/CLKARDCLK  n/a            2.944         20.000      17.056     RAMB18_X2Y28  design_1_i/kv_cache_axi_wrapper_0/inst/u_kv_core/gen_bram_way[0].tag_mem_reg/CLKARDCLK
Min Period        n/a     RAMB18E1/CLKBWRCLK  n/a            2.944         20.000      17.056     RAMB18_X2Y28  design_1_i/kv_cache_axi_wrapper_0/inst/u_kv_core/gen_bram_way[0].tag_mem_reg/CLKBWRCLK
Min Period        n/a     RAMB36E1/CLKARDCLK  n/a            2.944         20.000      17.056     RAMB36_X1Y9   design_1_i/kv_cache_axi_wrapper_0/inst/u_kv_core/gen_bram_way[1].data_mem_reg_0/CLKARDCLK
Min Period        n/a     RAMB36E1/CLKBWRCLK  n/a            2.944         20.000      17.056     RAMB36_X1Y9   design_1_i/kv_cache_axi_wrapper_0/inst/u_kv_core/gen_bram_way[1].data_mem_reg_0/CLKBWRCLK
Min Period        n/a     RAMB36E1/CLKARDCLK  n/a            2.944         20.000      17.056     RAMB36_X2Y11  design_1_i/kv_cache_axi_wrapper_0/inst/u_kv_core/gen_bram_way[1].data_mem_reg_1/CLKARDCLK
Min Period        n/a     RAMB36E1/CLKBWRCLK  n/a            2.944         20.000      17.056     RAMB36_X2Y11  design_1_i/kv_cache_axi_wrapper_0/inst/u_kv_core/gen_bram_way[1].data_mem_reg_1/CLKBWRCLK
Low Pulse Width   Slow    RAMD32/CLK          n/a            1.250         10.000      8.750      SLICE_X30Y72  design_1_wrapper/design_1/design_1_axi_mem_intercon_0/s00_couplers_imp_7HNO1D/design_1_axi_mem_intercon_imp_auto_pc_0/design_1_axi_mem_intercon_imp_auto_pc_0_axi_protocol_converter_v2_1_37_axi_protocol_converter/design_1_axi_mem_intercon_imp_auto_pc_0_axi_protocol_converter_v2_1_37_axi3_conv/design_1_axi_mem_intercon_imp_auto_pc_0_axi_protocol_converter_v2_1_37_a_axi3_conv__parameterized0/design_1_axi_mem_intercon_imp_auto_pc_0_axi_data_fifo_v2_1_36_axic_fifo__parameterized0/design_1_axi_mem_intercon_imp_auto_pc_0_axi_data_fifo_v2_1_36_fifo_gen__parameterized0/<hidden>/<hidden>/<hidden>/<hidden>/<hidden>/<hidden>/<hidden>
Low Pulse Width   Fast    RAMD32/CLK          n/a            1.250         10.000      8.750      SLICE_X30Y72  design_1_wrapper/design_1/design_1_axi_mem_intercon_0/s00_couplers_imp_7HNO1D/design_1_axi_mem_intercon_imp_auto_pc_0/design_1_axi_mem_intercon_imp_auto_pc_0_axi_protocol_converter_v2_1_37_axi_protocol_converter/design_1_axi_mem_intercon_imp_auto_pc_0_axi_protocol_converter_v2_1_37_axi3_conv/design_1_axi_mem_intercon_imp_auto_pc_0_axi_protocol_converter_v2_1_37_a_axi3_conv__parameterized0/design_1_axi_mem_intercon_imp_auto_pc_0_axi_data_fifo_v2_1_36_axic_fifo__parameterized0/design_1_axi_mem_intercon_imp_auto_pc_0_axi_data_fifo_v2_1_36_fifo_gen__parameterized0/<hidden>/<hidden>/<hidden>/<hidden>/<hidden>/<hidden>/<hidden>
Low Pulse Width   Slow    RAMD32/CLK          n/a            1.250         10.000      8.750      SLICE_X30Y72  design_1_wrapper/design_1/design_1_axi_mem_intercon_0/s00_couplers_imp_7HNO1D/design_1_axi_mem_intercon_imp_auto_pc_0/design_1_axi_mem_intercon_imp_auto_pc_0_axi_protocol_converter_v2_1_37_axi_protocol_converter/design_1_axi_mem_intercon_imp_auto_pc_0_axi_protocol_converter_v2_1_37_axi3_conv/design_1_axi_mem_intercon_imp_auto_pc_0_axi_protocol_converter_v2_1_37_a_axi3_conv__parameterized0/design_1_axi_mem_intercon_imp_auto_pc_0_axi_data_fifo_v2_1_36_axic_fifo__parameterized0/design_1_axi_mem_intercon_imp_auto_pc_0_axi_data_fifo_v2_1_36_fifo_gen__parameterized0/<hidden>/<hidden>/<hidden>/<hidden>/<hidden>/<hidden>/<hidden>
Low Pulse Width   Fast    RAMD32/CLK          n/a            1.250         10.000      8.750      SLICE_X30Y72  design_1_wrapper/design_1/design_1_axi_mem_intercon_0/s00_couplers_imp_7HNO1D/design_1_axi_mem_intercon_imp_auto_pc_0/design_1_axi_mem_intercon_imp_auto_pc_0_axi_protocol_converter_v2_1_37_axi_protocol_converter/design_1_axi_mem_intercon_imp_auto_pc_0_axi_protocol_converter_v2_1_37_axi3_conv/design_1_axi_mem_intercon_imp_auto_pc_0_axi_protocol_converter_v2_1_37_a_axi3_conv__parameterized0/design_1_axi_mem_intercon_imp_auto_pc_0_axi_data_fifo_v2_1_36_axic_fifo__parameterized0/design_1_axi_mem_intercon_imp_auto_pc_0_axi_data_fifo_v2_1_36_fifo_gen__parameterized0/<hidden>/<hidden>/<hidden>/<hidden>/<hidden>/<hidden>/<hidden>
Low Pulse Width   Slow    RAMD32/CLK          n/a            1.250         10.000      8.750      SLICE_X30Y78  design_1_wrapper/design_1/design_1_axi_mem_intercon_0/s00_couplers_imp_7HNO1D/design_1_axi_mem_intercon_imp_auto_pc_0/design_1_axi_mem_intercon_imp_auto_pc_0_axi_protocol_converter_v2_1_37_axi_protocol_converter/design_1_axi_mem_intercon_imp_auto_pc_0_axi_protocol_converter_v2_1_37_axi3_conv/design_1_axi_mem_intercon_imp_auto_pc_0_axi_protocol_converter_v2_1_37_a_axi3_conv/design_1_axi_mem_intercon_imp_auto_pc_0_axi_data_fifo_v2_1_36_axic_fifo/design_1_axi_mem_intercon_imp_auto_pc_0_axi_data_fifo_v2_1_36_fifo_gen_1/<hidden>/<hidden>/<hidden>/<hidden>/<hidden>/<hidden>/<hidden>
Low Pulse Width   Fast    RAMD32/CLK          n/a            1.250         10.000      8.750      SLICE_X30Y78  design_1_wrapper/design_1/design_1_axi_mem_intercon_0/s00_couplers_imp_7HNO1D/design_1_axi_mem_intercon_imp_auto_pc_0/design_1_axi_mem_intercon_imp_auto_pc_0_axi_protocol_converter_v2_1_37_axi_protocol_converter/design_1_axi_mem_intercon_imp_auto_pc_0_axi_protocol_converter_v2_1_37_axi3_conv/design_1_axi_mem_intercon_imp_auto_pc_0_axi_protocol_converter_v2_1_37_a_axi3_conv/design_1_axi_mem_intercon_imp_auto_pc_0_axi_data_fifo_v2_1_36_axic_fifo/design_1_axi_mem_intercon_imp_auto_pc_0_axi_data_fifo_v2_1_36_fifo_gen_1/<hidden>/<hidden>/<hidden>/<hidden>/<hidden>/<hidden>/<hidden>
Low Pulse Width   Slow    RAMD32/CLK          n/a            1.250         10.000      8.750      SLICE_X30Y78  design_1_wrapper/design_1/design_1_axi_mem_intercon_0/s00_couplers_imp_7HNO1D/design_1_axi_mem_intercon_imp_auto_pc_0/design_1_axi_mem_intercon_imp_auto_pc_0_axi_protocol_converter_v2_1_37_axi_protocol_converter/design_1_axi_mem_intercon_imp_auto_pc_0_axi_protocol_converter_v2_1_37_axi3_conv/design_1_axi_mem_intercon_imp_auto_pc_0_axi_protocol_converter_v2_1_37_a_axi3_conv/design_1_axi_mem_intercon_imp_auto_pc_0_axi_data_fifo_v2_1_36_axic_fifo/design_1_axi_mem_intercon_imp_auto_pc_0_axi_data_fifo_v2_1_36_fifo_gen_1/<hidden>/<hidden>/<hidden>/<hidden>/<hidden>/<hidden>/<hidden>
Low Pulse Width   Fast    RAMD32/CLK          n/a            1.250         10.000      8.750      SLICE_X30Y78  design_1_wrapper/design_1/design_1_axi_mem_intercon_0/s00_couplers_imp_7HNO1D/design_1_axi_mem_intercon_imp_auto_pc_0/design_1_axi_mem_intercon_imp_auto_pc_0_axi_protocol_converter_v2_1_37_axi_protocol_converter/design_1_axi_mem_intercon_imp_auto_pc_0_axi_protocol_converter_v2_1_37_axi3_conv/design_1_axi_mem_intercon_imp_auto_pc_0_axi_protocol_converter_v2_1_37_a_axi3_conv/design_1_axi_mem_intercon_imp_auto_pc_0_axi_data_fifo_v2_1_36_axic_fifo/design_1_axi_mem_intercon_imp_auto_pc_0_axi_data_fifo_v2_1_36_fifo_gen_1/<hidden>/<hidden>/<hidden>/<hidden>/<hidden>/<hidden>/<hidden>
Low Pulse Width   Slow    RAMD32/CLK          n/a            1.250         10.000      8.750      SLICE_X30Y78  design_1_wrapper/design_1/design_1_axi_mem_intercon_0/s00_couplers_imp_7HNO1D/design_1_axi_mem_intercon_imp_auto_pc_0/design_1_axi_mem_intercon_imp_auto_pc_0_axi_protocol_converter_v2_1_37_axi_protocol_converter/design_1_axi_mem_intercon_imp_auto_pc_0_axi_protocol_converter_v2_1_37_axi3_conv/design_1_axi_mem_intercon_imp_auto_pc_0_axi_protocol_converter_v2_1_37_a_axi3_conv/design_1_axi_mem_intercon_imp_auto_pc_0_axi_data_fifo_v2_1_36_axic_fifo/design_1_axi_mem_intercon_imp_auto_pc_0_axi_data_fifo_v2_1_36_fifo_gen_1/<hidden>/<hidden>/<hidden>/<hidden>/<hidden>/<hidden>/<hidden>
Low Pulse Width   Fast    RAMD32/CLK          n/a            1.250         10.000      8.750      SLICE_X30Y78  design_1_wrapper/design_1/design_1_axi_mem_intercon_0/s00_couplers_imp_7HNO1D/design_1_axi_mem_intercon_imp_auto_pc_0/design_1_axi_mem_intercon_imp_auto_pc_0_axi_protocol_converter_v2_1_37_axi_protocol_converter/design_1_axi_mem_intercon_imp_auto_pc_0_axi_protocol_converter_v2_1_37_axi3_conv/design_1_axi_mem_intercon_imp_auto_pc_0_axi_protocol_converter_v2_1_37_a_axi3_conv/design_1_axi_mem_intercon_imp_auto_pc_0_axi_data_fifo_v2_1_36_axic_fifo/design_1_axi_mem_intercon_imp_auto_pc_0_axi_data_fifo_v2_1_36_fifo_gen_1/<hidden>/<hidden>/<hidden>/<hidden>/<hidden>/<hidden>/<hidden>
High Pulse Width  Slow    RAMD32/CLK          n/a            1.250         10.000      8.750      SLICE_X30Y72  design_1_wrapper/design_1/design_1_axi_mem_intercon_0/s00_couplers_imp_7HNO1D/design_1_axi_mem_intercon_imp_auto_pc_0/design_1_axi_mem_intercon_imp_auto_pc_0_axi_protocol_converter_v2_1_37_axi_protocol_converter/design_1_axi_mem_intercon_imp_auto_pc_0_axi_protocol_converter_v2_1_37_axi3_conv/design_1_axi_mem_intercon_imp_auto_pc_0_axi_protocol_converter_v2_1_37_a_axi3_conv__parameterized0/design_1_axi_mem_intercon_imp_auto_pc_0_axi_data_fifo_v2_1_36_axic_fifo__parameterized0/design_1_axi_mem_intercon_imp_auto_pc_0_axi_data_fifo_v2_1_36_fifo_gen__parameterized0/<hidden>/<hidden>/<hidden>/<hidden>/<hidden>/<hidden>/<hidden>
High Pulse Width  Fast    RAMD32/CLK          n/a            1.250         10.000      8.750      SLICE_X30Y72  design_1_wrapper/design_1/design_1_axi_mem_intercon_0/s00_couplers_imp_7HNO1D/design_1_axi_mem_intercon_imp_auto_pc_0/design_1_axi_mem_intercon_imp_auto_pc_0_axi_protocol_converter_v2_1_37_axi_protocol_converter/design_1_axi_mem_intercon_imp_auto_pc_0_axi_protocol_converter_v2_1_37_axi3_conv/design_1_axi_mem_intercon_imp_auto_pc_0_axi_protocol_converter_v2_1_37_a_axi3_conv__parameterized0/design_1_axi_mem_intercon_imp_auto_pc_0_axi_data_fifo_v2_1_36_axic_fifo__parameterized0/design_1_axi_mem_intercon_imp_auto_pc_0_axi_data_fifo_v2_1_36_fifo_gen__parameterized0/<hidden>/<hidden>/<hidden>/<hidden>/<hidden>/<hidden>/<hidden>
High Pulse Width  Slow    RAMD32/CLK          n/a            1.250         10.000      8.750      SLICE_X30Y72  design_1_wrapper/design_1/design_1_axi_mem_intercon_0/s00_couplers_imp_7HNO1D/design_1_axi_mem_intercon_imp_auto_pc_0/design_1_axi_mem_intercon_imp_auto_pc_0_axi_protocol_converter_v2_1_37_axi_protocol_converter/design_1_axi_mem_intercon_imp_auto_pc_0_axi_protocol_converter_v2_1_37_axi3_conv/design_1_axi_mem_intercon_imp_auto_pc_0_axi_protocol_converter_v2_1_37_a_axi3_conv__parameterized0/design_1_axi_mem_intercon_imp_auto_pc_0_axi_data_fifo_v2_1_36_axic_fifo__parameterized0/design_1_axi_mem_intercon_imp_auto_pc_0_axi_data_fifo_v2_1_36_fifo_gen__parameterized0/<hidden>/<hidden>/<hidden>/<hidden>/<hidden>/<hidden>/<hidden>
High Pulse Width  Fast    RAMD32/CLK          n/a            1.250         10.000      8.750      SLICE_X30Y72  design_1_wrapper/design_1/design_1_axi_mem_intercon_0/s00_couplers_imp_7HNO1D/design_1_axi_mem_intercon_imp_auto_pc_0/design_1_axi_mem_intercon_imp_auto_pc_0_axi_protocol_converter_v2_1_37_axi_protocol_converter/design_1_axi_mem_intercon_imp_auto_pc_0_axi_protocol_converter_v2_1_37_axi3_conv/design_1_axi_mem_intercon_imp_auto_pc_0_axi_protocol_converter_v2_1_37_a_axi3_conv__parameterized0/design_1_axi_mem_intercon_imp_auto_pc_0_axi_data_fifo_v2_1_36_axic_fifo__parameterized0/design_1_axi_mem_intercon_imp_auto_pc_0_axi_data_fifo_v2_1_36_fifo_gen__parameterized0/<hidden>/<hidden>/<hidden>/<hidden>/<hidden>/<hidden>/<hidden>
High Pulse Width  Slow    RAMD32/CLK          n/a            1.250         10.000      8.750      SLICE_X30Y78  design_1_wrapper/design_1/design_1_axi_mem_intercon_0/s00_couplers_imp_7HNO1D/design_1_axi_mem_intercon_imp_auto_pc_0/design_1_axi_mem_intercon_imp_auto_pc_0_axi_protocol_converter_v2_1_37_axi_protocol_converter/design_1_axi_mem_intercon_imp_auto_pc_0_axi_protocol_converter_v2_1_37_axi3_conv/design_1_axi_mem_intercon_imp_auto_pc_0_axi_protocol_converter_v2_1_37_a_axi3_conv/design_1_axi_mem_intercon_imp_auto_pc_0_axi_data_fifo_v2_1_36_axic_fifo/design_1_axi_mem_intercon_imp_auto_pc_0_axi_data_fifo_v2_1_36_fifo_gen_1/<hidden>/<hidden>/<hidden>/<hidden>/<hidden>/<hidden>/<hidden>
High Pulse Width  Fast    RAMD32/CLK          n/a            1.250         10.000      8.750      SLICE_X30Y78  design_1_wrapper/design_1/design_1_axi_mem_intercon_0/s00_couplers_imp_7HNO1D/design_1_axi_mem_intercon_imp_auto_pc_0/design_1_axi_mem_intercon_imp_auto_pc_0_axi_protocol_converter_v2_1_37_axi_protocol_converter/design_1_axi_mem_intercon_imp_auto_pc_0_axi_protocol_converter_v2_1_37_axi3_conv/design_1_axi_mem_intercon_imp_auto_pc_0_axi_protocol_converter_v2_1_37_a_axi3_conv/design_1_axi_mem_intercon_imp_auto_pc_0_axi_data_fifo_v2_1_36_axic_fifo/design_1_axi_mem_intercon_imp_auto_pc_0_axi_data_fifo_v2_1_36_fifo_gen_1/<hidden>/<hidden>/<hidden>/<hidden>/<hidden>/<hidden>/<hidden>
High Pulse Width  Slow    RAMD32/CLK          n/a            1.250         10.000      8.750      SLICE_X30Y78  design_1_wrapper/design_1/design_1_axi_mem_intercon_0/s00_couplers_imp_7HNO1D/design_1_axi_mem_intercon_imp_auto_pc_0/design_1_axi_mem_intercon_imp_auto_pc_0_axi_protocol_converter_v2_1_37_axi_protocol_converter/design_1_axi_mem_intercon_imp_auto_pc_0_axi_protocol_converter_v2_1_37_axi3_conv/design_1_axi_mem_intercon_imp_auto_pc_0_axi_protocol_converter_v2_1_37_a_axi3_conv/design_1_axi_mem_intercon_imp_auto_pc_0_axi_data_fifo_v2_1_36_axic_fifo/design_1_axi_mem_intercon_imp_auto_pc_0_axi_data_fifo_v2_1_36_fifo_gen_1/<hidden>/<hidden>/<hidden>/<hidden>/<hidden>/<hidden>/<hidden>
High Pulse Width  Fast    RAMD32/CLK          n/a            1.250         10.000      8.750      SLICE_X30Y78  design_1_wrapper/design_1/design_1_axi_mem_intercon_0/s00_couplers_imp_7HNO1D/design_1_axi_mem_intercon_imp_auto_pc_0/design_1_axi_mem_intercon_imp_auto_pc_0_axi_protocol_converter_v2_1_37_axi_protocol_converter/design_1_axi_mem_intercon_imp_auto_pc_0_axi_protocol_converter_v2_1_37_axi3_conv/design_1_axi_mem_intercon_imp_auto_pc_0_axi_protocol_converter_v2_1_37_a_axi3_conv/design_1_axi_mem_intercon_imp_auto_pc_0_axi_data_fifo_v2_1_36_axic_fifo/design_1_axi_mem_intercon_imp_auto_pc_0_axi_data_fifo_v2_1_36_fifo_gen_1/<hidden>/<hidden>/<hidden>/<hidden>/<hidden>/<hidden>/<hidden>
High Pulse Width  Slow    RAMD32/CLK          n/a            1.250         10.000      8.750      SLICE_X30Y78  design_1_wrapper/design_1/design_1_axi_mem_intercon_0/s00_couplers_imp_7HNO1D/design_1_axi_mem_intercon_imp_auto_pc_0/design_1_axi_mem_intercon_imp_auto_pc_0_axi_protocol_converter_v2_1_37_axi_protocol_converter/design_1_axi_mem_intercon_imp_auto_pc_0_axi_protocol_converter_v2_1_37_axi3_conv/design_1_axi_mem_intercon_imp_auto_pc_0_axi_protocol_converter_v2_1_37_a_axi3_conv/design_1_axi_mem_intercon_imp_auto_pc_0_axi_data_fifo_v2_1_36_axic_fifo/design_1_axi_mem_intercon_imp_auto_pc_0_axi_data_fifo_v2_1_36_fifo_gen_1/<hidden>/<hidden>/<hidden>/<hidden>/<hidden>/<hidden>/<hidden>
High Pulse Width  Fast    RAMD32/CLK          n/a            1.250         10.000      8.750      SLICE_X30Y78  design_1_wrapper/design_1/design_1_axi_mem_intercon_0/s00_couplers_imp_7HNO1D/design_1_axi_mem_intercon_imp_auto_pc_0/design_1_axi_mem_intercon_imp_auto_pc_0_axi_protocol_converter_v2_1_37_axi_protocol_converter/design_1_axi_mem_intercon_imp_auto_pc_0_axi_protocol_converter_v2_1_37_axi3_conv/design_1_axi_mem_intercon_imp_auto_pc_0_axi_protocol_converter_v2_1_37_a_axi3_conv/design_1_axi_mem_intercon_imp_auto_pc_0_axi_data_fifo_v2_1_36_axic_fifo/design_1_axi_mem_intercon_imp_auto_pc_0_axi_data_fifo_v2_1_36_fifo_gen_1/<hidden>/<hidden>/<hidden>/<hidden>/<hidden>/<hidden>/<hidden>



---------------------------------------------------------------------------------------------------
Path Group:  **async_default**
From Clock:  clk_fpga_0
  To Clock:  clk_fpga_0

Setup :            0  Failing Endpoints,  Worst Slack        8.756ns,  Total Violation        0.000ns
Hold  :            0  Failing Endpoints,  Worst Slack        0.634ns,  Total Violation        0.000ns
---------------------------------------------------------------------------------------------------


Max Delay Paths
--------------------------------------------------------------------------------------
Slack (MET) :             8.756ns  (required time - arrival time)
  Source:                 design_1_i/rst_ps7_0_100M/U0/ACTIVE_LOW_PR_OUT_DFF[0].FDRE_PER_N/C
                            (rising edge-triggered cell FDRE clocked by clk_fpga_0  {rise@0.000ns fall@10.000ns period=20.000ns})
  Destination:            design_1_i/kv_cache_axi_wrapper_0/inst/slv_reg8_reg[31]_rep__26/CLR
                            (recovery check against rising-edge clock clk_fpga_0  {rise@0.000ns fall@10.000ns period=20.000ns})
  Path Group:             **async_default**
  Path Type:              Recovery (Max at Slow Process Corner)
  Requirement:            20.000ns  (clk_fpga_0 rise@20.000ns - clk_fpga_0 rise@0.000ns)
  Data Path Delay:        10.230ns  (logic 0.606ns (5.924%)  route 9.624ns (94.076%))
  Logic Levels:           1  (LUT1=1)
  Clock Path Skew:        -0.104ns (DCD - SCD + CPR)
    Destination Clock Delay (DCD):    2.726ns = ( 22.726 - 20.000 ) 
    Source Clock Delay      (SCD):    2.945ns
    Clock Pessimism Removal (CPR):    0.115ns
  Clock Uncertainty:      0.302ns  ((TSJ^2 + TIJ^2)^1/2 + DJ) / 2 + PE
    Total System Jitter     (TSJ):    0.071ns
    Total Input Jitter      (TIJ):    0.600ns
    Discrete Jitter          (DJ):    0.000ns
    Phase Error              (PE):    0.000ns

    Location             Delay type                Incr(ns)  Path(ns)    Netlist Resource(s)
  -------------------------------------------------------------------    -------------------
                         (clock clk_fpga_0 rise edge)
                                                      0.000     0.000 r  
    PS7_X0Y0             PS7                          0.000     0.000 r  design_1_i/processing_system7_0/inst/PS7_i/FCLKCLK[0]
                         net (fo=1, routed)           1.193     1.193    design_1_i/processing_system7_0/inst/FCLK_CLK_unbuffered[0]
    BUFGCTRL_X0Y16       BUFG (Prop_bufg_I_O)         0.101     1.294 r  design_1_i/processing_system7_0/inst/buffer_fclk_clk_0.FCLK_CLK_0_BUFG/O
                         net (fo=19621, routed)       1.651     2.945    design_1_i/rst_ps7_0_100M/U0/slowest_sync_clk
    SLICE_X41Y93         FDRE                                         r  design_1_i/rst_ps7_0_100M/U0/ACTIVE_LOW_PR_OUT_DFF[0].FDRE_PER_N/C
  -------------------------------------------------------------------    -------------------
    SLICE_X41Y93         FDRE (Prop_fdre_C_Q)         0.456     3.401 r  design_1_i/rst_ps7_0_100M/U0/ACTIVE_LOW_PR_OUT_DFF[0].FDRE_PER_N/Q
                         net (fo=11, routed)          0.615     4.016    design_1_i/kv_cache_axi_wrapper_0/inst/rst_n
    SLICE_X38Y93         LUT1 (Prop_lut1_I0_O)        0.150     4.166 f  design_1_i/kv_cache_axi_wrapper_0/inst/s_axi_awready_i_2/O
                         net (fo=376, routed)         9.009    13.175    design_1_i/kv_cache_axi_wrapper_0/inst/s_axi_awready_i_2_n_0
    SLICE_X68Y20         FDCE                                         f  design_1_i/kv_cache_axi_wrapper_0/inst/slv_reg8_reg[31]_rep__26/CLR
  -------------------------------------------------------------------    -------------------

                         (clock clk_fpga_0 rise edge)
                                                     20.000    20.000 r  
    PS7_X0Y0             PS7                          0.000    20.000 r  design_1_i/processing_system7_0/inst/PS7_i/FCLKCLK[0]
                         net (fo=1, routed)           1.088    21.088    design_1_i/processing_system7_0/inst/FCLK_CLK_unbuffered[0]
    BUFGCTRL_X0Y16       BUFG (Prop_bufg_I_O)         0.091    21.179 r  design_1_i/processing_system7_0/inst/buffer_fclk_clk_0.FCLK_CLK_0_BUFG/O
                         net (fo=19621, routed)       1.547    22.726    design_1_i/kv_cache_axi_wrapper_0/inst/clk
    SLICE_X68Y20         FDCE                                         r  design_1_i/kv_cache_axi_wrapper_0/inst/slv_reg8_reg[31]_rep__26/C
                         clock pessimism              0.115    22.841    
                         clock uncertainty           -0.302    22.539    
    SLICE_X68Y20         FDCE (Recov_fdce_C_CLR)     -0.609    21.930    design_1_i/kv_cache_axi_wrapper_0/inst/slv_reg8_reg[31]_rep__26
  -------------------------------------------------------------------
                         required time                         21.930    
                         arrival time                         -13.175    
  -------------------------------------------------------------------
                         slack                                  8.756    

Slack (MET) :             8.784ns  (required time - arrival time)
  Source:                 design_1_i/rst_ps7_0_100M/U0/ACTIVE_LOW_PR_OUT_DFF[0].FDRE_PER_N/C
                            (rising edge-triggered cell FDRE clocked by clk_fpga_0  {rise@0.000ns fall@10.000ns period=20.000ns})
  Destination:            design_1_i/kv_cache_axi_wrapper_0/inst/u_kv_core/gen_set[8].u_set/u_fifo/fifo_ptr_reg[1]/CLR
                            (recovery check against rising-edge clock clk_fpga_0  {rise@0.000ns fall@10.000ns period=20.000ns})
  Path Group:             **async_default**
  Path Type:              Recovery (Max at Slow Process Corner)
  Requirement:            20.000ns  (clk_fpga_0 rise@20.000ns - clk_fpga_0 rise@0.000ns)
  Data Path Delay:        10.349ns  (logic 0.608ns (5.875%)  route 9.741ns (94.125%))
  Logic Levels:           1  (LUT2=1)
  Clock Path Skew:        0.047ns (DCD - SCD + CPR)
    Destination Clock Delay (DCD):    2.877ns = ( 22.878 - 20.000 ) 
    Source Clock Delay      (SCD):    2.945ns
    Clock Pessimism Removal (CPR):    0.115ns
  Clock Uncertainty:      0.302ns  ((TSJ^2 + TIJ^2)^1/2 + DJ) / 2 + PE
    Total System Jitter     (TSJ):    0.071ns
    Total Input Jitter      (TIJ):    0.600ns
    Discrete Jitter          (DJ):    0.000ns
    Phase Error              (PE):    0.000ns

    Location             Delay type                Incr(ns)  Path(ns)    Netlist Resource(s)
  -------------------------------------------------------------------    -------------------
                         (clock clk_fpga_0 rise edge)
                                                      0.000     0.000 r  
    PS7_X0Y0             PS7                          0.000     0.000 r  design_1_i/processing_system7_0/inst/PS7_i/FCLKCLK[0]
                         net (fo=1, routed)           1.193     1.193    design_1_i/processing_system7_0/inst/FCLK_CLK_unbuffered[0]
    BUFGCTRL_X0Y16       BUFG (Prop_bufg_I_O)         0.101     1.294 r  design_1_i/processing_system7_0/inst/buffer_fclk_clk_0.FCLK_CLK_0_BUFG/O
                         net (fo=19621, routed)       1.651     2.945    design_1_i/rst_ps7_0_100M/U0/slowest_sync_clk
    SLICE_X41Y93         FDRE                                         r  design_1_i/rst_ps7_0_100M/U0/ACTIVE_LOW_PR_OUT_DFF[0].FDRE_PER_N/C
  -------------------------------------------------------------------    -------------------
    SLICE_X41Y93         FDRE (Prop_fdre_C_Q)         0.456     3.401 r  design_1_i/rst_ps7_0_100M/U0/ACTIVE_LOW_PR_OUT_DFF[0].FDRE_PER_N/Q
                         net (fo=11, routed)          2.697     6.098    design_1_i/kv_cache_axi_wrapper_0/inst/u_kv_core/u_codec_k/rst_n
    SLICE_X28Y69         LUT2 (Prop_lut2_I0_O)        0.152     6.250 f  design_1_i/kv_cache_axi_wrapper_0/inst/u_kv_core/u_codec_k/tree_bits[6]_i_2__510/O
                         net (fo=18188, routed)       7.043    13.294    design_1_i/kv_cache_axi_wrapper_0/inst/u_kv_core/gen_set[8].u_set/u_fifo/fifo_ptr_reg[2]_0
    SLICE_X106Y10        FDCE                                         f  design_1_i/kv_cache_axi_wrapper_0/inst/u_kv_core/gen_set[8].u_set/u_fifo/fifo_ptr_reg[1]/CLR
  -------------------------------------------------------------------    -------------------

                         (clock clk_fpga_0 rise edge)
                                                     20.000    20.000 r  
    PS7_X0Y0             PS7                          0.000    20.000 r  design_1_i/processing_system7_0/inst/PS7_i/FCLKCLK[0]
                         net (fo=1, routed)           1.088    21.088    design_1_i/processing_system7_0/inst/FCLK_CLK_unbuffered[0]
    BUFGCTRL_X0Y16       BUFG (Prop_bufg_I_O)         0.091    21.179 r  design_1_i/processing_system7_0/inst/buffer_fclk_clk_0.FCLK_CLK_0_BUFG/O
                         net (fo=19621, routed)       1.698    22.878    design_1_i/kv_cache_axi_wrapper_0/inst/u_kv_core/gen_set[8].u_set/u_fifo/clk
    SLICE_X106Y10        FDCE                                         r  design_1_i/kv_cache_axi_wrapper_0/inst/u_kv_core/gen_set[8].u_set/u_fifo/fifo_ptr_reg[1]/C
                         clock pessimism              0.115    22.992    
                         clock uncertainty           -0.302    22.690    
    SLICE_X106Y10        FDCE (Recov_fdce_C_CLR)     -0.613    22.077    design_1_i/kv_cache_axi_wrapper_0/inst/u_kv_core/gen_set[8].u_set/u_fifo/fifo_ptr_reg[1]
  -------------------------------------------------------------------
                         required time                         22.077    
                         arrival time                         -13.294    
  -------------------------------------------------------------------
                         slack                                  8.784    

Slack (MET) :             8.784ns  (required time - arrival time)
  Source:                 design_1_i/rst_ps7_0_100M/U0/ACTIVE_LOW_PR_OUT_DFF[0].FDRE_PER_N/C
                            (rising edge-triggered cell FDRE clocked by clk_fpga_0  {rise@0.000ns fall@10.000ns period=20.000ns})
  Destination:            design_1_i/kv_cache_axi_wrapper_0/inst/u_kv_core/gen_set[8].u_set/u_fifo/fifo_ptr_reg[2]/CLR
                            (recovery check against rising-edge clock clk_fpga_0  {rise@0.000ns fall@10.000ns period=20.000ns})
  Path Group:             **async_default**
  Path Type:              Recovery (Max at Slow Process Corner)
  Requirement:            20.000ns  (clk_fpga_0 rise@20.000ns - clk_fpga_0 rise@0.000ns)
  Data Path Delay:        10.349ns  (logic 0.608ns (5.875%)  route 9.741ns (94.125%))
  Logic Levels:           1  (LUT2=1)
  Clock Path Skew:        0.047ns (DCD - SCD + CPR)
    Destination Clock Delay (DCD):    2.877ns = ( 22.878 - 20.000 ) 
    Source Clock Delay      (SCD):    2.945ns
    Clock Pessimism Removal (CPR):    0.115ns
  Clock Uncertainty:      0.302ns  ((TSJ^2 + TIJ^2)^1/2 + DJ) / 2 + PE
    Total System Jitter     (TSJ):    0.071ns
    Total Input Jitter      (TIJ):    0.600ns
    Discrete Jitter          (DJ):    0.000ns
    Phase Error              (PE):    0.000ns

    Location             Delay type                Incr(ns)  Path(ns)    Netlist Resource(s)
  -------------------------------------------------------------------    -------------------
                         (clock clk_fpga_0 rise edge)
                                                      0.000     0.000 r  
    PS7_X0Y0             PS7                          0.000     0.000 r  design_1_i/processing_system7_0/inst/PS7_i/FCLKCLK[0]
                         net (fo=1, routed)           1.193     1.193    design_1_i/processing_system7_0/inst/FCLK_CLK_unbuffered[0]
    BUFGCTRL_X0Y16       BUFG (Prop_bufg_I_O)         0.101     1.294 r  design_1_i/processing_system7_0/inst/buffer_fclk_clk_0.FCLK_CLK_0_BUFG/O
                         net (fo=19621, routed)       1.651     2.945    design_1_i/rst_ps7_0_100M/U0/slowest_sync_clk
    SLICE_X41Y93         FDRE                                         r  design_1_i/rst_ps7_0_100M/U0/ACTIVE_LOW_PR_OUT_DFF[0].FDRE_PER_N/C
  -------------------------------------------------------------------    -------------------
    SLICE_X41Y93         FDRE (Prop_fdre_C_Q)         0.456     3.401 r  design_1_i/rst_ps7_0_100M/U0/ACTIVE_LOW_PR_OUT_DFF[0].FDRE_PER_N/Q
                         net (fo=11, routed)          2.697     6.098    design_1_i/kv_cache_axi_wrapper_0/inst/u_kv_core/u_codec_k/rst_n
    SLICE_X28Y69         LUT2 (Prop_lut2_I0_O)        0.152     6.250 f  design_1_i/kv_cache_axi_wrapper_0/inst/u_kv_core/u_codec_k/tree_bits[6]_i_2__510/O
                         net (fo=18188, routed)       7.043    13.294    design_1_i/kv_cache_axi_wrapper_0/inst/u_kv_core/gen_set[8].u_set/u_fifo/fifo_ptr_reg[2]_0
    SLICE_X106Y10        FDCE                                         f  design_1_i/kv_cache_axi_wrapper_0/inst/u_kv_core/gen_set[8].u_set/u_fifo/fifo_ptr_reg[2]/CLR
  -------------------------------------------------------------------    -------------------

                         (clock clk_fpga_0 rise edge)
                                                     20.000    20.000 r  
    PS7_X0Y0             PS7                          0.000    20.000 r  design_1_i/processing_system7_0/inst/PS7_i/FCLKCLK[0]
                         net (fo=1, routed)           1.088    21.088    design_1_i/processing_system7_0/inst/FCLK_CLK_unbuffered[0]
    BUFGCTRL_X0Y16       BUFG (Prop_bufg_I_O)         0.091    21.179 r  design_1_i/processing_system7_0/inst/buffer_fclk_clk_0.FCLK_CLK_0_BUFG/O
                         net (fo=19621, routed)       1.698    22.878    design_1_i/kv_cache_axi_wrapper_0/inst/u_kv_core/gen_set[8].u_set/u_fifo/clk
    SLICE_X106Y10        FDCE                                         r  design_1_i/kv_cache_axi_wrapper_0/inst/u_kv_core/gen_set[8].u_set/u_fifo/fifo_ptr_reg[2]/C
                         clock pessimism              0.115    22.992    
                         clock uncertainty           -0.302    22.690    
    SLICE_X106Y10        FDCE (Recov_fdce_C_CLR)     -0.613    22.077    design_1_i/kv_cache_axi_wrapper_0/inst/u_kv_core/gen_set[8].u_set/u_fifo/fifo_ptr_reg[2]
  -------------------------------------------------------------------
                         required time                         22.077    
                         arrival time                         -13.294    
  -------------------------------------------------------------------
                         slack                                  8.784    

Slack (MET) :             8.784ns  (required time - arrival time)
  Source:                 design_1_i/rst_ps7_0_100M/U0/ACTIVE_LOW_PR_OUT_DFF[0].FDRE_PER_N/C
                            (rising edge-triggered cell FDRE clocked by clk_fpga_0  {rise@0.000ns fall@10.000ns period=20.000ns})
  Destination:            design_1_i/kv_cache_axi_wrapper_0/inst/u_kv_core/gen_set[0].u_set/u_plru/tree_bits_reg[0]/CLR
                            (recovery check against rising-edge clock clk_fpga_0  {rise@0.000ns fall@10.000ns period=20.000ns})
  Path Group:             **async_default**
  Path Type:              Recovery (Max at Slow Process Corner)
  Requirement:            20.000ns  (clk_fpga_0 rise@20.000ns - clk_fpga_0 rise@0.000ns)
  Data Path Delay:        10.349ns  (logic 0.608ns (5.875%)  route 9.741ns (94.125%))
  Logic Levels:           1  (LUT2=1)
  Clock Path Skew:        0.048ns (DCD - SCD + CPR)
    Destination Clock Delay (DCD):    2.878ns = ( 22.878 - 20.000 ) 
    Source Clock Delay      (SCD):    2.945ns
    Clock Pessimism Removal (CPR):    0.115ns
  Clock Uncertainty:      0.302ns  ((TSJ^2 + TIJ^2)^1/2 + DJ) / 2 + PE
    Total System Jitter     (TSJ):    0.071ns
    Total Input Jitter      (TIJ):    0.600ns
    Discrete Jitter          (DJ):    0.000ns
    Phase Error              (PE):    0.000ns

    Location             Delay type                Incr(ns)  Path(ns)    Netlist Resource(s)
  -------------------------------------------------------------------    -------------------
                         (clock clk_fpga_0 rise edge)
                                                      0.000     0.000 r  
    PS7_X0Y0             PS7                          0.000     0.000 r  design_1_i/processing_system7_0/inst/PS7_i/FCLKCLK[0]
                         net (fo=1, routed)           1.193     1.193    design_1_i/processing_system7_0/inst/FCLK_CLK_unbuffered[0]
    BUFGCTRL_X0Y16       BUFG (Prop_bufg_I_O)         0.101     1.294 r  design_1_i/processing_system7_0/inst/buffer_fclk_clk_0.FCLK_CLK_0_BUFG/O
                         net (fo=19621, routed)       1.651     2.945    design_1_i/rst_ps7_0_100M/U0/slowest_sync_clk
    SLICE_X41Y93         FDRE                                         r  design_1_i/rst_ps7_0_100M/U0/ACTIVE_LOW_PR_OUT_DFF[0].FDRE_PER_N/C
  -------------------------------------------------------------------    -------------------
    SLICE_X41Y93         FDRE (Prop_fdre_C_Q)         0.456     3.401 r  design_1_i/rst_ps7_0_100M/U0/ACTIVE_LOW_PR_OUT_DFF[0].FDRE_PER_N/Q
                         net (fo=11, routed)          2.697     6.098    design_1_i/kv_cache_axi_wrapper_0/inst/u_kv_core/u_codec_k/rst_n
    SLICE_X28Y69         LUT2 (Prop_lut2_I0_O)        0.152     6.250 f  design_1_i/kv_cache_axi_wrapper_0/inst/u_kv_core/u_codec_k/tree_bits[6]_i_2__510/O
                         net (fo=18188, routed)       7.044    13.294    design_1_i/kv_cache_axi_wrapper_0/inst/u_kv_core/gen_set[0].u_set/u_plru/tree_bits_reg[6]_2
    SLICE_X106Y7         FDCE                                         f  design_1_i/kv_cache_axi_wrapper_0/inst/u_kv_core/gen_set[0].u_set/u_plru/tree_bits_reg[0]/CLR
  -------------------------------------------------------------------    -------------------

                         (clock clk_fpga_0 rise edge)
                                                     20.000    20.000 r  
    PS7_X0Y0             PS7                          0.000    20.000 r  design_1_i/processing_system7_0/inst/PS7_i/FCLKCLK[0]
                         net (fo=1, routed)           1.088    21.088    design_1_i/processing_system7_0/inst/FCLK_CLK_unbuffered[0]
    BUFGCTRL_X0Y16       BUFG (Prop_bufg_I_O)         0.091    21.179 r  design_1_i/processing_system7_0/inst/buffer_fclk_clk_0.FCLK_CLK_0_BUFG/O
                         net (fo=19621, routed)       1.699    22.878    design_1_i/kv_cache_axi_wrapper_0/inst/u_kv_core/gen_set[0].u_set/u_plru/clk
    SLICE_X106Y7         FDCE                                         r  design_1_i/kv_cache_axi_wrapper_0/inst/u_kv_core/gen_set[0].u_set/u_plru/tree_bits_reg[0]/C
                         clock pessimism              0.115    22.993    
                         clock uncertainty           -0.302    22.691    
    SLICE_X106Y7         FDCE (Recov_fdce_C_CLR)     -0.613    22.078    design_1_i/kv_cache_axi_wrapper_0/inst/u_kv_core/gen_set[0].u_set/u_plru/tree_bits_reg[0]
  -------------------------------------------------------------------
                         required time                         22.078    
                         arrival time                         -13.294    
  -------------------------------------------------------------------
                         slack                                  8.784    

Slack (MET) :             8.788ns  (required time - arrival time)
  Source:                 design_1_i/rst_ps7_0_100M/U0/ACTIVE_LOW_PR_OUT_DFF[0].FDRE_PER_N/C
                            (rising edge-triggered cell FDRE clocked by clk_fpga_0  {rise@0.000ns fall@10.000ns period=20.000ns})
  Destination:            design_1_i/kv_cache_axi_wrapper_0/inst/u_kv_core/gen_set[0].u_set/u_plru/tree_bits_reg[2]/CLR
                            (recovery check against rising-edge clock clk_fpga_0  {rise@0.000ns fall@10.000ns period=20.000ns})
  Path Group:             **async_default**
  Path Type:              Recovery (Max at Slow Process Corner)
  Requirement:            20.000ns  (clk_fpga_0 rise@20.000ns - clk_fpga_0 rise@0.000ns)
  Data Path Delay:        10.345ns  (logic 0.608ns (5.877%)  route 9.737ns (94.123%))
  Logic Levels:           1  (LUT2=1)
  Clock Path Skew:        0.048ns (DCD - SCD + CPR)
    Destination Clock Delay (DCD):    2.878ns = ( 22.878 - 20.000 ) 
    Source Clock Delay      (SCD):    2.945ns
    Clock Pessimism Removal (CPR):    0.115ns
  Clock Uncertainty:      0.302ns  ((TSJ^2 + TIJ^2)^1/2 + DJ) / 2 + PE
    Total System Jitter     (TSJ):    0.071ns
    Total Input Jitter      (TIJ):    0.600ns
    Discrete Jitter          (DJ):    0.000ns
    Phase Error              (PE):    0.000ns

    Location             Delay type                Incr(ns)  Path(ns)    Netlist Resource(s)
  -------------------------------------------------------------------    -------------------
                         (clock clk_fpga_0 rise edge)
                                                      0.000     0.000 r  
    PS7_X0Y0             PS7                          0.000     0.000 r  design_1_i/processing_system7_0/inst/PS7_i/FCLKCLK[0]
                         net (fo=1, routed)           1.193     1.193    design_1_i/processing_system7_0/inst/FCLK_CLK_unbuffered[0]
    BUFGCTRL_X0Y16       BUFG (Prop_bufg_I_O)         0.101     1.294 r  design_1_i/processing_system7_0/inst/buffer_fclk_clk_0.FCLK_CLK_0_BUFG/O
                         net (fo=19621, routed)       1.651     2.945    design_1_i/rst_ps7_0_100M/U0/slowest_sync_clk
    SLICE_X41Y93         FDRE                                         r  design_1_i/rst_ps7_0_100M/U0/ACTIVE_LOW_PR_OUT_DFF[0].FDRE_PER_N/C
  -------------------------------------------------------------------    -------------------
    SLICE_X41Y93         FDRE (Prop_fdre_C_Q)         0.456     3.401 r  design_1_i/rst_ps7_0_100M/U0/ACTIVE_LOW_PR_OUT_DFF[0].FDRE_PER_N/Q
                         net (fo=11, routed)          2.697     6.098    design_1_i/kv_cache_axi_wrapper_0/inst/u_kv_core/u_codec_k/rst_n
    SLICE_X28Y69         LUT2 (Prop_lut2_I0_O)        0.152     6.250 f  design_1_i/kv_cache_axi_wrapper_0/inst/u_kv_core/u_codec_k/tree_bits[6]_i_2__510/O
                         net (fo=18188, routed)       7.040    13.290    design_1_i/kv_cache_axi_wrapper_0/inst/u_kv_core/gen_set[0].u_set/u_plru/tree_bits_reg[6]_2
    SLICE_X107Y7         FDCE                                         f  design_1_i/kv_cache_axi_wrapper_0/inst/u_kv_core/gen_set[0].u_set/u_plru/tree_bits_reg[2]/CLR
  -------------------------------------------------------------------    -------------------

                         (clock clk_fpga_0 rise edge)
                                                     20.000    20.000 r  
    PS7_X0Y0             PS7                          0.000    20.000 r  design_1_i/processing_system7_0/inst/PS7_i/FCLKCLK[0]
                         net (fo=1, routed)           1.088    21.088    design_1_i/processing_system7_0/inst/FCLK_CLK_unbuffered[0]
    BUFGCTRL_X0Y16       BUFG (Prop_bufg_I_O)         0.091    21.179 r  design_1_i/processing_system7_0/inst/buffer_fclk_clk_0.FCLK_CLK_0_BUFG/O
                         net (fo=19621, routed)       1.699    22.878    design_1_i/kv_cache_axi_wrapper_0/inst/u_kv_core/gen_set[0].u_set/u_plru/clk
    SLICE_X107Y7         FDCE                                         r  design_1_i/kv_cache_axi_wrapper_0/inst/u_kv_core/gen_set[0].u_set/u_plru/tree_bits_reg[2]/C
                         clock pessimism              0.115    22.993    
                         clock uncertainty           -0.302    22.691    
    SLICE_X107Y7         FDCE (Recov_fdce_C_CLR)     -0.613    22.078    design_1_i/kv_cache_axi_wrapper_0/inst/u_kv_core/gen_set[0].u_set/u_plru/tree_bits_reg[2]
  -------------------------------------------------------------------
                         required time                         22.078    
                         arrival time                         -13.290    
  -------------------------------------------------------------------
                         slack                                  8.788    

Slack (MET) :             8.788ns  (required time - arrival time)
  Source:                 design_1_i/rst_ps7_0_100M/U0/ACTIVE_LOW_PR_OUT_DFF[0].FDRE_PER_N/C
                            (rising edge-triggered cell FDRE clocked by clk_fpga_0  {rise@0.000ns fall@10.000ns period=20.000ns})
  Destination:            design_1_i/kv_cache_axi_wrapper_0/inst/u_kv_core/gen_set[2].u_set/u_fifo/fifo_ptr_reg[1]/CLR
                            (recovery check against rising-edge clock clk_fpga_0  {rise@0.000ns fall@10.000ns period=20.000ns})
  Path Group:             **async_default**
  Path Type:              Recovery (Max at Slow Process Corner)
  Requirement:            20.000ns  (clk_fpga_0 rise@20.000ns - clk_fpga_0 rise@0.000ns)
  Data Path Delay:        10.345ns  (logic 0.608ns (5.877%)  route 9.737ns (94.123%))
  Logic Levels:           1  (LUT2=1)
  Clock Path Skew:        0.048ns (DCD - SCD + CPR)
    Destination Clock Delay (DCD):    2.878ns = ( 22.878 - 20.000 ) 
    Source Clock Delay      (SCD):    2.945ns
    Clock Pessimism Removal (CPR):    0.115ns
  Clock Uncertainty:      0.302ns  ((TSJ^2 + TIJ^2)^1/2 + DJ) / 2 + PE
    Total System Jitter     (TSJ):    0.071ns
    Total Input Jitter      (TIJ):    0.600ns
    Discrete Jitter          (DJ):    0.000ns
    Phase Error              (PE):    0.000ns

    Location             Delay type                Incr(ns)  Path(ns)    Netlist Resource(s)
  -------------------------------------------------------------------    -------------------
                         (clock clk_fpga_0 rise edge)
                                                      0.000     0.000 r  
    PS7_X0Y0             PS7                          0.000     0.000 r  design_1_i/processing_system7_0/inst/PS7_i/FCLKCLK[0]
                         net (fo=1, routed)           1.193     1.193    design_1_i/processing_system7_0/inst/FCLK_CLK_unbuffered[0]
    BUFGCTRL_X0Y16       BUFG (Prop_bufg_I_O)         0.101     1.294 r  design_1_i/processing_system7_0/inst/buffer_fclk_clk_0.FCLK_CLK_0_BUFG/O
                         net (fo=19621, routed)       1.651     2.945    design_1_i/rst_ps7_0_100M/U0/slowest_sync_clk
    SLICE_X41Y93         FDRE                                         r  design_1_i/rst_ps7_0_100M/U0/ACTIVE_LOW_PR_OUT_DFF[0].FDRE_PER_N/C
  -------------------------------------------------------------------    -------------------
    SLICE_X41Y93         FDRE (Prop_fdre_C_Q)         0.456     3.401 r  design_1_i/rst_ps7_0_100M/U0/ACTIVE_LOW_PR_OUT_DFF[0].FDRE_PER_N/Q
                         net (fo=11, routed)          2.697     6.098    design_1_i/kv_cache_axi_wrapper_0/inst/u_kv_core/u_codec_k/rst_n
    SLICE_X28Y69         LUT2 (Prop_lut2_I0_O)        0.152     6.250 f  design_1_i/kv_cache_axi_wrapper_0/inst/u_kv_core/u_codec_k/tree_bits[6]_i_2__510/O
                         net (fo=18188, routed)       7.040    13.290    design_1_i/kv_cache_axi_wrapper_0/inst/u_kv_core/gen_set[2].u_set/u_fifo/fifo_ptr_reg[2]_0
    SLICE_X107Y7         FDCE                                         f  design_1_i/kv_cache_axi_wrapper_0/inst/u_kv_core/gen_set[2].u_set/u_fifo/fifo_ptr_reg[1]/CLR
  -------------------------------------------------------------------    -------------------

                         (clock clk_fpga_0 rise edge)
                                                     20.000    20.000 r  
    PS7_X0Y0             PS7                          0.000    20.000 r  design_1_i/processing_system7_0/inst/PS7_i/FCLKCLK[0]
                         net (fo=1, routed)           1.088    21.088    design_1_i/processing_system7_0/inst/FCLK_CLK_unbuffered[0]
    BUFGCTRL_X0Y16       BUFG (Prop_bufg_I_O)         0.091    21.179 r  design_1_i/processing_system7_0/inst/buffer_fclk_clk_0.FCLK_CLK_0_BUFG/O
                         net (fo=19621, routed)       1.699    22.878    design_1_i/kv_cache_axi_wrapper_0/inst/u_kv_core/gen_set[2].u_set/u_fifo/clk
    SLICE_X107Y7         FDCE                                         r  design_1_i/kv_cache_axi_wrapper_0/inst/u_kv_core/gen_set[2].u_set/u_fifo/fifo_ptr_reg[1]/C
                         clock pessimism              0.115    22.993    
                         clock uncertainty           -0.302    22.691    
    SLICE_X107Y7         FDCE (Recov_fdce_C_CLR)     -0.613    22.078    design_1_i/kv_cache_axi_wrapper_0/inst/u_kv_core/gen_set[2].u_set/u_fifo/fifo_ptr_reg[1]
  -------------------------------------------------------------------
                         required time                         22.078    
                         arrival time                         -13.290    
  -------------------------------------------------------------------
                         slack                                  8.788    

Slack (MET) :             8.788ns  (required time - arrival time)
  Source:                 design_1_i/rst_ps7_0_100M/U0/ACTIVE_LOW_PR_OUT_DFF[0].FDRE_PER_N/C
                            (rising edge-triggered cell FDRE clocked by clk_fpga_0  {rise@0.000ns fall@10.000ns period=20.000ns})
  Destination:            design_1_i/kv_cache_axi_wrapper_0/inst/u_kv_core/gen_set[2].u_set/u_fifo/fifo_ptr_reg[2]/CLR
                            (recovery check against rising-edge clock clk_fpga_0  {rise@0.000ns fall@10.000ns period=20.000ns})
  Path Group:             **async_default**
  Path Type:              Recovery (Max at Slow Process Corner)
  Requirement:            20.000ns  (clk_fpga_0 rise@20.000ns - clk_fpga_0 rise@0.000ns)
  Data Path Delay:        10.345ns  (logic 0.608ns (5.877%)  route 9.737ns (94.123%))
  Logic Levels:           1  (LUT2=1)
  Clock Path Skew:        0.048ns (DCD - SCD + CPR)
    Destination Clock Delay (DCD):    2.878ns = ( 22.878 - 20.000 ) 
    Source Clock Delay      (SCD):    2.945ns
    Clock Pessimism Removal (CPR):    0.115ns
  Clock Uncertainty:      0.302ns  ((TSJ^2 + TIJ^2)^1/2 + DJ) / 2 + PE
    Total System Jitter     (TSJ):    0.071ns
    Total Input Jitter      (TIJ):    0.600ns
    Discrete Jitter          (DJ):    0.000ns
    Phase Error              (PE):    0.000ns

    Location             Delay type                Incr(ns)  Path(ns)    Netlist Resource(s)
  -------------------------------------------------------------------    -------------------
                         (clock clk_fpga_0 rise edge)
                                                      0.000     0.000 r  
    PS7_X0Y0             PS7                          0.000     0.000 r  design_1_i/processing_system7_0/inst/PS7_i/FCLKCLK[0]
                         net (fo=1, routed)           1.193     1.193    design_1_i/processing_system7_0/inst/FCLK_CLK_unbuffered[0]
    BUFGCTRL_X0Y16       BUFG (Prop_bufg_I_O)         0.101     1.294 r  design_1_i/processing_system7_0/inst/buffer_fclk_clk_0.FCLK_CLK_0_BUFG/O
                         net (fo=19621, routed)       1.651     2.945    design_1_i/rst_ps7_0_100M/U0/slowest_sync_clk
    SLICE_X41Y93         FDRE                                         r  design_1_i/rst_ps7_0_100M/U0/ACTIVE_LOW_PR_OUT_DFF[0].FDRE_PER_N/C
  -------------------------------------------------------------------    -------------------
    SLICE_X41Y93         FDRE (Prop_fdre_C_Q)         0.456     3.401 r  design_1_i/rst_ps7_0_100M/U0/ACTIVE_LOW_PR_OUT_DFF[0].FDRE_PER_N/Q
                         net (fo=11, routed)          2.697     6.098    design_1_i/kv_cache_axi_wrapper_0/inst/u_kv_core/u_codec_k/rst_n
    SLICE_X28Y69         LUT2 (Prop_lut2_I0_O)        0.152     6.250 f  design_1_i/kv_cache_axi_wrapper_0/inst/u_kv_core/u_codec_k/tree_bits[6]_i_2__510/O
                         net (fo=18188, routed)       7.040    13.290    design_1_i/kv_cache_axi_wrapper_0/inst/u_kv_core/gen_set[2].u_set/u_fifo/fifo_ptr_reg[2]_0
    SLICE_X107Y7         FDCE                                         f  design_1_i/kv_cache_axi_wrapper_0/inst/u_kv_core/gen_set[2].u_set/u_fifo/fifo_ptr_reg[2]/CLR
  -------------------------------------------------------------------    -------------------

                         (clock clk_fpga_0 rise edge)
                                                     20.000    20.000 r  
    PS7_X0Y0             PS7                          0.000    20.000 r  design_1_i/processing_system7_0/inst/PS7_i/FCLKCLK[0]
                         net (fo=1, routed)           1.088    21.088    design_1_i/processing_system7_0/inst/FCLK_CLK_unbuffered[0]
    BUFGCTRL_X0Y16       BUFG (Prop_bufg_I_O)         0.091    21.179 r  design_1_i/processing_system7_0/inst/buffer_fclk_clk_0.FCLK_CLK_0_BUFG/O
                         net (fo=19621, routed)       1.699    22.878    design_1_i/kv_cache_axi_wrapper_0/inst/u_kv_core/gen_set[2].u_set/u_fifo/clk
    SLICE_X107Y7         FDCE                                         r  design_1_i/kv_cache_axi_wrapper_0/inst/u_kv_core/gen_set[2].u_set/u_fifo/fifo_ptr_reg[2]/C
                         clock pessimism              0.115    22.993    
                         clock uncertainty           -0.302    22.691    
    SLICE_X107Y7         FDCE (Recov_fdce_C_CLR)     -0.613    22.078    design_1_i/kv_cache_axi_wrapper_0/inst/u_kv_core/gen_set[2].u_set/u_fifo/fifo_ptr_reg[2]
  -------------------------------------------------------------------
                         required time                         22.078    
                         arrival time                         -13.290    
  -------------------------------------------------------------------
                         slack                                  8.788    

Slack (MET) :             8.808ns  (required time - arrival time)
  Source:                 design_1_i/rst_ps7_0_100M/U0/ACTIVE_LOW_PR_OUT_DFF[0].FDRE_PER_N/C
                            (rising edge-triggered cell FDRE clocked by clk_fpga_0  {rise@0.000ns fall@10.000ns period=20.000ns})
  Destination:            design_1_i/kv_cache_axi_wrapper_0/inst/u_kv_core/gen_set[17].u_set/u_plru/tree_bits_reg[1]/CLR
                            (recovery check against rising-edge clock clk_fpga_0  {rise@0.000ns fall@10.000ns period=20.000ns})
  Path Group:             **async_default**
  Path Type:              Recovery (Max at Slow Process Corner)
  Requirement:            20.000ns  (clk_fpga_0 rise@20.000ns - clk_fpga_0 rise@0.000ns)
  Data Path Delay:        10.251ns  (logic 0.608ns (5.931%)  route 9.643ns (94.069%))
  Logic Levels:           1  (LUT2=1)
  Clock Path Skew:        -0.026ns (DCD - SCD + CPR)
    Destination Clock Delay (DCD):    2.804ns = ( 22.805 - 20.000 ) 
    Source Clock Delay      (SCD):    2.945ns
    Clock Pessimism Removal (CPR):    0.115ns
  Clock Uncertainty:      0.302ns  ((TSJ^2 + TIJ^2)^1/2 + DJ) / 2 + PE
    Total System Jitter     (TSJ):    0.071ns
    Total Input Jitter      (TIJ):    0.600ns
    Discrete Jitter          (DJ):    0.000ns
    Phase Error              (PE):    0.000ns

    Location             Delay type                Incr(ns)  Path(ns)    Netlist Resource(s)
  -------------------------------------------------------------------    -------------------
                         (clock clk_fpga_0 rise edge)
                                                      0.000     0.000 r  
    PS7_X0Y0             PS7                          0.000     0.000 r  design_1_i/processing_system7_0/inst/PS7_i/FCLKCLK[0]
                         net (fo=1, routed)           1.193     1.193    design_1_i/processing_system7_0/inst/FCLK_CLK_unbuffered[0]
    BUFGCTRL_X0Y16       BUFG (Prop_bufg_I_O)         0.101     1.294 r  design_1_i/processing_system7_0/inst/buffer_fclk_clk_0.FCLK_CLK_0_BUFG/O
                         net (fo=19621, routed)       1.651     2.945    design_1_i/rst_ps7_0_100M/U0/slowest_sync_clk
    SLICE_X41Y93         FDRE                                         r  design_1_i/rst_ps7_0_100M/U0/ACTIVE_LOW_PR_OUT_DFF[0].FDRE_PER_N/C
  -------------------------------------------------------------------    -------------------
    SLICE_X41Y93         FDRE (Prop_fdre_C_Q)         0.456     3.401 r  design_1_i/rst_ps7_0_100M/U0/ACTIVE_LOW_PR_OUT_DFF[0].FDRE_PER_N/Q
                         net (fo=11, routed)          2.697     6.098    design_1_i/kv_cache_axi_wrapper_0/inst/u_kv_core/u_codec_k/rst_n
    SLICE_X28Y69         LUT2 (Prop_lut2_I0_O)        0.152     6.250 f  design_1_i/kv_cache_axi_wrapper_0/inst/u_kv_core/u_codec_k/tree_bits[6]_i_2__510/O
                         net (fo=18188, routed)       6.946    13.196    design_1_i/kv_cache_axi_wrapper_0/inst/u_kv_core/gen_set[17].u_set/u_plru/tree_bits_reg[6]_2
    SLICE_X97Y2          FDCE                                         f  design_1_i/kv_cache_axi_wrapper_0/inst/u_kv_core/gen_set[17].u_set/u_plru/tree_bits_reg[1]/CLR
  -------------------------------------------------------------------    -------------------

                         (clock clk_fpga_0 rise edge)
                                                     20.000    20.000 r  
    PS7_X0Y0             PS7                          0.000    20.000 r  design_1_i/processing_system7_0/inst/PS7_i/FCLKCLK[0]
                         net (fo=1, routed)           1.088    21.088    design_1_i/processing_system7_0/inst/FCLK_CLK_unbuffered[0]
    BUFGCTRL_X0Y16       BUFG (Prop_bufg_I_O)         0.091    21.179 r  design_1_i/processing_system7_0/inst/buffer_fclk_clk_0.FCLK_CLK_0_BUFG/O
                         net (fo=19621, routed)       1.625    22.805    design_1_i/kv_cache_axi_wrapper_0/inst/u_kv_core/gen_set[17].u_set/u_plru/clk
    SLICE_X97Y2          FDCE                                         r  design_1_i/kv_cache_axi_wrapper_0/inst/u_kv_core/gen_set[17].u_set/u_plru/tree_bits_reg[1]/C
                         clock pessimism              0.115    22.919    
                         clock uncertainty           -0.302    22.617    
    SLICE_X97Y2          FDCE (Recov_fdce_C_CLR)     -0.613    22.004    design_1_i/kv_cache_axi_wrapper_0/inst/u_kv_core/gen_set[17].u_set/u_plru/tree_bits_reg[1]
  -------------------------------------------------------------------
                         required time                         22.004    
                         arrival time                         -13.196    
  -------------------------------------------------------------------
                         slack                                  8.808    

Slack (MET) :             8.814ns  (required time - arrival time)
  Source:                 design_1_i/rst_ps7_0_100M/U0/ACTIVE_LOW_PR_OUT_DFF[0].FDRE_PER_N/C
                            (rising edge-triggered cell FDRE clocked by clk_fpga_0  {rise@0.000ns fall@10.000ns period=20.000ns})
  Destination:            design_1_i/kv_cache_axi_wrapper_0/inst/u_kv_core/gen_set[4].u_set/u_plru/tree_bits_reg[3]/CLR
                            (recovery check against rising-edge clock clk_fpga_0  {rise@0.000ns fall@10.000ns period=20.000ns})
  Path Group:             **async_default**
  Path Type:              Recovery (Max at Slow Process Corner)
  Requirement:            20.000ns  (clk_fpga_0 rise@20.000ns - clk_fpga_0 rise@0.000ns)
  Data Path Delay:        10.245ns  (logic 0.608ns (5.935%)  route 9.637ns (94.065%))
  Logic Levels:           1  (LUT2=1)
  Clock Path Skew:        -0.026ns (DCD - SCD + CPR)
    Destination Clock Delay (DCD):    2.804ns = ( 22.805 - 20.000 ) 
    Source Clock Delay      (SCD):    2.945ns
    Clock Pessimism Removal (CPR):    0.115ns
  Clock Uncertainty:      0.302ns  ((TSJ^2 + TIJ^2)^1/2 + DJ) / 2 + PE
    Total System Jitter     (TSJ):    0.071ns
    Total Input Jitter      (TIJ):    0.600ns
    Discrete Jitter          (DJ):    0.000ns
    Phase Error              (PE):    0.000ns

    Location             Delay type                Incr(ns)  Path(ns)    Netlist Resource(s)
  -------------------------------------------------------------------    -------------------
                         (clock clk_fpga_0 rise edge)
                                                      0.000     0.000 r  
    PS7_X0Y0             PS7                          0.000     0.000 r  design_1_i/processing_system7_0/inst/PS7_i/FCLKCLK[0]
                         net (fo=1, routed)           1.193     1.193    design_1_i/processing_system7_0/inst/FCLK_CLK_unbuffered[0]
    BUFGCTRL_X0Y16       BUFG (Prop_bufg_I_O)         0.101     1.294 r  design_1_i/processing_system7_0/inst/buffer_fclk_clk_0.FCLK_CLK_0_BUFG/O
                         net (fo=19621, routed)       1.651     2.945    design_1_i/rst_ps7_0_100M/U0/slowest_sync_clk
    SLICE_X41Y93         FDRE                                         r  design_1_i/rst_ps7_0_100M/U0/ACTIVE_LOW_PR_OUT_DFF[0].FDRE_PER_N/C
  -------------------------------------------------------------------    -------------------
    SLICE_X41Y93         FDRE (Prop_fdre_C_Q)         0.456     3.401 r  design_1_i/rst_ps7_0_100M/U0/ACTIVE_LOW_PR_OUT_DFF[0].FDRE_PER_N/Q
                         net (fo=11, routed)          2.697     6.098    design_1_i/kv_cache_axi_wrapper_0/inst/u_kv_core/u_codec_k/rst_n
    SLICE_X28Y69         LUT2 (Prop_lut2_I0_O)        0.152     6.250 f  design_1_i/kv_cache_axi_wrapper_0/inst/u_kv_core/u_codec_k/tree_bits[6]_i_2__510/O
                         net (fo=18188, routed)       6.940    13.190    design_1_i/kv_cache_axi_wrapper_0/inst/u_kv_core/gen_set[4].u_set/u_plru/tree_bits_reg[6]_2
    SLICE_X99Y4          FDCE                                         f  design_1_i/kv_cache_axi_wrapper_0/inst/u_kv_core/gen_set[4].u_set/u_plru/tree_bits_reg[3]/CLR
  -------------------------------------------------------------------    -------------------

                         (clock clk_fpga_0 rise edge)
                                                     20.000    20.000 r  
    PS7_X0Y0             PS7                          0.000    20.000 r  design_1_i/processing_system7_0/inst/PS7_i/FCLKCLK[0]
                         net (fo=1, routed)           1.088    21.088    design_1_i/processing_system7_0/inst/FCLK_CLK_unbuffered[0]
    BUFGCTRL_X0Y16       BUFG (Prop_bufg_I_O)         0.091    21.179 r  design_1_i/processing_system7_0/inst/buffer_fclk_clk_0.FCLK_CLK_0_BUFG/O
                         net (fo=19621, routed)       1.625    22.805    design_1_i/kv_cache_axi_wrapper_0/inst/u_kv_core/gen_set[4].u_set/u_plru/clk
    SLICE_X99Y4          FDCE                                         r  design_1_i/kv_cache_axi_wrapper_0/inst/u_kv_core/gen_set[4].u_set/u_plru/tree_bits_reg[3]/C
                         clock pessimism              0.115    22.919    
                         clock uncertainty           -0.302    22.617    
    SLICE_X99Y4          FDCE (Recov_fdce_C_CLR)     -0.613    22.004    design_1_i/kv_cache_axi_wrapper_0/inst/u_kv_core/gen_set[4].u_set/u_plru/tree_bits_reg[3]
  -------------------------------------------------------------------
                         required time                         22.004    
                         arrival time                         -13.190    
  -------------------------------------------------------------------
                         slack                                  8.814    

Slack (MET) :             8.814ns  (required time - arrival time)
  Source:                 design_1_i/rst_ps7_0_100M/U0/ACTIVE_LOW_PR_OUT_DFF[0].FDRE_PER_N/C
                            (rising edge-triggered cell FDRE clocked by clk_fpga_0  {rise@0.000ns fall@10.000ns period=20.000ns})
  Destination:            design_1_i/kv_cache_axi_wrapper_0/inst/u_kv_core/gen_set[4].u_set/u_plru/tree_bits_reg[4]/CLR
                            (recovery check against rising-edge clock clk_fpga_0  {rise@0.000ns fall@10.000ns period=20.000ns})
  Path Group:             **async_default**
  Path Type:              Recovery (Max at Slow Process Corner)
  Requirement:            20.000ns  (clk_fpga_0 rise@20.000ns - clk_fpga_0 rise@0.000ns)
  Data Path Delay:        10.245ns  (logic 0.608ns (5.935%)  route 9.637ns (94.065%))
  Logic Levels:           1  (LUT2=1)
  Clock Path Skew:        -0.026ns (DCD - SCD + CPR)
    Destination Clock Delay (DCD):    2.804ns = ( 22.805 - 20.000 ) 
    Source Clock Delay      (SCD):    2.945ns
    Clock Pessimism Removal (CPR):    0.115ns
  Clock Uncertainty:      0.302ns  ((TSJ^2 + TIJ^2)^1/2 + DJ) / 2 + PE
    Total System Jitter     (TSJ):    0.071ns
    Total Input Jitter      (TIJ):    0.600ns
    Discrete Jitter          (DJ):    0.000ns
    Phase Error              (PE):    0.000ns

    Location             Delay type                Incr(ns)  Path(ns)    Netlist Resource(s)
  -------------------------------------------------------------------    -------------------
                         (clock clk_fpga_0 rise edge)
                                                      0.000     0.000 r  
    PS7_X0Y0             PS7                          0.000     0.000 r  design_1_i/processing_system7_0/inst/PS7_i/FCLKCLK[0]
                         net (fo=1, routed)           1.193     1.193    design_1_i/processing_system7_0/inst/FCLK_CLK_unbuffered[0]
    BUFGCTRL_X0Y16       BUFG (Prop_bufg_I_O)         0.101     1.294 r  design_1_i/processing_system7_0/inst/buffer_fclk_clk_0.FCLK_CLK_0_BUFG/O
                         net (fo=19621, routed)       1.651     2.945    design_1_i/rst_ps7_0_100M/U0/slowest_sync_clk
    SLICE_X41Y93         FDRE                                         r  design_1_i/rst_ps7_0_100M/U0/ACTIVE_LOW_PR_OUT_DFF[0].FDRE_PER_N/C
  -------------------------------------------------------------------    -------------------
    SLICE_X41Y93         FDRE (Prop_fdre_C_Q)         0.456     3.401 r  design_1_i/rst_ps7_0_100M/U0/ACTIVE_LOW_PR_OUT_DFF[0].FDRE_PER_N/Q
                         net (fo=11, routed)          2.697     6.098    design_1_i/kv_cache_axi_wrapper_0/inst/u_kv_core/u_codec_k/rst_n
    SLICE_X28Y69         LUT2 (Prop_lut2_I0_O)        0.152     6.250 f  design_1_i/kv_cache_axi_wrapper_0/inst/u_kv_core/u_codec_k/tree_bits[6]_i_2__510/O
                         net (fo=18188, routed)       6.940    13.190    design_1_i/kv_cache_axi_wrapper_0/inst/u_kv_core/gen_set[4].u_set/u_plru/tree_bits_reg[6]_2
    SLICE_X99Y4          FDCE                                         f  design_1_i/kv_cache_axi_wrapper_0/inst/u_kv_core/gen_set[4].u_set/u_plru/tree_bits_reg[4]/CLR
  -------------------------------------------------------------------    -------------------

                         (clock clk_fpga_0 rise edge)
                                                     20.000    20.000 r  
    PS7_X0Y0             PS7                          0.000    20.000 r  design_1_i/processing_system7_0/inst/PS7_i/FCLKCLK[0]
                         net (fo=1, routed)           1.088    21.088    design_1_i/processing_system7_0/inst/FCLK_CLK_unbuffered[0]
    BUFGCTRL_X0Y16       BUFG (Prop_bufg_I_O)         0.091    21.179 r  design_1_i/processing_system7_0/inst/buffer_fclk_clk_0.FCLK_CLK_0_BUFG/O
                         net (fo=19621, routed)       1.625    22.805    design_1_i/kv_cache_axi_wrapper_0/inst/u_kv_core/gen_set[4].u_set/u_plru/clk
    SLICE_X99Y4          FDCE                                         r  design_1_i/kv_cache_axi_wrapper_0/inst/u_kv_core/gen_set[4].u_set/u_plru/tree_bits_reg[4]/C
                         clock pessimism              0.115    22.919    
                         clock uncertainty           -0.302    22.617    
    SLICE_X99Y4          FDCE (Recov_fdce_C_CLR)     -0.613    22.004    design_1_i/kv_cache_axi_wrapper_0/inst/u_kv_core/gen_set[4].u_set/u_plru/tree_bits_reg[4]
  -------------------------------------------------------------------
                         required time                         22.004    
                         arrival time                         -13.190    
  -------------------------------------------------------------------
                         slack                                  8.814    





Min Delay Paths
--------------------------------------------------------------------------------------
Slack (MET) :             0.634ns  (arrival time - required time)
  Source:                 design_1_wrapper/design_1/design_1_axi_mem_intercon_0/s00_couplers_imp_7HNO1D/design_1_axi_mem_intercon_imp_auto_pc_0/design_1_axi_mem_intercon_imp_auto_pc_0_axi_protocol_converter_v2_1_37_axi_protocol_converter/design_1_axi_mem_intercon_imp_auto_pc_0_axi_protocol_converter_v2_1_37_axi3_conv/design_1_axi_mem_intercon_imp_auto_pc_0_axi_protocol_converter_v2_1_37_a_axi3_conv/design_1_axi_mem_intercon_imp_auto_pc_0_axi_data_fifo_v2_1_36_axic_fifo/design_1_axi_mem_intercon_imp_auto_pc_0_axi_data_fifo_v2_1_36_fifo_gen_1/<hidden>/<hidden>/<hidden>/<hidden>/<hidden>
                            (rising edge-triggered cell FDRE clocked by clk_fpga_0  {rise@0.000ns fall@10.000ns period=20.000ns})
  Destination:            design_1_wrapper/design_1/design_1_axi_mem_intercon_0/s00_couplers_imp_7HNO1D/design_1_axi_mem_intercon_imp_auto_pc_0/design_1_axi_mem_intercon_imp_auto_pc_0_axi_protocol_converter_v2_1_37_axi_protocol_converter/design_1_axi_mem_intercon_imp_auto_pc_0_axi_protocol_converter_v2_1_37_axi3_conv/design_1_axi_mem_intercon_imp_auto_pc_0_axi_protocol_converter_v2_1_37_a_axi3_conv/design_1_axi_mem_intercon_imp_auto_pc_0_axi_data_fifo_v2_1_36_axic_fifo/design_1_axi_mem_intercon_imp_auto_pc_0_axi_data_fifo_v2_1_36_fifo_gen_1/<hidden>/<hidden>/<hidden>/<hidden>/<hidden>/<hidden>
                            (removal check against rising-edge clock clk_fpga_0  {rise@0.000ns fall@10.000ns period=20.000ns})
  Path Group:             **async_default**
  Path Type:              Removal (Min at Fast Process Corner)
  Requirement:            0.000ns  (clk_fpga_0 rise@0.000ns - clk_fpga_0 rise@0.000ns)
  Data Path Delay:        0.582ns  (logic 0.209ns (35.930%)  route 0.373ns (64.070%))
  Logic Levels:           1  (LUT3=1)
  Clock Path Skew:        0.015ns (DCD - SCD - CPR)
    Destination Clock Delay (DCD):    1.198ns
    Source Clock Delay      (SCD):    0.899ns
    Clock Pessimism Removal (CPR):    0.284ns

    Location             Delay type                Incr(ns)  Path(ns)    Netlist Resource(s)
  -------------------------------------------------------------------    -------------------
                         (clock clk_fpga_0 rise edge)
                                                      0.000     0.000 r  
    PS7_X0Y0             PS7                          0.000     0.000 r  design_1_i/processing_system7_0/inst/PS7_i/FCLKCLK[0]
                         net (fo=1, routed)           0.310     0.310    design_1_i/processing_system7_0/inst/FCLK_CLK_unbuffered[0]
    BUFGCTRL_X0Y16       BUFG (Prop_bufg_I_O)         0.026     0.336 r  design_1_i/processing_system7_0/inst/buffer_fclk_clk_0.FCLK_CLK_0_BUFG/O
                         net (fo=19621, routed)       0.563     0.899    design_1_wrapper/design_1/design_1_axi_mem_intercon_0/s00_couplers_imp_7HNO1D/design_1_axi_mem_intercon_imp_auto_pc_0/design_1_axi_mem_intercon_imp_auto_pc_0_axi_protocol_converter_v2_1_37_axi_protocol_converter/design_1_axi_mem_intercon_imp_auto_pc_0_axi_protocol_converter_v2_1_37_axi3_conv/design_1_axi_mem_intercon_imp_auto_pc_0_axi_protocol_converter_v2_1_37_a_axi3_conv/design_1_axi_mem_intercon_imp_auto_pc_0_axi_data_fifo_v2_1_36_axic_fifo/design_1_axi_mem_intercon_imp_auto_pc_0_axi_data_fifo_v2_1_36_fifo_gen_1/<hidden>/<hidden>/<hidden>/<hidden>/<hidden>
    SLICE_X26Y78         FDRE                                         r  design_1_wrapper/design_1/design_1_axi_mem_intercon_0/s00_couplers_imp_7HNO1D/design_1_axi_mem_intercon_imp_auto_pc_0/design_1_axi_mem_intercon_imp_auto_pc_0_axi_protocol_converter_v2_1_37_axi_protocol_converter/design_1_axi_mem_intercon_imp_auto_pc_0_axi_protocol_converter_v2_1_37_axi3_conv/design_1_axi_mem_intercon_imp_auto_pc_0_axi_protocol_converter_v2_1_37_a_axi3_conv/design_1_axi_mem_intercon_imp_auto_pc_0_axi_data_fifo_v2_1_36_axic_fifo/design_1_axi_mem_intercon_imp_auto_pc_0_axi_data_fifo_v2_1_36_fifo_gen_1/<hidden>/<hidden>/<hidden>/<hidden>/<hidden>
  -------------------------------------------------------------------    -------------------
    SLICE_X26Y78         FDRE (Prop_fdre_C_Q)         0.164     1.063 f  design_1_wrapper/design_1/design_1_axi_mem_intercon_0/s00_couplers_imp_7HNO1D/design_1_axi_mem_intercon_imp_auto_pc_0/design_1_axi_mem_intercon_imp_auto_pc_0_axi_protocol_converter_v2_1_37_axi_protocol_converter/design_1_axi_mem_intercon_imp_auto_pc_0_axi_protocol_converter_v2_1_37_axi3_conv/design_1_axi_mem_intercon_imp_auto_pc_0_axi_protocol_converter_v2_1_37_a_axi3_conv/design_1_axi_mem_intercon_imp_auto_pc_0_axi_data_fifo_v2_1_36_axic_fifo/design_1_axi_mem_intercon_imp_auto_pc_0_axi_data_fifo_v2_1_36_fifo_gen_1/<hidden>/<hidden>/<hidden>/<hidden>/<hidden>
                         net (fo=2, routed)           0.222     1.285    design_1_wrapper/design_1/design_1_axi_mem_intercon_0/s00_couplers_imp_7HNO1D/design_1_axi_mem_intercon_imp_auto_pc_0/design_1_axi_mem_intercon_imp_auto_pc_0_axi_protocol_converter_v2_1_37_axi_protocol_converter/design_1_axi_mem_intercon_imp_auto_pc_0_axi_protocol_converter_v2_1_37_axi3_conv/design_1_axi_mem_intercon_imp_auto_pc_0_axi_protocol_converter_v2_1_37_a_axi3_conv/design_1_axi_mem_intercon_imp_auto_pc_0_axi_data_fifo_v2_1_36_axic_fifo/design_1_axi_mem_intercon_imp_auto_pc_0_axi_data_fifo_v2_1_36_fifo_gen_1/<hidden>/<hidden>/<hidden>/<hidden>/<hidden>
    SLICE_X27Y78         LUT3 (Prop_lut3_I0_O)        0.045     1.330 f  design_1_wrapper/design_1/design_1_axi_mem_intercon_0/s00_couplers_imp_7HNO1D/design_1_axi_mem_intercon_imp_auto_pc_0/design_1_axi_mem_intercon_imp_auto_pc_0_axi_protocol_converter_v2_1_37_axi_protocol_converter/design_1_axi_mem_intercon_imp_auto_pc_0_axi_protocol_converter_v2_1_37_axi3_conv/design_1_axi_mem_intercon_imp_auto_pc_0_axi_protocol_converter_v2_1_37_a_axi3_conv/design_1_axi_mem_intercon_imp_auto_pc_0_axi_data_fifo_v2_1_36_axic_fifo/design_1_axi_mem_intercon_imp_auto_pc_0_axi_data_fifo_v2_1_36_fifo_gen_1/<hidden>/<hidden>/<hidden>/<hidden>/<hidden>
                         net (fo=32, routed)          0.150     1.480    design_1_wrapper/design_1/design_1_axi_mem_intercon_0/s00_couplers_imp_7HNO1D/design_1_axi_mem_intercon_imp_auto_pc_0/design_1_axi_mem_intercon_imp_auto_pc_0_axi_protocol_converter_v2_1_37_axi_protocol_converter/design_1_axi_mem_intercon_imp_auto_pc_0_axi_protocol_converter_v2_1_37_axi3_conv/design_1_axi_mem_intercon_imp_auto_pc_0_axi_protocol_converter_v2_1_37_a_axi3_conv/design_1_axi_mem_intercon_imp_auto_pc_0_axi_data_fifo_v2_1_36_axic_fifo/design_1_axi_mem_intercon_imp_auto_pc_0_axi_data_fifo_v2_1_36_fifo_gen_1/<hidden>/<hidden>/<hidden>/<hidden>/<hidden>/<hidden>
    SLICE_X26Y79         FDCE                                         f  design_1_wrapper/design_1/design_1_axi_mem_intercon_0/s00_couplers_imp_7HNO1D/design_1_axi_mem_intercon_imp_auto_pc_0/design_1_axi_mem_intercon_imp_auto_pc_0_axi_protocol_converter_v2_1_37_axi_protocol_converter/design_1_axi_mem_intercon_imp_auto_pc_0_axi_protocol_converter_v2_1_37_axi3_conv/design_1_axi_mem_intercon_imp_auto_pc_0_axi_protocol_converter_v2_1_37_a_axi3_conv/design_1_axi_mem_intercon_imp_auto_pc_0_axi_data_fifo_v2_1_36_axic_fifo/design_1_axi_mem_intercon_imp_auto_pc_0_axi_data_fifo_v2_1_36_fifo_gen_1/<hidden>/<hidden>/<hidden>/<hidden>/<hidden>/<hidden>
  -------------------------------------------------------------------    -------------------

                         (clock clk_fpga_0 rise edge)
                                                      0.000     0.000 r  
    PS7_X0Y0             PS7                          0.000     0.000 r  design_1_i/processing_system7_0/inst/PS7_i/FCLKCLK[0]
                         net (fo=1, routed)           0.337     0.337    design_1_i/processing_system7_0/inst/FCLK_CLK_unbuffered[0]
    BUFGCTRL_X0Y16       BUFG (Prop_bufg_I_O)         0.029     0.366 r  design_1_i/processing_system7_0/inst/buffer_fclk_clk_0.FCLK_CLK_0_BUFG/O
                         net (fo=19621, routed)       0.832     1.198    design_1_wrapper/design_1/design_1_axi_mem_intercon_0/s00_couplers_imp_7HNO1D/design_1_axi_mem_intercon_imp_auto_pc_0/design_1_axi_mem_intercon_imp_auto_pc_0_axi_protocol_converter_v2_1_37_axi_protocol_converter/design_1_axi_mem_intercon_imp_auto_pc_0_axi_protocol_converter_v2_1_37_axi3_conv/design_1_axi_mem_intercon_imp_auto_pc_0_axi_protocol_converter_v2_1_37_a_axi3_conv/design_1_axi_mem_intercon_imp_auto_pc_0_axi_data_fifo_v2_1_36_axic_fifo/design_1_axi_mem_intercon_imp_auto_pc_0_axi_data_fifo_v2_1_36_fifo_gen_1/<hidden>/<hidden>/<hidden>/<hidden>/<hidden>/<hidden>
    SLICE_X26Y79         FDCE                                         r  design_1_wrapper/design_1/design_1_axi_mem_intercon_0/s00_couplers_imp_7HNO1D/design_1_axi_mem_intercon_imp_auto_pc_0/design_1_axi_mem_intercon_imp_auto_pc_0_axi_protocol_converter_v2_1_37_axi_protocol_converter/design_1_axi_mem_intercon_imp_auto_pc_0_axi_protocol_converter_v2_1_37_axi3_conv/design_1_axi_mem_intercon_imp_auto_pc_0_axi_protocol_converter_v2_1_37_a_axi3_conv/design_1_axi_mem_intercon_imp_auto_pc_0_axi_data_fifo_v2_1_36_axic_fifo/design_1_axi_mem_intercon_imp_auto_pc_0_axi_data_fifo_v2_1_36_fifo_gen_1/<hidden>/<hidden>/<hidden>/<hidden>/<hidden>/<hidden>
                         clock pessimism             -0.284     0.914    
    SLICE_X26Y79         FDCE (Remov_fdce_C_CLR)     -0.067     0.847    design_1_wrapper/design_1/design_1_axi_mem_intercon_0/s00_couplers_imp_7HNO1D/design_1_axi_mem_intercon_imp_auto_pc_0/design_1_axi_mem_intercon_imp_auto_pc_0_axi_protocol_converter_v2_1_37_axi_protocol_converter/design_1_axi_mem_intercon_imp_auto_pc_0_axi_protocol_converter_v2_1_37_axi3_conv/design_1_axi_mem_intercon_imp_auto_pc_0_axi_protocol_converter_v2_1_37_a_axi3_conv/design_1_axi_mem_intercon_imp_auto_pc_0_axi_data_fifo_v2_1_36_axic_fifo/design_1_axi_mem_intercon_imp_auto_pc_0_axi_data_fifo_v2_1_36_fifo_gen_1/<hidden>/<hidden>/<hidden>/<hidden>/<hidden>/<hidden>
  -------------------------------------------------------------------
                         required time                         -0.847    
                         arrival time                           1.480    
  -------------------------------------------------------------------
                         slack                                  0.634    

Slack (MET) :             0.638ns  (arrival time - required time)
  Source:                 design_1_wrapper/design_1/design_1_axi_mem_intercon_0/s00_couplers_imp_7HNO1D/design_1_axi_mem_intercon_imp_auto_pc_0/design_1_axi_mem_intercon_imp_auto_pc_0_axi_protocol_converter_v2_1_37_axi_protocol_converter/design_1_axi_mem_intercon_imp_auto_pc_0_axi_protocol_converter_v2_1_37_axi3_conv/design_1_axi_mem_intercon_imp_auto_pc_0_axi_protocol_converter_v2_1_37_a_axi3_conv/design_1_axi_mem_intercon_imp_auto_pc_0_axi_data_fifo_v2_1_36_axic_fifo/design_1_axi_mem_intercon_imp_auto_pc_0_axi_data_fifo_v2_1_36_fifo_gen_1/<hidden>/<hidden>/<hidden>/<hidden>/<hidden>
                            (rising edge-triggered cell FDRE clocked by clk_fpga_0  {rise@0.000ns fall@10.000ns period=20.000ns})
  Destination:            design_1_wrapper/design_1/design_1_axi_mem_intercon_0/s00_couplers_imp_7HNO1D/design_1_axi_mem_intercon_imp_auto_pc_0/design_1_axi_mem_intercon_imp_auto_pc_0_axi_protocol_converter_v2_1_37_axi_protocol_converter/design_1_axi_mem_intercon_imp_auto_pc_0_axi_protocol_converter_v2_1_37_axi3_conv/design_1_axi_mem_intercon_imp_auto_pc_0_axi_protocol_converter_v2_1_37_a_axi3_conv/design_1_axi_mem_intercon_imp_auto_pc_0_axi_data_fifo_v2_1_36_axic_fifo/design_1_axi_mem_intercon_imp_auto_pc_0_axi_data_fifo_v2_1_36_fifo_gen_1/<hidden>/<hidden>/<hidden>/<hidden>/<hidden>/<hidden>
                            (removal check against rising-edge clock clk_fpga_0  {rise@0.000ns fall@10.000ns period=20.000ns})
  Path Group:             **async_default**
  Path Type:              Removal (Min at Fast Process Corner)
  Requirement:            0.000ns  (clk_fpga_0 rise@0.000ns - clk_fpga_0 rise@0.000ns)
  Data Path Delay:        0.582ns  (logic 0.209ns (35.930%)  route 0.373ns (64.070%))
  Logic Levels:           1  (LUT3=1)
  Clock Path Skew:        0.015ns (DCD - SCD - CPR)
    Destination Clock Delay (DCD):    1.198ns
    Source Clock Delay      (SCD):    0.899ns
    Clock Pessimism Removal (CPR):    0.284ns

    Location             Delay type                Incr(ns)  Path(ns)    Netlist Resource(s)
  -------------------------------------------------------------------    -------------------
                         (clock clk_fpga_0 rise edge)
                                                      0.000     0.000 r  
    PS7_X0Y0             PS7                          0.000     0.000 r  design_1_i/processing_system7_0/inst/PS7_i/FCLKCLK[0]
                         net (fo=1, routed)           0.310     0.310    design_1_i/processing_system7_0/inst/FCLK_CLK_unbuffered[0]
    BUFGCTRL_X0Y16       BUFG (Prop_bufg_I_O)         0.026     0.336 r  design_1_i/processing_system7_0/inst/buffer_fclk_clk_0.FCLK_CLK_0_BUFG/O
                         net (fo=19621, routed)       0.563     0.899    design_1_wrapper/design_1/design_1_axi_mem_intercon_0/s00_couplers_imp_7HNO1D/design_1_axi_mem_intercon_imp_auto_pc_0/design_1_axi_mem_intercon_imp_auto_pc_0_axi_protocol_converter_v2_1_37_axi_protocol_converter/design_1_axi_mem_intercon_imp_auto_pc_0_axi_protocol_converter_v2_1_37_axi3_conv/design_1_axi_mem_intercon_imp_auto_pc_0_axi_protocol_converter_v2_1_37_a_axi3_conv/design_1_axi_mem_intercon_imp_auto_pc_0_axi_data_fifo_v2_1_36_axic_fifo/design_1_axi_mem_intercon_imp_auto_pc_0_axi_data_fifo_v2_1_36_fifo_gen_1/<hidden>/<hidden>/<hidden>/<hidden>/<hidden>
    SLICE_X26Y78         FDRE                                         r  design_1_wrapper/design_1/design_1_axi_mem_intercon_0/s00_couplers_imp_7HNO1D/design_1_axi_mem_intercon_imp_auto_pc_0/design_1_axi_mem_intercon_imp_auto_pc_0_axi_protocol_converter_v2_1_37_axi_protocol_converter/design_1_axi_mem_intercon_imp_auto_pc_0_axi_protocol_converter_v2_1_37_axi3_conv/design_1_axi_mem_intercon_imp_auto_pc_0_axi_protocol_converter_v2_1_37_a_axi3_conv/design_1_axi_mem_intercon_imp_auto_pc_0_axi_data_fifo_v2_1_36_axic_fifo/design_1_axi_mem_intercon_imp_auto_pc_0_axi_data_fifo_v2_1_36_fifo_gen_1/<hidden>/<hidden>/<hidden>/<hidden>/<hidden>
  -------------------------------------------------------------------    -------------------
    SLICE_X26Y78         FDRE (Prop_fdre_C_Q)         0.164     1.063 f  design_1_wrapper/design_1/design_1_axi_mem_intercon_0/s00_couplers_imp_7HNO1D/design_1_axi_mem_intercon_imp_auto_pc_0/design_1_axi_mem_intercon_imp_auto_pc_0_axi_protocol_converter_v2_1_37_axi_protocol_converter/design_1_axi_mem_intercon_imp_auto_pc_0_axi_protocol_converter_v2_1_37_axi3_conv/design_1_axi_mem_intercon_imp_auto_pc_0_axi_protocol_converter_v2_1_37_a_axi3_conv/design_1_axi_mem_intercon_imp_auto_pc_0_axi_data_fifo_v2_1_36_axic_fifo/design_1_axi_mem_intercon_imp_auto_pc_0_axi_data_fifo_v2_1_36_fifo_gen_1/<hidden>/<hidden>/<hidden>/<hidden>/<hidden>
                         net (fo=2, routed)           0.222     1.285    design_1_wrapper/design_1/design_1_axi_mem_intercon_0/s00_couplers_imp_7HNO1D/design_1_axi_mem_intercon_imp_auto_pc_0/design_1_axi_mem_intercon_imp_auto_pc_0_axi_protocol_converter_v2_1_37_axi_protocol_converter/design_1_axi_mem_intercon_imp_auto_pc_0_axi_protocol_converter_v2_1_37_axi3_conv/design_1_axi_mem_intercon_imp_auto_pc_0_axi_protocol_converter_v2_1_37_a_axi3_conv/design_1_axi_mem_intercon_imp_auto_pc_0_axi_data_fifo_v2_1_36_axic_fifo/design_1_axi_mem_intercon_imp_auto_pc_0_axi_data_fifo_v2_1_36_fifo_gen_1/<hidden>/<hidden>/<hidden>/<hidden>/<hidden>
    SLICE_X27Y78         LUT3 (Prop_lut3_I0_O)        0.045     1.330 f  design_1_wrapper/design_1/design_1_axi_mem_intercon_0/s00_couplers_imp_7HNO1D/design_1_axi_mem_intercon_imp_auto_pc_0/design_1_axi_mem_intercon_imp_auto_pc_0_axi_protocol_converter_v2_1_37_axi_protocol_converter/design_1_axi_mem_intercon_imp_auto_pc_0_axi_protocol_converter_v2_1_37_axi3_conv/design_1_axi_mem_intercon_imp_auto_pc_0_axi_protocol_converter_v2_1_37_a_axi3_conv/design_1_axi_mem_intercon_imp_auto_pc_0_axi_data_fifo_v2_1_36_axic_fifo/design_1_axi_mem_intercon_imp_auto_pc_0_axi_data_fifo_v2_1_36_fifo_gen_1/<hidden>/<hidden>/<hidden>/<hidden>/<hidden>
                         net (fo=32, routed)          0.150     1.480    design_1_wrapper/design_1/design_1_axi_mem_intercon_0/s00_couplers_imp_7HNO1D/design_1_axi_mem_intercon_imp_auto_pc_0/design_1_axi_mem_intercon_imp_auto_pc_0_axi_protocol_converter_v2_1_37_axi_protocol_converter/design_1_axi_mem_intercon_imp_auto_pc_0_axi_protocol_converter_v2_1_37_axi3_conv/design_1_axi_mem_intercon_imp_auto_pc_0_axi_protocol_converter_v2_1_37_a_axi3_conv/design_1_axi_mem_intercon_imp_auto_pc_0_axi_data_fifo_v2_1_36_axic_fifo/design_1_axi_mem_intercon_imp_auto_pc_0_axi_data_fifo_v2_1_36_fifo_gen_1/<hidden>/<hidden>/<hidden>/<hidden>/<hidden>/<hidden>
    SLICE_X26Y79         FDPE                                         f  design_1_wrapper/design_1/design_1_axi_mem_intercon_0/s00_couplers_imp_7HNO1D/design_1_axi_mem_intercon_imp_auto_pc_0/design_1_axi_mem_intercon_imp_auto_pc_0_axi_protocol_converter_v2_1_37_axi_protocol_converter/design_1_axi_mem_intercon_imp_auto_pc_0_axi_protocol_converter_v2_1_37_axi3_conv/design_1_axi_mem_intercon_imp_auto_pc_0_axi_protocol_converter_v2_1_37_a_axi3_conv/design_1_axi_mem_intercon_imp_auto_pc_0_axi_data_fifo_v2_1_36_axic_fifo/design_1_axi_mem_intercon_imp_auto_pc_0_axi_data_fifo_v2_1_36_fifo_gen_1/<hidden>/<hidden>/<hidden>/<hidden>/<hidden>/<hidden>
  -------------------------------------------------------------------    -------------------

                         (clock clk_fpga_0 rise edge)
                                                      0.000     0.000 r  
    PS7_X0Y0             PS7                          0.000     0.000 r  design_1_i/processing_system7_0/inst/PS7_i/FCLKCLK[0]
                         net (fo=1, routed)           0.337     0.337    design_1_i/processing_system7_0/inst/FCLK_CLK_unbuffered[0]
    BUFGCTRL_X0Y16       BUFG (Prop_bufg_I_O)         0.029     0.366 r  design_1_i/processing_system7_0/inst/buffer_fclk_clk_0.FCLK_CLK_0_BUFG/O
                         net (fo=19621, routed)       0.832     1.198    design_1_wrapper/design_1/design_1_axi_mem_intercon_0/s00_couplers_imp_7HNO1D/design_1_axi_mem_intercon_imp_auto_pc_0/design_1_axi_mem_intercon_imp_auto_pc_0_axi_protocol_converter_v2_1_37_axi_protocol_converter/design_1_axi_mem_intercon_imp_auto_pc_0_axi_protocol_converter_v2_1_37_axi3_conv/design_1_axi_mem_intercon_imp_auto_pc_0_axi_protocol_converter_v2_1_37_a_axi3_conv/design_1_axi_mem_intercon_imp_auto_pc_0_axi_data_fifo_v2_1_36_axic_fifo/design_1_axi_mem_intercon_imp_auto_pc_0_axi_data_fifo_v2_1_36_fifo_gen_1/<hidden>/<hidden>/<hidden>/<hidden>/<hidden>/<hidden>
    SLICE_X26Y79         FDPE                                         r  design_1_wrapper/design_1/design_1_axi_mem_intercon_0/s00_couplers_imp_7HNO1D/design_1_axi_mem_intercon_imp_auto_pc_0/design_1_axi_mem_intercon_imp_auto_pc_0_axi_protocol_converter_v2_1_37_axi_protocol_converter/design_1_axi_mem_intercon_imp_auto_pc_0_axi_protocol_converter_v2_1_37_axi3_conv/design_1_axi_mem_intercon_imp_auto_pc_0_axi_protocol_converter_v2_1_37_a_axi3_conv/design_1_axi_mem_intercon_imp_auto_pc_0_axi_data_fifo_v2_1_36_axic_fifo/design_1_axi_mem_intercon_imp_auto_pc_0_axi_data_fifo_v2_1_36_fifo_gen_1/<hidden>/<hidden>/<hidden>/<hidden>/<hidden>/<hidden>
                         clock pessimism             -0.284     0.914    
    SLICE_X26Y79         FDPE (Remov_fdpe_C_PRE)     -0.071     0.843    design_1_wrapper/design_1/design_1_axi_mem_intercon_0/s00_couplers_imp_7HNO1D/design_1_axi_mem_intercon_imp_auto_pc_0/design_1_axi_mem_intercon_imp_auto_pc_0_axi_protocol_converter_v2_1_37_axi_protocol_converter/design_1_axi_mem_intercon_imp_auto_pc_0_axi_protocol_converter_v2_1_37_axi3_conv/design_1_axi_mem_intercon_imp_auto_pc_0_axi_protocol_converter_v2_1_37_a_axi3_conv/design_1_axi_mem_intercon_imp_auto_pc_0_axi_data_fifo_v2_1_36_axic_fifo/design_1_axi_mem_intercon_imp_auto_pc_0_axi_data_fifo_v2_1_36_fifo_gen_1/<hidden>/<hidden>/<hidden>/<hidden>/<hidden>/<hidden>
  -------------------------------------------------------------------
                         required time                         -0.843    
                         arrival time                           1.480    
  -------------------------------------------------------------------
                         slack                                  0.638    

Slack (MET) :             0.638ns  (arrival time - required time)
  Source:                 design_1_wrapper/design_1/design_1_axi_mem_intercon_0/s00_couplers_imp_7HNO1D/design_1_axi_mem_intercon_imp_auto_pc_0/design_1_axi_mem_intercon_imp_auto_pc_0_axi_protocol_converter_v2_1_37_axi_protocol_converter/design_1_axi_mem_intercon_imp_auto_pc_0_axi_protocol_converter_v2_1_37_axi3_conv/design_1_axi_mem_intercon_imp_auto_pc_0_axi_protocol_converter_v2_1_37_a_axi3_conv/design_1_axi_mem_intercon_imp_auto_pc_0_axi_data_fifo_v2_1_36_axic_fifo/design_1_axi_mem_intercon_imp_auto_pc_0_axi_data_fifo_v2_1_36_fifo_gen_1/<hidden>/<hidden>/<hidden>/<hidden>/<hidden>
                            (rising edge-triggered cell FDRE clocked by clk_fpga_0  {rise@0.000ns fall@10.000ns period=20.000ns})
  Destination:            design_1_wrapper/design_1/design_1_axi_mem_intercon_0/s00_couplers_imp_7HNO1D/design_1_axi_mem_intercon_imp_auto_pc_0/design_1_axi_mem_intercon_imp_auto_pc_0_axi_protocol_converter_v2_1_37_axi_protocol_converter/design_1_axi_mem_intercon_imp_auto_pc_0_axi_protocol_converter_v2_1_37_axi3_conv/design_1_axi_mem_intercon_imp_auto_pc_0_axi_protocol_converter_v2_1_37_a_axi3_conv/design_1_axi_mem_intercon_imp_auto_pc_0_axi_data_fifo_v2_1_36_axic_fifo/design_1_axi_mem_intercon_imp_auto_pc_0_axi_data_fifo_v2_1_36_fifo_gen_1/<hidden>/<hidden>/<hidden>/<hidden>/<hidden>/<hidden>
                            (removal check against rising-edge clock clk_fpga_0  {rise@0.000ns fall@10.000ns period=20.000ns})
  Path Group:             **async_default**
  Path Type:              Removal (Min at Fast Process Corner)
  Requirement:            0.000ns  (clk_fpga_0 rise@0.000ns - clk_fpga_0 rise@0.000ns)
  Data Path Delay:        0.582ns  (logic 0.209ns (35.930%)  route 0.373ns (64.070%))
  Logic Levels:           1  (LUT3=1)
  Clock Path Skew:        0.015ns (DCD - SCD - CPR)
    Destination Clock Delay (DCD):    1.198ns
    Source Clock Delay      (SCD):    0.899ns
    Clock Pessimism Removal (CPR):    0.284ns

    Location             Delay type                Incr(ns)  Path(ns)    Netlist Resource(s)
  -------------------------------------------------------------------    -------------------
                         (clock clk_fpga_0 rise edge)
                                                      0.000     0.000 r  
    PS7_X0Y0             PS7                          0.000     0.000 r  design_1_i/processing_system7_0/inst/PS7_i/FCLKCLK[0]
                         net (fo=1, routed)           0.310     0.310    design_1_i/processing_system7_0/inst/FCLK_CLK_unbuffered[0]
    BUFGCTRL_X0Y16       BUFG (Prop_bufg_I_O)         0.026     0.336 r  design_1_i/processing_system7_0/inst/buffer_fclk_clk_0.FCLK_CLK_0_BUFG/O
                         net (fo=19621, routed)       0.563     0.899    design_1_wrapper/design_1/design_1_axi_mem_intercon_0/s00_couplers_imp_7HNO1D/design_1_axi_mem_intercon_imp_auto_pc_0/design_1_axi_mem_intercon_imp_auto_pc_0_axi_protocol_converter_v2_1_37_axi_protocol_converter/design_1_axi_mem_intercon_imp_auto_pc_0_axi_protocol_converter_v2_1_37_axi3_conv/design_1_axi_mem_intercon_imp_auto_pc_0_axi_protocol_converter_v2_1_37_a_axi3_conv/design_1_axi_mem_intercon_imp_auto_pc_0_axi_data_fifo_v2_1_36_axic_fifo/design_1_axi_mem_intercon_imp_auto_pc_0_axi_data_fifo_v2_1_36_fifo_gen_1/<hidden>/<hidden>/<hidden>/<hidden>/<hidden>
    SLICE_X26Y78         FDRE                                         r  design_1_wrapper/design_1/design_1_axi_mem_intercon_0/s00_couplers_imp_7HNO1D/design_1_axi_mem_intercon_imp_auto_pc_0/design_1_axi_mem_intercon_imp_auto_pc_0_axi_protocol_converter_v2_1_37_axi_protocol_converter/design_1_axi_mem_intercon_imp_auto_pc_0_axi_protocol_converter_v2_1_37_axi3_conv/design_1_axi_mem_intercon_imp_auto_pc_0_axi_protocol_converter_v2_1_37_a_axi3_conv/design_1_axi_mem_intercon_imp_auto_pc_0_axi_data_fifo_v2_1_36_axic_fifo/design_1_axi_mem_intercon_imp_auto_pc_0_axi_data_fifo_v2_1_36_fifo_gen_1/<hidden>/<hidden>/<hidden>/<hidden>/<hidden>
  -------------------------------------------------------------------    -------------------
    SLICE_X26Y78         FDRE (Prop_fdre_C_Q)         0.164     1.063 f  design_1_wrapper/design_1/design_1_axi_mem_intercon_0/s00_couplers_imp_7HNO1D/design_1_axi_mem_intercon_imp_auto_pc_0/design_1_axi_mem_intercon_imp_auto_pc_0_axi_protocol_converter_v2_1_37_axi_protocol_converter/design_1_axi_mem_intercon_imp_auto_pc_0_axi_protocol_converter_v2_1_37_axi3_conv/design_1_axi_mem_intercon_imp_auto_pc_0_axi_protocol_converter_v2_1_37_a_axi3_conv/design_1_axi_mem_intercon_imp_auto_pc_0_axi_data_fifo_v2_1_36_axic_fifo/design_1_axi_mem_intercon_imp_auto_pc_0_axi_data_fifo_v2_1_36_fifo_gen_1/<hidden>/<hidden>/<hidden>/<hidden>/<hidden>
                         net (fo=2, routed)           0.222     1.285    design_1_wrapper/design_1/design_1_axi_mem_intercon_0/s00_couplers_imp_7HNO1D/design_1_axi_mem_intercon_imp_auto_pc_0/design_1_axi_mem_intercon_imp_auto_pc_0_axi_protocol_converter_v2_1_37_axi_protocol_converter/design_1_axi_mem_intercon_imp_auto_pc_0_axi_protocol_converter_v2_1_37_axi3_conv/design_1_axi_mem_intercon_imp_auto_pc_0_axi_protocol_converter_v2_1_37_a_axi3_conv/design_1_axi_mem_intercon_imp_auto_pc_0_axi_data_fifo_v2_1_36_axic_fifo/design_1_axi_mem_intercon_imp_auto_pc_0_axi_data_fifo_v2_1_36_fifo_gen_1/<hidden>/<hidden>/<hidden>/<hidden>/<hidden>
    SLICE_X27Y78         LUT3 (Prop_lut3_I0_O)        0.045     1.330 f  design_1_wrapper/design_1/design_1_axi_mem_intercon_0/s00_couplers_imp_7HNO1D/design_1_axi_mem_intercon_imp_auto_pc_0/design_1_axi_mem_intercon_imp_auto_pc_0_axi_protocol_converter_v2_1_37_axi_protocol_converter/design_1_axi_mem_intercon_imp_auto_pc_0_axi_protocol_converter_v2_1_37_axi3_conv/design_1_axi_mem_intercon_imp_auto_pc_0_axi_protocol_converter_v2_1_37_a_axi3_conv/design_1_axi_mem_intercon_imp_auto_pc_0_axi_data_fifo_v2_1_36_axic_fifo/design_1_axi_mem_intercon_imp_auto_pc_0_axi_data_fifo_v2_1_36_fifo_gen_1/<hidden>/<hidden>/<hidden>/<hidden>/<hidden>
                         net (fo=32, routed)          0.150     1.480    design_1_wrapper/design_1/design_1_axi_mem_intercon_0/s00_couplers_imp_7HNO1D/design_1_axi_mem_intercon_imp_auto_pc_0/design_1_axi_mem_intercon_imp_auto_pc_0_axi_protocol_converter_v2_1_37_axi_protocol_converter/design_1_axi_mem_intercon_imp_auto_pc_0_axi_protocol_converter_v2_1_37_axi3_conv/design_1_axi_mem_intercon_imp_auto_pc_0_axi_protocol_converter_v2_1_37_a_axi3_conv/design_1_axi_mem_intercon_imp_auto_pc_0_axi_data_fifo_v2_1_36_axic_fifo/design_1_axi_mem_intercon_imp_auto_pc_0_axi_data_fifo_v2_1_36_fifo_gen_1/<hidden>/<hidden>/<hidden>/<hidden>/<hidden>/<hidden>
    SLICE_X26Y79         FDPE                                         f  design_1_wrapper/design_1/design_1_axi_mem_intercon_0/s00_couplers_imp_7HNO1D/design_1_axi_mem_intercon_imp_auto_pc_0/design_1_axi_mem_intercon_imp_auto_pc_0_axi_protocol_converter_v2_1_37_axi_protocol_converter/design_1_axi_mem_intercon_imp_auto_pc_0_axi_protocol_converter_v2_1_37_axi3_conv/design_1_axi_mem_intercon_imp_auto_pc_0_axi_protocol_converter_v2_1_37_a_axi3_conv/design_1_axi_mem_intercon_imp_auto_pc_0_axi_data_fifo_v2_1_36_axic_fifo/design_1_axi_mem_intercon_imp_auto_pc_0_axi_data_fifo_v2_1_36_fifo_gen_1/<hidden>/<hidden>/<hidden>/<hidden>/<hidden>/<hidden>
  -------------------------------------------------------------------    -------------------

                         (clock clk_fpga_0 rise edge)
                                                      0.000     0.000 r  
    PS7_X0Y0             PS7                          0.000     0.000 r  design_1_i/processing_system7_0/inst/PS7_i/FCLKCLK[0]
                         net (fo=1, routed)           0.337     0.337    design_1_i/processing_system7_0/inst/FCLK_CLK_unbuffered[0]
    BUFGCTRL_X0Y16       BUFG (Prop_bufg_I_O)         0.029     0.366 r  design_1_i/processing_system7_0/inst/buffer_fclk_clk_0.FCLK_CLK_0_BUFG/O
                         net (fo=19621, routed)       0.832     1.198    design_1_wrapper/design_1/design_1_axi_mem_intercon_0/s00_couplers_imp_7HNO1D/design_1_axi_mem_intercon_imp_auto_pc_0/design_1_axi_mem_intercon_imp_auto_pc_0_axi_protocol_converter_v2_1_37_axi_protocol_converter/design_1_axi_mem_intercon_imp_auto_pc_0_axi_protocol_converter_v2_1_37_axi3_conv/design_1_axi_mem_intercon_imp_auto_pc_0_axi_protocol_converter_v2_1_37_a_axi3_conv/design_1_axi_mem_intercon_imp_auto_pc_0_axi_data_fifo_v2_1_36_axic_fifo/design_1_axi_mem_intercon_imp_auto_pc_0_axi_data_fifo_v2_1_36_fifo_gen_1/<hidden>/<hidden>/<hidden>/<hidden>/<hidden>/<hidden>
    SLICE_X26Y79         FDPE                                         r  design_1_wrapper/design_1/design_1_axi_mem_intercon_0/s00_couplers_imp_7HNO1D/design_1_axi_mem_intercon_imp_auto_pc_0/design_1_axi_mem_intercon_imp_auto_pc_0_axi_protocol_converter_v2_1_37_axi_protocol_converter/design_1_axi_mem_intercon_imp_auto_pc_0_axi_protocol_converter_v2_1_37_axi3_conv/design_1_axi_mem_intercon_imp_auto_pc_0_axi_protocol_converter_v2_1_37_a_axi3_conv/design_1_axi_mem_intercon_imp_auto_pc_0_axi_data_fifo_v2_1_36_axic_fifo/design_1_axi_mem_intercon_imp_auto_pc_0_axi_data_fifo_v2_1_36_fifo_gen_1/<hidden>/<hidden>/<hidden>/<hidden>/<hidden>/<hidden>
                         clock pessimism             -0.284     0.914    
    SLICE_X26Y79         FDPE (Remov_fdpe_C_PRE)     -0.071     0.843    design_1_wrapper/design_1/design_1_axi_mem_intercon_0/s00_couplers_imp_7HNO1D/design_1_axi_mem_intercon_imp_auto_pc_0/design_1_axi_mem_intercon_imp_auto_pc_0_axi_protocol_converter_v2_1_37_axi_protocol_converter/design_1_axi_mem_intercon_imp_auto_pc_0_axi_protocol_converter_v2_1_37_axi3_conv/design_1_axi_mem_intercon_imp_auto_pc_0_axi_protocol_converter_v2_1_37_a_axi3_conv/design_1_axi_mem_intercon_imp_auto_pc_0_axi_data_fifo_v2_1_36_axic_fifo/design_1_axi_mem_intercon_imp_auto_pc_0_axi_data_fifo_v2_1_36_fifo_gen_1/<hidden>/<hidden>/<hidden>/<hidden>/<hidden>/<hidden>
  -------------------------------------------------------------------
                         required time                         -0.843    
                         arrival time                           1.480    
  -------------------------------------------------------------------
                         slack                                  0.638    

Slack (MET) :             0.658ns  (arrival time - required time)
  Source:                 design_1_wrapper/design_1/design_1_axi_mem_intercon_0/s00_couplers_imp_7HNO1D/design_1_axi_mem_intercon_imp_auto_pc_0/design_1_axi_mem_intercon_imp_auto_pc_0_axi_protocol_converter_v2_1_37_axi_protocol_converter/design_1_axi_mem_intercon_imp_auto_pc_0_axi_protocol_converter_v2_1_37_axi3_conv/design_1_axi_mem_intercon_imp_auto_pc_0_axi_protocol_converter_v2_1_37_a_axi3_conv__parameterized0/design_1_axi_mem_intercon_imp_auto_pc_0_axi_data_fifo_v2_1_36_axic_fifo__parameterized0/design_1_axi_mem_intercon_imp_auto_pc_0_axi_data_fifo_v2_1_36_fifo_gen__parameterized0/<hidden>/<hidden>/<hidden>/<hidden>/<hidden>
                            (rising edge-triggered cell FDRE clocked by clk_fpga_0  {rise@0.000ns fall@10.000ns period=20.000ns})
  Destination:            design_1_wrapper/design_1/design_1_axi_mem_intercon_0/s00_couplers_imp_7HNO1D/design_1_axi_mem_intercon_imp_auto_pc_0/design_1_axi_mem_intercon_imp_auto_pc_0_axi_protocol_converter_v2_1_37_axi_protocol_converter/design_1_axi_mem_intercon_imp_auto_pc_0_axi_protocol_converter_v2_1_37_axi3_conv/design_1_axi_mem_intercon_imp_auto_pc_0_axi_protocol_converter_v2_1_37_a_axi3_conv__parameterized0/design_1_axi_mem_intercon_imp_auto_pc_0_axi_data_fifo_v2_1_36_axic_fifo__parameterized0/design_1_axi_mem_intercon_imp_auto_pc_0_axi_data_fifo_v2_1_36_fifo_gen__parameterized0/<hidden>/<hidden>/<hidden>/<hidden>/<hidden>/<hidden>
                            (removal check against rising-edge clock clk_fpga_0  {rise@0.000ns fall@10.000ns period=20.000ns})
  Path Group:             **async_default**
  Path Type:              Removal (Min at Fast Process Corner)
  Requirement:            0.000ns  (clk_fpga_0 rise@0.000ns - clk_fpga_0 rise@0.000ns)
  Data Path Delay:        0.602ns  (logic 0.209ns (34.717%)  route 0.393ns (65.283%))
  Logic Levels:           1  (LUT3=1)
  Clock Path Skew:        0.036ns (DCD - SCD - CPR)
    Destination Clock Delay (DCD):    1.197ns
    Source Clock Delay      (SCD):    0.897ns
    Clock Pessimism Removal (CPR):    0.264ns

    Location             Delay type                Incr(ns)  Path(ns)    Netlist Resource(s)
  -------------------------------------------------------------------    -------------------
                         (clock clk_fpga_0 rise edge)
                                                      0.000     0.000 r  
    PS7_X0Y0             PS7                          0.000     0.000 r  design_1_i/processing_system7_0/inst/PS7_i/FCLKCLK[0]
                         net (fo=1, routed)           0.310     0.310    design_1_i/processing_system7_0/inst/FCLK_CLK_unbuffered[0]
    BUFGCTRL_X0Y16       BUFG (Prop_bufg_I_O)         0.026     0.336 r  design_1_i/processing_system7_0/inst/buffer_fclk_clk_0.FCLK_CLK_0_BUFG/O
                         net (fo=19621, routed)       0.561     0.897    design_1_wrapper/design_1/design_1_axi_mem_intercon_0/s00_couplers_imp_7HNO1D/design_1_axi_mem_intercon_imp_auto_pc_0/design_1_axi_mem_intercon_imp_auto_pc_0_axi_protocol_converter_v2_1_37_axi_protocol_converter/design_1_axi_mem_intercon_imp_auto_pc_0_axi_protocol_converter_v2_1_37_axi3_conv/design_1_axi_mem_intercon_imp_auto_pc_0_axi_protocol_converter_v2_1_37_a_axi3_conv__parameterized0/design_1_axi_mem_intercon_imp_auto_pc_0_axi_data_fifo_v2_1_36_axic_fifo__parameterized0/design_1_axi_mem_intercon_imp_auto_pc_0_axi_data_fifo_v2_1_36_fifo_gen__parameterized0/<hidden>/<hidden>/<hidden>/<hidden>/<hidden>
    SLICE_X26Y73         FDRE                                         r  design_1_wrapper/design_1/design_1_axi_mem_intercon_0/s00_couplers_imp_7HNO1D/design_1_axi_mem_intercon_imp_auto_pc_0/design_1_axi_mem_intercon_imp_auto_pc_0_axi_protocol_converter_v2_1_37_axi_protocol_converter/design_1_axi_mem_intercon_imp_auto_pc_0_axi_protocol_converter_v2_1_37_axi3_conv/design_1_axi_mem_intercon_imp_auto_pc_0_axi_protocol_converter_v2_1_37_a_axi3_conv__parameterized0/design_1_axi_mem_intercon_imp_auto_pc_0_axi_data_fifo_v2_1_36_axic_fifo__parameterized0/design_1_axi_mem_intercon_imp_auto_pc_0_axi_data_fifo_v2_1_36_fifo_gen__parameterized0/<hidden>/<hidden>/<hidden>/<hidden>/<hidden>
  -------------------------------------------------------------------    -------------------
    SLICE_X26Y73         FDRE (Prop_fdre_C_Q)         0.164     1.061 f  design_1_wrapper/design_1/design_1_axi_mem_intercon_0/s00_couplers_imp_7HNO1D/design_1_axi_mem_intercon_imp_auto_pc_0/design_1_axi_mem_intercon_imp_auto_pc_0_axi_protocol_converter_v2_1_37_axi_protocol_converter/design_1_axi_mem_intercon_imp_auto_pc_0_axi_protocol_converter_v2_1_37_axi3_conv/design_1_axi_mem_intercon_imp_auto_pc_0_axi_protocol_converter_v2_1_37_a_axi3_conv__parameterized0/design_1_axi_mem_intercon_imp_auto_pc_0_axi_data_fifo_v2_1_36_axic_fifo__parameterized0/design_1_axi_mem_intercon_imp_auto_pc_0_axi_data_fifo_v2_1_36_fifo_gen__parameterized0/<hidden>/<hidden>/<hidden>/<hidden>/<hidden>
                         net (fo=2, routed)           0.175     1.236    design_1_wrapper/design_1/design_1_axi_mem_intercon_0/s00_couplers_imp_7HNO1D/design_1_axi_mem_intercon_imp_auto_pc_0/design_1_axi_mem_intercon_imp_auto_pc_0_axi_protocol_converter_v2_1_37_axi_protocol_converter/design_1_axi_mem_intercon_imp_auto_pc_0_axi_protocol_converter_v2_1_37_axi3_conv/design_1_axi_mem_intercon_imp_auto_pc_0_axi_protocol_converter_v2_1_37_a_axi3_conv__parameterized0/design_1_axi_mem_intercon_imp_auto_pc_0_axi_data_fifo_v2_1_36_axic_fifo__parameterized0/design_1_axi_mem_intercon_imp_auto_pc_0_axi_data_fifo_v2_1_36_fifo_gen__parameterized0/<hidden>/<hidden>/<hidden>/<hidden>/<hidden>
    SLICE_X26Y73         LUT3 (Prop_lut3_I1_O)        0.045     1.281 f  design_1_wrapper/design_1/design_1_axi_mem_intercon_0/s00_couplers_imp_7HNO1D/design_1_axi_mem_intercon_imp_auto_pc_0/design_1_axi_mem_intercon_imp_auto_pc_0_axi_protocol_converter_v2_1_37_axi_protocol_converter/design_1_axi_mem_intercon_imp_auto_pc_0_axi_protocol_converter_v2_1_37_axi3_conv/design_1_axi_mem_intercon_imp_auto_pc_0_axi_protocol_converter_v2_1_37_a_axi3_conv__parameterized0/design_1_axi_mem_intercon_imp_auto_pc_0_axi_data_fifo_v2_1_36_axic_fifo__parameterized0/design_1_axi_mem_intercon_imp_auto_pc_0_axi_data_fifo_v2_1_36_fifo_gen__parameterized0/<hidden>/<hidden>/<hidden>/<hidden>/<hidden>
                         net (fo=32, routed)          0.218     1.499    design_1_wrapper/design_1/design_1_axi_mem_intercon_0/s00_couplers_imp_7HNO1D/design_1_axi_mem_intercon_imp_auto_pc_0/design_1_axi_mem_intercon_imp_auto_pc_0_axi_protocol_converter_v2_1_37_axi_protocol_converter/design_1_axi_mem_intercon_imp_auto_pc_0_axi_protocol_converter_v2_1_37_axi3_conv/design_1_axi_mem_intercon_imp_auto_pc_0_axi_protocol_converter_v2_1_37_a_axi3_conv__parameterized0/design_1_axi_mem_intercon_imp_auto_pc_0_axi_data_fifo_v2_1_36_axic_fifo__parameterized0/design_1_axi_mem_intercon_imp_auto_pc_0_axi_data_fifo_v2_1_36_fifo_gen__parameterized0/<hidden>/<hidden>/<hidden>/<hidden>/<hidden>/<hidden>
    SLICE_X29Y72         FDCE                                         f  design_1_wrapper/design_1/design_1_axi_mem_intercon_0/s00_couplers_imp_7HNO1D/design_1_axi_mem_intercon_imp_auto_pc_0/design_1_axi_mem_intercon_imp_auto_pc_0_axi_protocol_converter_v2_1_37_axi_protocol_converter/design_1_axi_mem_intercon_imp_auto_pc_0_axi_protocol_converter_v2_1_37_axi3_conv/design_1_axi_mem_intercon_imp_auto_pc_0_axi_protocol_converter_v2_1_37_a_axi3_conv__parameterized0/design_1_axi_mem_intercon_imp_auto_pc_0_axi_data_fifo_v2_1_36_axic_fifo__parameterized0/design_1_axi_mem_intercon_imp_auto_pc_0_axi_data_fifo_v2_1_36_fifo_gen__parameterized0/<hidden>/<hidden>/<hidden>/<hidden>/<hidden>/<hidden>
  -------------------------------------------------------------------    -------------------

                         (clock clk_fpga_0 rise edge)
                                                      0.000     0.000 r  
    PS7_X0Y0             PS7                          0.000     0.000 r  design_1_i/processing_system7_0/inst/PS7_i/FCLKCLK[0]
                         net (fo=1, routed)           0.337     0.337    design_1_i/processing_system7_0/inst/FCLK_CLK_unbuffered[0]
    BUFGCTRL_X0Y16       BUFG (Prop_bufg_I_O)         0.029     0.366 r  design_1_i/processing_system7_0/inst/buffer_fclk_clk_0.FCLK_CLK_0_BUFG/O
                         net (fo=19621, routed)       0.831     1.197    design_1_wrapper/design_1/design_1_axi_mem_intercon_0/s00_couplers_imp_7HNO1D/design_1_axi_mem_intercon_imp_auto_pc_0/design_1_axi_mem_intercon_imp_auto_pc_0_axi_protocol_converter_v2_1_37_axi_protocol_converter/design_1_axi_mem_intercon_imp_auto_pc_0_axi_protocol_converter_v2_1_37_axi3_conv/design_1_axi_mem_intercon_imp_auto_pc_0_axi_protocol_converter_v2_1_37_a_axi3_conv__parameterized0/design_1_axi_mem_intercon_imp_auto_pc_0_axi_data_fifo_v2_1_36_axic_fifo__parameterized0/design_1_axi_mem_intercon_imp_auto_pc_0_axi_data_fifo_v2_1_36_fifo_gen__parameterized0/<hidden>/<hidden>/<hidden>/<hidden>/<hidden>/<hidden>
    SLICE_X29Y72         FDCE                                         r  design_1_wrapper/design_1/design_1_axi_mem_intercon_0/s00_couplers_imp_7HNO1D/design_1_axi_mem_intercon_imp_auto_pc_0/design_1_axi_mem_intercon_imp_auto_pc_0_axi_protocol_converter_v2_1_37_axi_protocol_converter/design_1_axi_mem_intercon_imp_auto_pc_0_axi_protocol_converter_v2_1_37_axi3_conv/design_1_axi_mem_intercon_imp_auto_pc_0_axi_protocol_converter_v2_1_37_a_axi3_conv__parameterized0/design_1_axi_mem_intercon_imp_auto_pc_0_axi_data_fifo_v2_1_36_axic_fifo__parameterized0/design_1_axi_mem_intercon_imp_auto_pc_0_axi_data_fifo_v2_1_36_fifo_gen__parameterized0/<hidden>/<hidden>/<hidden>/<hidden>/<hidden>/<hidden>
                         clock pessimism             -0.264     0.933    
    SLICE_X29Y72         FDCE (Remov_fdce_C_CLR)     -0.092     0.841    design_1_wrapper/design_1/design_1_axi_mem_intercon_0/s00_couplers_imp_7HNO1D/design_1_axi_mem_intercon_imp_auto_pc_0/design_1_axi_mem_intercon_imp_auto_pc_0_axi_protocol_converter_v2_1_37_axi_protocol_converter/design_1_axi_mem_intercon_imp_auto_pc_0_axi_protocol_converter_v2_1_37_axi3_conv/design_1_axi_mem_intercon_imp_auto_pc_0_axi_protocol_converter_v2_1_37_a_axi3_conv__parameterized0/design_1_axi_mem_intercon_imp_auto_pc_0_axi_data_fifo_v2_1_36_axic_fifo__parameterized0/design_1_axi_mem_intercon_imp_auto_pc_0_axi_data_fifo_v2_1_36_fifo_gen__parameterized0/<hidden>/<hidden>/<hidden>/<hidden>/<hidden>/<hidden>
  -------------------------------------------------------------------
                         required time                         -0.841    
                         arrival time                           1.499    
  -------------------------------------------------------------------
                         slack                                  0.658    

Slack (MET) :             0.658ns  (arrival time - required time)
  Source:                 design_1_wrapper/design_1/design_1_axi_mem_intercon_0/s00_couplers_imp_7HNO1D/design_1_axi_mem_intercon_imp_auto_pc_0/design_1_axi_mem_intercon_imp_auto_pc_0_axi_protocol_converter_v2_1_37_axi_protocol_converter/design_1_axi_mem_intercon_imp_auto_pc_0_axi_protocol_converter_v2_1_37_axi3_conv/design_1_axi_mem_intercon_imp_auto_pc_0_axi_protocol_converter_v2_1_37_a_axi3_conv__parameterized0/design_1_axi_mem_intercon_imp_auto_pc_0_axi_data_fifo_v2_1_36_axic_fifo__parameterized0/design_1_axi_mem_intercon_imp_auto_pc_0_axi_data_fifo_v2_1_36_fifo_gen__parameterized0/<hidden>/<hidden>/<hidden>/<hidden>/<hidden>
                            (rising edge-triggered cell FDRE clocked by clk_fpga_0  {rise@0.000ns fall@10.000ns period=20.000ns})
  Destination:            design_1_wrapper/design_1/design_1_axi_mem_intercon_0/s00_couplers_imp_7HNO1D/design_1_axi_mem_intercon_imp_auto_pc_0/design_1_axi_mem_intercon_imp_auto_pc_0_axi_protocol_converter_v2_1_37_axi_protocol_converter/design_1_axi_mem_intercon_imp_auto_pc_0_axi_protocol_converter_v2_1_37_axi3_conv/design_1_axi_mem_intercon_imp_auto_pc_0_axi_protocol_converter_v2_1_37_a_axi3_conv__parameterized0/design_1_axi_mem_intercon_imp_auto_pc_0_axi_data_fifo_v2_1_36_axic_fifo__parameterized0/design_1_axi_mem_intercon_imp_auto_pc_0_axi_data_fifo_v2_1_36_fifo_gen__parameterized0/<hidden>/<hidden>/<hidden>/<hidden>/<hidden>/<hidden>
                            (removal check against rising-edge clock clk_fpga_0  {rise@0.000ns fall@10.000ns period=20.000ns})
  Path Group:             **async_default**
  Path Type:              Removal (Min at Fast Process Corner)
  Requirement:            0.000ns  (clk_fpga_0 rise@0.000ns - clk_fpga_0 rise@0.000ns)
  Data Path Delay:        0.602ns  (logic 0.209ns (34.717%)  route 0.393ns (65.283%))
  Logic Levels:           1  (LUT3=1)
  Clock Path Skew:        0.036ns (DCD - SCD - CPR)
    Destination Clock Delay (DCD):    1.197ns
    Source Clock Delay      (SCD):    0.897ns
    Clock Pessimism Removal (CPR):    0.264ns

    Location             Delay type                Incr(ns)  Path(ns)    Netlist Resource(s)
  -------------------------------------------------------------------    -------------------
                         (clock clk_fpga_0 rise edge)
                                                      0.000     0.000 r  
    PS7_X0Y0             PS7                          0.000     0.000 r  design_1_i/processing_system7_0/inst/PS7_i/FCLKCLK[0]
                         net (fo=1, routed)           0.310     0.310    design_1_i/processing_system7_0/inst/FCLK_CLK_unbuffered[0]
    BUFGCTRL_X0Y16       BUFG (Prop_bufg_I_O)         0.026     0.336 r  design_1_i/processing_system7_0/inst/buffer_fclk_clk_0.FCLK_CLK_0_BUFG/O
                         net (fo=19621, routed)       0.561     0.897    design_1_wrapper/design_1/design_1_axi_mem_intercon_0/s00_couplers_imp_7HNO1D/design_1_axi_mem_intercon_imp_auto_pc_0/design_1_axi_mem_intercon_imp_auto_pc_0_axi_protocol_converter_v2_1_37_axi_protocol_converter/design_1_axi_mem_intercon_imp_auto_pc_0_axi_protocol_converter_v2_1_37_axi3_conv/design_1_axi_mem_intercon_imp_auto_pc_0_axi_protocol_converter_v2_1_37_a_axi3_conv__parameterized0/design_1_axi_mem_intercon_imp_auto_pc_0_axi_data_fifo_v2_1_36_axic_fifo__parameterized0/design_1_axi_mem_intercon_imp_auto_pc_0_axi_data_fifo_v2_1_36_fifo_gen__parameterized0/<hidden>/<hidden>/<hidden>/<hidden>/<hidden>
    SLICE_X26Y73         FDRE                                         r  design_1_wrapper/design_1/design_1_axi_mem_intercon_0/s00_couplers_imp_7HNO1D/design_1_axi_mem_intercon_imp_auto_pc_0/design_1_axi_mem_intercon_imp_auto_pc_0_axi_protocol_converter_v2_1_37_axi_protocol_converter/design_1_axi_mem_intercon_imp_auto_pc_0_axi_protocol_converter_v2_1_37_axi3_conv/design_1_axi_mem_intercon_imp_auto_pc_0_axi_protocol_converter_v2_1_37_a_axi3_conv__parameterized0/design_1_axi_mem_intercon_imp_auto_pc_0_axi_data_fifo_v2_1_36_axic_fifo__parameterized0/design_1_axi_mem_intercon_imp_auto_pc_0_axi_data_fifo_v2_1_36_fifo_gen__parameterized0/<hidden>/<hidden>/<hidden>/<hidden>/<hidden>
  -------------------------------------------------------------------    -------------------
    SLICE_X26Y73         FDRE (Prop_fdre_C_Q)         0.164     1.061 f  design_1_wrapper/design_1/design_1_axi_mem_intercon_0/s00_couplers_imp_7HNO1D/design_1_axi_mem_intercon_imp_auto_pc_0/design_1_axi_mem_intercon_imp_auto_pc_0_axi_protocol_converter_v2_1_37_axi_protocol_converter/design_1_axi_mem_intercon_imp_auto_pc_0_axi_protocol_converter_v2_1_37_axi3_conv/design_1_axi_mem_intercon_imp_auto_pc_0_axi_protocol_converter_v2_1_37_a_axi3_conv__parameterized0/design_1_axi_mem_intercon_imp_auto_pc_0_axi_data_fifo_v2_1_36_axic_fifo__parameterized0/design_1_axi_mem_intercon_imp_auto_pc_0_axi_data_fifo_v2_1_36_fifo_gen__parameterized0/<hidden>/<hidden>/<hidden>/<hidden>/<hidden>
                         net (fo=2, routed)           0.175     1.236    design_1_wrapper/design_1/design_1_axi_mem_intercon_0/s00_couplers_imp_7HNO1D/design_1_axi_mem_intercon_imp_auto_pc_0/design_1_axi_mem_intercon_imp_auto_pc_0_axi_protocol_converter_v2_1_37_axi_protocol_converter/design_1_axi_mem_intercon_imp_auto_pc_0_axi_protocol_converter_v2_1_37_axi3_conv/design_1_axi_mem_intercon_imp_auto_pc_0_axi_protocol_converter_v2_1_37_a_axi3_conv__parameterized0/design_1_axi_mem_intercon_imp_auto_pc_0_axi_data_fifo_v2_1_36_axic_fifo__parameterized0/design_1_axi_mem_intercon_imp_auto_pc_0_axi_data_fifo_v2_1_36_fifo_gen__parameterized0/<hidden>/<hidden>/<hidden>/<hidden>/<hidden>
    SLICE_X26Y73         LUT3 (Prop_lut3_I1_O)        0.045     1.281 f  design_1_wrapper/design_1/design_1_axi_mem_intercon_0/s00_couplers_imp_7HNO1D/design_1_axi_mem_intercon_imp_auto_pc_0/design_1_axi_mem_intercon_imp_auto_pc_0_axi_protocol_converter_v2_1_37_axi_protocol_converter/design_1_axi_mem_intercon_imp_auto_pc_0_axi_protocol_converter_v2_1_37_axi3_conv/design_1_axi_mem_intercon_imp_auto_pc_0_axi_protocol_converter_v2_1_37_a_axi3_conv__parameterized0/design_1_axi_mem_intercon_imp_auto_pc_0_axi_data_fifo_v2_1_36_axic_fifo__parameterized0/design_1_axi_mem_intercon_imp_auto_pc_0_axi_data_fifo_v2_1_36_fifo_gen__parameterized0/<hidden>/<hidden>/<hidden>/<hidden>/<hidden>
                         net (fo=32, routed)          0.218     1.499    design_1_wrapper/design_1/design_1_axi_mem_intercon_0/s00_couplers_imp_7HNO1D/design_1_axi_mem_intercon_imp_auto_pc_0/design_1_axi_mem_intercon_imp_auto_pc_0_axi_protocol_converter_v2_1_37_axi_protocol_converter/design_1_axi_mem_intercon_imp_auto_pc_0_axi_protocol_converter_v2_1_37_axi3_conv/design_1_axi_mem_intercon_imp_auto_pc_0_axi_protocol_converter_v2_1_37_a_axi3_conv__parameterized0/design_1_axi_mem_intercon_imp_auto_pc_0_axi_data_fifo_v2_1_36_axic_fifo__parameterized0/design_1_axi_mem_intercon_imp_auto_pc_0_axi_data_fifo_v2_1_36_fifo_gen__parameterized0/<hidden>/<hidden>/<hidden>/<hidden>/<hidden>/<hidden>
    SLICE_X29Y72         FDCE                                         f  design_1_wrapper/design_1/design_1_axi_mem_intercon_0/s00_couplers_imp_7HNO1D/design_1_axi_mem_intercon_imp_auto_pc_0/design_1_axi_mem_intercon_imp_auto_pc_0_axi_protocol_converter_v2_1_37_axi_protocol_converter/design_1_axi_mem_intercon_imp_auto_pc_0_axi_protocol_converter_v2_1_37_axi3_conv/design_1_axi_mem_intercon_imp_auto_pc_0_axi_protocol_converter_v2_1_37_a_axi3_conv__parameterized0/design_1_axi_mem_intercon_imp_auto_pc_0_axi_data_fifo_v2_1_36_axic_fifo__parameterized0/design_1_axi_mem_intercon_imp_auto_pc_0_axi_data_fifo_v2_1_36_fifo_gen__parameterized0/<hidden>/<hidden>/<hidden>/<hidden>/<hidden>/<hidden>
  -------------------------------------------------------------------    -------------------

                         (clock clk_fpga_0 rise edge)
                                                      0.000     0.000 r  
    PS7_X0Y0             PS7                          0.000     0.000 r  design_1_i/processing_system7_0/inst/PS7_i/FCLKCLK[0]
                         net (fo=1, routed)           0.337     0.337    design_1_i/processing_system7_0/inst/FCLK_CLK_unbuffered[0]
    BUFGCTRL_X0Y16       BUFG (Prop_bufg_I_O)         0.029     0.366 r  design_1_i/processing_system7_0/inst/buffer_fclk_clk_0.FCLK_CLK_0_BUFG/O
                         net (fo=19621, routed)       0.831     1.197    design_1_wrapper/design_1/design_1_axi_mem_intercon_0/s00_couplers_imp_7HNO1D/design_1_axi_mem_intercon_imp_auto_pc_0/design_1_axi_mem_intercon_imp_auto_pc_0_axi_protocol_converter_v2_1_37_axi_protocol_converter/design_1_axi_mem_intercon_imp_auto_pc_0_axi_protocol_converter_v2_1_37_axi3_conv/design_1_axi_mem_intercon_imp_auto_pc_0_axi_protocol_converter_v2_1_37_a_axi3_conv__parameterized0/design_1_axi_mem_intercon_imp_auto_pc_0_axi_data_fifo_v2_1_36_axic_fifo__parameterized0/design_1_axi_mem_intercon_imp_auto_pc_0_axi_data_fifo_v2_1_36_fifo_gen__parameterized0/<hidden>/<hidden>/<hidden>/<hidden>/<hidden>/<hidden>
    SLICE_X29Y72         FDCE                                         r  design_1_wrapper/design_1/design_1_axi_mem_intercon_0/s00_couplers_imp_7HNO1D/design_1_axi_mem_intercon_imp_auto_pc_0/design_1_axi_mem_intercon_imp_auto_pc_0_axi_protocol_converter_v2_1_37_axi_protocol_converter/design_1_axi_mem_intercon_imp_auto_pc_0_axi_protocol_converter_v2_1_37_axi3_conv/design_1_axi_mem_intercon_imp_auto_pc_0_axi_protocol_converter_v2_1_37_a_axi3_conv__parameterized0/design_1_axi_mem_intercon_imp_auto_pc_0_axi_data_fifo_v2_1_36_axic_fifo__parameterized0/design_1_axi_mem_intercon_imp_auto_pc_0_axi_data_fifo_v2_1_36_fifo_gen__parameterized0/<hidden>/<hidden>/<hidden>/<hidden>/<hidden>/<hidden>
                         clock pessimism             -0.264     0.933    
    SLICE_X29Y72         FDCE (Remov_fdce_C_CLR)     -0.092     0.841    design_1_wrapper/design_1/design_1_axi_mem_intercon_0/s00_couplers_imp_7HNO1D/design_1_axi_mem_intercon_imp_auto_pc_0/design_1_axi_mem_intercon_imp_auto_pc_0_axi_protocol_converter_v2_1_37_axi_protocol_converter/design_1_axi_mem_intercon_imp_auto_pc_0_axi_protocol_converter_v2_1_37_axi3_conv/design_1_axi_mem_intercon_imp_auto_pc_0_axi_protocol_converter_v2_1_37_a_axi3_conv__parameterized0/design_1_axi_mem_intercon_imp_auto_pc_0_axi_data_fifo_v2_1_36_axic_fifo__parameterized0/design_1_axi_mem_intercon_imp_auto_pc_0_axi_data_fifo_v2_1_36_fifo_gen__parameterized0/<hidden>/<hidden>/<hidden>/<hidden>/<hidden>/<hidden>
  -------------------------------------------------------------------
                         required time                         -0.841    
                         arrival time                           1.499    
  -------------------------------------------------------------------
                         slack                                  0.658    

Slack (MET) :             0.658ns  (arrival time - required time)
  Source:                 design_1_wrapper/design_1/design_1_axi_mem_intercon_0/s00_couplers_imp_7HNO1D/design_1_axi_mem_intercon_imp_auto_pc_0/design_1_axi_mem_intercon_imp_auto_pc_0_axi_protocol_converter_v2_1_37_axi_protocol_converter/design_1_axi_mem_intercon_imp_auto_pc_0_axi_protocol_converter_v2_1_37_axi3_conv/design_1_axi_mem_intercon_imp_auto_pc_0_axi_protocol_converter_v2_1_37_a_axi3_conv__parameterized0/design_1_axi_mem_intercon_imp_auto_pc_0_axi_data_fifo_v2_1_36_axic_fifo__parameterized0/design_1_axi_mem_intercon_imp_auto_pc_0_axi_data_fifo_v2_1_36_fifo_gen__parameterized0/<hidden>/<hidden>/<hidden>/<hidden>/<hidden>
                            (rising edge-triggered cell FDRE clocked by clk_fpga_0  {rise@0.000ns fall@10.000ns period=20.000ns})
  Destination:            design_1_wrapper/design_1/design_1_axi_mem_intercon_0/s00_couplers_imp_7HNO1D/design_1_axi_mem_intercon_imp_auto_pc_0/design_1_axi_mem_intercon_imp_auto_pc_0_axi_protocol_converter_v2_1_37_axi_protocol_converter/design_1_axi_mem_intercon_imp_auto_pc_0_axi_protocol_converter_v2_1_37_axi3_conv/design_1_axi_mem_intercon_imp_auto_pc_0_axi_protocol_converter_v2_1_37_a_axi3_conv__parameterized0/design_1_axi_mem_intercon_imp_auto_pc_0_axi_data_fifo_v2_1_36_axic_fifo__parameterized0/design_1_axi_mem_intercon_imp_auto_pc_0_axi_data_fifo_v2_1_36_fifo_gen__parameterized0/<hidden>/<hidden>/<hidden>/<hidden>/<hidden>/<hidden>
                            (removal check against rising-edge clock clk_fpga_0  {rise@0.000ns fall@10.000ns period=20.000ns})
  Path Group:             **async_default**
  Path Type:              Removal (Min at Fast Process Corner)
  Requirement:            0.000ns  (clk_fpga_0 rise@0.000ns - clk_fpga_0 rise@0.000ns)
  Data Path Delay:        0.602ns  (logic 0.209ns (34.717%)  route 0.393ns (65.283%))
  Logic Levels:           1  (LUT3=1)
  Clock Path Skew:        0.036ns (DCD - SCD - CPR)
    Destination Clock Delay (DCD):    1.197ns
    Source Clock Delay      (SCD):    0.897ns
    Clock Pessimism Removal (CPR):    0.264ns

    Location             Delay type                Incr(ns)  Path(ns)    Netlist Resource(s)
  -------------------------------------------------------------------    -------------------
                         (clock clk_fpga_0 rise edge)
                                                      0.000     0.000 r  
    PS7_X0Y0             PS7                          0.000     0.000 r  design_1_i/processing_system7_0/inst/PS7_i/FCLKCLK[0]
                         net (fo=1, routed)           0.310     0.310    design_1_i/processing_system7_0/inst/FCLK_CLK_unbuffered[0]
    BUFGCTRL_X0Y16       BUFG (Prop_bufg_I_O)         0.026     0.336 r  design_1_i/processing_system7_0/inst/buffer_fclk_clk_0.FCLK_CLK_0_BUFG/O
                         net (fo=19621, routed)       0.561     0.897    design_1_wrapper/design_1/design_1_axi_mem_intercon_0/s00_couplers_imp_7HNO1D/design_1_axi_mem_intercon_imp_auto_pc_0/design_1_axi_mem_intercon_imp_auto_pc_0_axi_protocol_converter_v2_1_37_axi_protocol_converter/design_1_axi_mem_intercon_imp_auto_pc_0_axi_protocol_converter_v2_1_37_axi3_conv/design_1_axi_mem_intercon_imp_auto_pc_0_axi_protocol_converter_v2_1_37_a_axi3_conv__parameterized0/design_1_axi_mem_intercon_imp_auto_pc_0_axi_data_fifo_v2_1_36_axic_fifo__parameterized0/design_1_axi_mem_intercon_imp_auto_pc_0_axi_data_fifo_v2_1_36_fifo_gen__parameterized0/<hidden>/<hidden>/<hidden>/<hidden>/<hidden>
    SLICE_X26Y73         FDRE                                         r  design_1_wrapper/design_1/design_1_axi_mem_intercon_0/s00_couplers_imp_7HNO1D/design_1_axi_mem_intercon_imp_auto_pc_0/design_1_axi_mem_intercon_imp_auto_pc_0_axi_protocol_converter_v2_1_37_axi_protocol_converter/design_1_axi_mem_intercon_imp_auto_pc_0_axi_protocol_converter_v2_1_37_axi3_conv/design_1_axi_mem_intercon_imp_auto_pc_0_axi_protocol_converter_v2_1_37_a_axi3_conv__parameterized0/design_1_axi_mem_intercon_imp_auto_pc_0_axi_data_fifo_v2_1_36_axic_fifo__parameterized0/design_1_axi_mem_intercon_imp_auto_pc_0_axi_data_fifo_v2_1_36_fifo_gen__parameterized0/<hidden>/<hidden>/<hidden>/<hidden>/<hidden>
  -------------------------------------------------------------------    -------------------
    SLICE_X26Y73         FDRE (Prop_fdre_C_Q)         0.164     1.061 f  design_1_wrapper/design_1/design_1_axi_mem_intercon_0/s00_couplers_imp_7HNO1D/design_1_axi_mem_intercon_imp_auto_pc_0/design_1_axi_mem_intercon_imp_auto_pc_0_axi_protocol_converter_v2_1_37_axi_protocol_converter/design_1_axi_mem_intercon_imp_auto_pc_0_axi_protocol_converter_v2_1_37_axi3_conv/design_1_axi_mem_intercon_imp_auto_pc_0_axi_protocol_converter_v2_1_37_a_axi3_conv__parameterized0/design_1_axi_mem_intercon_imp_auto_pc_0_axi_data_fifo_v2_1_36_axic_fifo__parameterized0/design_1_axi_mem_intercon_imp_auto_pc_0_axi_data_fifo_v2_1_36_fifo_gen__parameterized0/<hidden>/<hidden>/<hidden>/<hidden>/<hidden>
                         net (fo=2, routed)           0.175     1.236    design_1_wrapper/design_1/design_1_axi_mem_intercon_0/s00_couplers_imp_7HNO1D/design_1_axi_mem_intercon_imp_auto_pc_0/design_1_axi_mem_intercon_imp_auto_pc_0_axi_protocol_converter_v2_1_37_axi_protocol_converter/design_1_axi_mem_intercon_imp_auto_pc_0_axi_protocol_converter_v2_1_37_axi3_conv/design_1_axi_mem_intercon_imp_auto_pc_0_axi_protocol_converter_v2_1_37_a_axi3_conv__parameterized0/design_1_axi_mem_intercon_imp_auto_pc_0_axi_data_fifo_v2_1_36_axic_fifo__parameterized0/design_1_axi_mem_intercon_imp_auto_pc_0_axi_data_fifo_v2_1_36_fifo_gen__parameterized0/<hidden>/<hidden>/<hidden>/<hidden>/<hidden>
    SLICE_X26Y73         LUT3 (Prop_lut3_I1_O)        0.045     1.281 f  design_1_wrapper/design_1/design_1_axi_mem_intercon_0/s00_couplers_imp_7HNO1D/design_1_axi_mem_intercon_imp_auto_pc_0/design_1_axi_mem_intercon_imp_auto_pc_0_axi_protocol_converter_v2_1_37_axi_protocol_converter/design_1_axi_mem_intercon_imp_auto_pc_0_axi_protocol_converter_v2_1_37_axi3_conv/design_1_axi_mem_intercon_imp_auto_pc_0_axi_protocol_converter_v2_1_37_a_axi3_conv__parameterized0/design_1_axi_mem_intercon_imp_auto_pc_0_axi_data_fifo_v2_1_36_axic_fifo__parameterized0/design_1_axi_mem_intercon_imp_auto_pc_0_axi_data_fifo_v2_1_36_fifo_gen__parameterized0/<hidden>/<hidden>/<hidden>/<hidden>/<hidden>
                         net (fo=32, routed)          0.218     1.499    design_1_wrapper/design_1/design_1_axi_mem_intercon_0/s00_couplers_imp_7HNO1D/design_1_axi_mem_intercon_imp_auto_pc_0/design_1_axi_mem_intercon_imp_auto_pc_0_axi_protocol_converter_v2_1_37_axi_protocol_converter/design_1_axi_mem_intercon_imp_auto_pc_0_axi_protocol_converter_v2_1_37_axi3_conv/design_1_axi_mem_intercon_imp_auto_pc_0_axi_protocol_converter_v2_1_37_a_axi3_conv__parameterized0/design_1_axi_mem_intercon_imp_auto_pc_0_axi_data_fifo_v2_1_36_axic_fifo__parameterized0/design_1_axi_mem_intercon_imp_auto_pc_0_axi_data_fifo_v2_1_36_fifo_gen__parameterized0/<hidden>/<hidden>/<hidden>/<hidden>/<hidden>/<hidden>
    SLICE_X29Y72         FDCE                                         f  design_1_wrapper/design_1/design_1_axi_mem_intercon_0/s00_couplers_imp_7HNO1D/design_1_axi_mem_intercon_imp_auto_pc_0/design_1_axi_mem_intercon_imp_auto_pc_0_axi_protocol_converter_v2_1_37_axi_protocol_converter/design_1_axi_mem_intercon_imp_auto_pc_0_axi_protocol_converter_v2_1_37_axi3_conv/design_1_axi_mem_intercon_imp_auto_pc_0_axi_protocol_converter_v2_1_37_a_axi3_conv__parameterized0/design_1_axi_mem_intercon_imp_auto_pc_0_axi_data_fifo_v2_1_36_axic_fifo__parameterized0/design_1_axi_mem_intercon_imp_auto_pc_0_axi_data_fifo_v2_1_36_fifo_gen__parameterized0/<hidden>/<hidden>/<hidden>/<hidden>/<hidden>/<hidden>
  -------------------------------------------------------------------    -------------------

                         (clock clk_fpga_0 rise edge)
                                                      0.000     0.000 r  
    PS7_X0Y0             PS7                          0.000     0.000 r  design_1_i/processing_system7_0/inst/PS7_i/FCLKCLK[0]
                         net (fo=1, routed)           0.337     0.337    design_1_i/processing_system7_0/inst/FCLK_CLK_unbuffered[0]
    BUFGCTRL_X0Y16       BUFG (Prop_bufg_I_O)         0.029     0.366 r  design_1_i/processing_system7_0/inst/buffer_fclk_clk_0.FCLK_CLK_0_BUFG/O
                         net (fo=19621, routed)       0.831     1.197    design_1_wrapper/design_1/design_1_axi_mem_intercon_0/s00_couplers_imp_7HNO1D/design_1_axi_mem_intercon_imp_auto_pc_0/design_1_axi_mem_intercon_imp_auto_pc_0_axi_protocol_converter_v2_1_37_axi_protocol_converter/design_1_axi_mem_intercon_imp_auto_pc_0_axi_protocol_converter_v2_1_37_axi3_conv/design_1_axi_mem_intercon_imp_auto_pc_0_axi_protocol_converter_v2_1_37_a_axi3_conv__parameterized0/design_1_axi_mem_intercon_imp_auto_pc_0_axi_data_fifo_v2_1_36_axic_fifo__parameterized0/design_1_axi_mem_intercon_imp_auto_pc_0_axi_data_fifo_v2_1_36_fifo_gen__parameterized0/<hidden>/<hidden>/<hidden>/<hidden>/<hidden>/<hidden>
    SLICE_X29Y72         FDCE                                         r  design_1_wrapper/design_1/design_1_axi_mem_intercon_0/s00_couplers_imp_7HNO1D/design_1_axi_mem_intercon_imp_auto_pc_0/design_1_axi_mem_intercon_imp_auto_pc_0_axi_protocol_converter_v2_1_37_axi_protocol_converter/design_1_axi_mem_intercon_imp_auto_pc_0_axi_protocol_converter_v2_1_37_axi3_conv/design_1_axi_mem_intercon_imp_auto_pc_0_axi_protocol_converter_v2_1_37_a_axi3_conv__parameterized0/design_1_axi_mem_intercon_imp_auto_pc_0_axi_data_fifo_v2_1_36_axic_fifo__parameterized0/design_1_axi_mem_intercon_imp_auto_pc_0_axi_data_fifo_v2_1_36_fifo_gen__parameterized0/<hidden>/<hidden>/<hidden>/<hidden>/<hidden>/<hidden>
                         clock pessimism             -0.264     0.933    
    SLICE_X29Y72         FDCE (Remov_fdce_C_CLR)     -0.092     0.841    design_1_wrapper/design_1/design_1_axi_mem_intercon_0/s00_couplers_imp_7HNO1D/design_1_axi_mem_intercon_imp_auto_pc_0/design_1_axi_mem_intercon_imp_auto_pc_0_axi_protocol_converter_v2_1_37_axi_protocol_converter/design_1_axi_mem_intercon_imp_auto_pc_0_axi_protocol_converter_v2_1_37_axi3_conv/design_1_axi_mem_intercon_imp_auto_pc_0_axi_protocol_converter_v2_1_37_a_axi3_conv__parameterized0/design_1_axi_mem_intercon_imp_auto_pc_0_axi_data_fifo_v2_1_36_axic_fifo__parameterized0/design_1_axi_mem_intercon_imp_auto_pc_0_axi_data_fifo_v2_1_36_fifo_gen__parameterized0/<hidden>/<hidden>/<hidden>/<hidden>/<hidden>/<hidden>
  -------------------------------------------------------------------
                         required time                         -0.841    
                         arrival time                           1.499    
  -------------------------------------------------------------------
                         slack                                  0.658    

Slack (MET) :             0.658ns  (arrival time - required time)
  Source:                 design_1_wrapper/design_1/design_1_axi_mem_intercon_0/s00_couplers_imp_7HNO1D/design_1_axi_mem_intercon_imp_auto_pc_0/design_1_axi_mem_intercon_imp_auto_pc_0_axi_protocol_converter_v2_1_37_axi_protocol_converter/design_1_axi_mem_intercon_imp_auto_pc_0_axi_protocol_converter_v2_1_37_axi3_conv/design_1_axi_mem_intercon_imp_auto_pc_0_axi_protocol_converter_v2_1_37_a_axi3_conv__parameterized0/design_1_axi_mem_intercon_imp_auto_pc_0_axi_data_fifo_v2_1_36_axic_fifo__parameterized0/design_1_axi_mem_intercon_imp_auto_pc_0_axi_data_fifo_v2_1_36_fifo_gen__parameterized0/<hidden>/<hidden>/<hidden>/<hidden>/<hidden>
                            (rising edge-triggered cell FDRE clocked by clk_fpga_0  {rise@0.000ns fall@10.000ns period=20.000ns})
  Destination:            design_1_wrapper/design_1/design_1_axi_mem_intercon_0/s00_couplers_imp_7HNO1D/design_1_axi_mem_intercon_imp_auto_pc_0/design_1_axi_mem_intercon_imp_auto_pc_0_axi_protocol_converter_v2_1_37_axi_protocol_converter/design_1_axi_mem_intercon_imp_auto_pc_0_axi_protocol_converter_v2_1_37_axi3_conv/design_1_axi_mem_intercon_imp_auto_pc_0_axi_protocol_converter_v2_1_37_a_axi3_conv__parameterized0/design_1_axi_mem_intercon_imp_auto_pc_0_axi_data_fifo_v2_1_36_axic_fifo__parameterized0/design_1_axi_mem_intercon_imp_auto_pc_0_axi_data_fifo_v2_1_36_fifo_gen__parameterized0/<hidden>/<hidden>/<hidden>/<hidden>/<hidden>/<hidden>
                            (removal check against rising-edge clock clk_fpga_0  {rise@0.000ns fall@10.000ns period=20.000ns})
  Path Group:             **async_default**
  Path Type:              Removal (Min at Fast Process Corner)
  Requirement:            0.000ns  (clk_fpga_0 rise@0.000ns - clk_fpga_0 rise@0.000ns)
  Data Path Delay:        0.602ns  (logic 0.209ns (34.717%)  route 0.393ns (65.283%))
  Logic Levels:           1  (LUT3=1)
  Clock Path Skew:        0.036ns (DCD - SCD - CPR)
    Destination Clock Delay (DCD):    1.197ns
    Source Clock Delay      (SCD):    0.897ns
    Clock Pessimism Removal (CPR):    0.264ns

    Location             Delay type                Incr(ns)  Path(ns)    Netlist Resource(s)
  -------------------------------------------------------------------    -------------------
                         (clock clk_fpga_0 rise edge)
                                                      0.000     0.000 r  
    PS7_X0Y0             PS7                          0.000     0.000 r  design_1_i/processing_system7_0/inst/PS7_i/FCLKCLK[0]
                         net (fo=1, routed)           0.310     0.310    design_1_i/processing_system7_0/inst/FCLK_CLK_unbuffered[0]
    BUFGCTRL_X0Y16       BUFG (Prop_bufg_I_O)         0.026     0.336 r  design_1_i/processing_system7_0/inst/buffer_fclk_clk_0.FCLK_CLK_0_BUFG/O
                         net (fo=19621, routed)       0.561     0.897    design_1_wrapper/design_1/design_1_axi_mem_intercon_0/s00_couplers_imp_7HNO1D/design_1_axi_mem_intercon_imp_auto_pc_0/design_1_axi_mem_intercon_imp_auto_pc_0_axi_protocol_converter_v2_1_37_axi_protocol_converter/design_1_axi_mem_intercon_imp_auto_pc_0_axi_protocol_converter_v2_1_37_axi3_conv/design_1_axi_mem_intercon_imp_auto_pc_0_axi_protocol_converter_v2_1_37_a_axi3_conv__parameterized0/design_1_axi_mem_intercon_imp_auto_pc_0_axi_data_fifo_v2_1_36_axic_fifo__parameterized0/design_1_axi_mem_intercon_imp_auto_pc_0_axi_data_fifo_v2_1_36_fifo_gen__parameterized0/<hidden>/<hidden>/<hidden>/<hidden>/<hidden>
    SLICE_X26Y73         FDRE                                         r  design_1_wrapper/design_1/design_1_axi_mem_intercon_0/s00_couplers_imp_7HNO1D/design_1_axi_mem_intercon_imp_auto_pc_0/design_1_axi_mem_intercon_imp_auto_pc_0_axi_protocol_converter_v2_1_37_axi_protocol_converter/design_1_axi_mem_intercon_imp_auto_pc_0_axi_protocol_converter_v2_1_37_axi3_conv/design_1_axi_mem_intercon_imp_auto_pc_0_axi_protocol_converter_v2_1_37_a_axi3_conv__parameterized0/design_1_axi_mem_intercon_imp_auto_pc_0_axi_data_fifo_v2_1_36_axic_fifo__parameterized0/design_1_axi_mem_intercon_imp_auto_pc_0_axi_data_fifo_v2_1_36_fifo_gen__parameterized0/<hidden>/<hidden>/<hidden>/<hidden>/<hidden>
  -------------------------------------------------------------------    -------------------
    SLICE_X26Y73         FDRE (Prop_fdre_C_Q)         0.164     1.061 f  design_1_wrapper/design_1/design_1_axi_mem_intercon_0/s00_couplers_imp_7HNO1D/design_1_axi_mem_intercon_imp_auto_pc_0/design_1_axi_mem_intercon_imp_auto_pc_0_axi_protocol_converter_v2_1_37_axi_protocol_converter/design_1_axi_mem_intercon_imp_auto_pc_0_axi_protocol_converter_v2_1_37_axi3_conv/design_1_axi_mem_intercon_imp_auto_pc_0_axi_protocol_converter_v2_1_37_a_axi3_conv__parameterized0/design_1_axi_mem_intercon_imp_auto_pc_0_axi_data_fifo_v2_1_36_axic_fifo__parameterized0/design_1_axi_mem_intercon_imp_auto_pc_0_axi_data_fifo_v2_1_36_fifo_gen__parameterized0/<hidden>/<hidden>/<hidden>/<hidden>/<hidden>
                         net (fo=2, routed)           0.175     1.236    design_1_wrapper/design_1/design_1_axi_mem_intercon_0/s00_couplers_imp_7HNO1D/design_1_axi_mem_intercon_imp_auto_pc_0/design_1_axi_mem_intercon_imp_auto_pc_0_axi_protocol_converter_v2_1_37_axi_protocol_converter/design_1_axi_mem_intercon_imp_auto_pc_0_axi_protocol_converter_v2_1_37_axi3_conv/design_1_axi_mem_intercon_imp_auto_pc_0_axi_protocol_converter_v2_1_37_a_axi3_conv__parameterized0/design_1_axi_mem_intercon_imp_auto_pc_0_axi_data_fifo_v2_1_36_axic_fifo__parameterized0/design_1_axi_mem_intercon_imp_auto_pc_0_axi_data_fifo_v2_1_36_fifo_gen__parameterized0/<hidden>/<hidden>/<hidden>/<hidden>/<hidden>
    SLICE_X26Y73         LUT3 (Prop_lut3_I1_O)        0.045     1.281 f  design_1_wrapper/design_1/design_1_axi_mem_intercon_0/s00_couplers_imp_7HNO1D/design_1_axi_mem_intercon_imp_auto_pc_0/design_1_axi_mem_intercon_imp_auto_pc_0_axi_protocol_converter_v2_1_37_axi_protocol_converter/design_1_axi_mem_intercon_imp_auto_pc_0_axi_protocol_converter_v2_1_37_axi3_conv/design_1_axi_mem_intercon_imp_auto_pc_0_axi_protocol_converter_v2_1_37_a_axi3_conv__parameterized0/design_1_axi_mem_intercon_imp_auto_pc_0_axi_data_fifo_v2_1_36_axic_fifo__parameterized0/design_1_axi_mem_intercon_imp_auto_pc_0_axi_data_fifo_v2_1_36_fifo_gen__parameterized0/<hidden>/<hidden>/<hidden>/<hidden>/<hidden>
                         net (fo=32, routed)          0.218     1.499    design_1_wrapper/design_1/design_1_axi_mem_intercon_0/s00_couplers_imp_7HNO1D/design_1_axi_mem_intercon_imp_auto_pc_0/design_1_axi_mem_intercon_imp_auto_pc_0_axi_protocol_converter_v2_1_37_axi_protocol_converter/design_1_axi_mem_intercon_imp_auto_pc_0_axi_protocol_converter_v2_1_37_axi3_conv/design_1_axi_mem_intercon_imp_auto_pc_0_axi_protocol_converter_v2_1_37_a_axi3_conv__parameterized0/design_1_axi_mem_intercon_imp_auto_pc_0_axi_data_fifo_v2_1_36_axic_fifo__parameterized0/design_1_axi_mem_intercon_imp_auto_pc_0_axi_data_fifo_v2_1_36_fifo_gen__parameterized0/<hidden>/<hidden>/<hidden>/<hidden>/<hidden>/<hidden>
    SLICE_X29Y72         FDCE                                         f  design_1_wrapper/design_1/design_1_axi_mem_intercon_0/s00_couplers_imp_7HNO1D/design_1_axi_mem_intercon_imp_auto_pc_0/design_1_axi_mem_intercon_imp_auto_pc_0_axi_protocol_converter_v2_1_37_axi_protocol_converter/design_1_axi_mem_intercon_imp_auto_pc_0_axi_protocol_converter_v2_1_37_axi3_conv/design_1_axi_mem_intercon_imp_auto_pc_0_axi_protocol_converter_v2_1_37_a_axi3_conv__parameterized0/design_1_axi_mem_intercon_imp_auto_pc_0_axi_data_fifo_v2_1_36_axic_fifo__parameterized0/design_1_axi_mem_intercon_imp_auto_pc_0_axi_data_fifo_v2_1_36_fifo_gen__parameterized0/<hidden>/<hidden>/<hidden>/<hidden>/<hidden>/<hidden>
  -------------------------------------------------------------------    -------------------

                         (clock clk_fpga_0 rise edge)
                                                      0.000     0.000 r  
    PS7_X0Y0             PS7                          0.000     0.000 r  design_1_i/processing_system7_0/inst/PS7_i/FCLKCLK[0]
                         net (fo=1, routed)           0.337     0.337    design_1_i/processing_system7_0/inst/FCLK_CLK_unbuffered[0]
    BUFGCTRL_X0Y16       BUFG (Prop_bufg_I_O)         0.029     0.366 r  design_1_i/processing_system7_0/inst/buffer_fclk_clk_0.FCLK_CLK_0_BUFG/O
                         net (fo=19621, routed)       0.831     1.197    design_1_wrapper/design_1/design_1_axi_mem_intercon_0/s00_couplers_imp_7HNO1D/design_1_axi_mem_intercon_imp_auto_pc_0/design_1_axi_mem_intercon_imp_auto_pc_0_axi_protocol_converter_v2_1_37_axi_protocol_converter/design_1_axi_mem_intercon_imp_auto_pc_0_axi_protocol_converter_v2_1_37_axi3_conv/design_1_axi_mem_intercon_imp_auto_pc_0_axi_protocol_converter_v2_1_37_a_axi3_conv__parameterized0/design_1_axi_mem_intercon_imp_auto_pc_0_axi_data_fifo_v2_1_36_axic_fifo__parameterized0/design_1_axi_mem_intercon_imp_auto_pc_0_axi_data_fifo_v2_1_36_fifo_gen__parameterized0/<hidden>/<hidden>/<hidden>/<hidden>/<hidden>/<hidden>
    SLICE_X29Y72         FDCE                                         r  design_1_wrapper/design_1/design_1_axi_mem_intercon_0/s00_couplers_imp_7HNO1D/design_1_axi_mem_intercon_imp_auto_pc_0/design_1_axi_mem_intercon_imp_auto_pc_0_axi_protocol_converter_v2_1_37_axi_protocol_converter/design_1_axi_mem_intercon_imp_auto_pc_0_axi_protocol_converter_v2_1_37_axi3_conv/design_1_axi_mem_intercon_imp_auto_pc_0_axi_protocol_converter_v2_1_37_a_axi3_conv__parameterized0/design_1_axi_mem_intercon_imp_auto_pc_0_axi_data_fifo_v2_1_36_axic_fifo__parameterized0/design_1_axi_mem_intercon_imp_auto_pc_0_axi_data_fifo_v2_1_36_fifo_gen__parameterized0/<hidden>/<hidden>/<hidden>/<hidden>/<hidden>/<hidden>
                         clock pessimism             -0.264     0.933    
    SLICE_X29Y72         FDCE (Remov_fdce_C_CLR)     -0.092     0.841    design_1_wrapper/design_1/design_1_axi_mem_intercon_0/s00_couplers_imp_7HNO1D/design_1_axi_mem_intercon_imp_auto_pc_0/design_1_axi_mem_intercon_imp_auto_pc_0_axi_protocol_converter_v2_1_37_axi_protocol_converter/design_1_axi_mem_intercon_imp_auto_pc_0_axi_protocol_converter_v2_1_37_axi3_conv/design_1_axi_mem_intercon_imp_auto_pc_0_axi_protocol_converter_v2_1_37_a_axi3_conv__parameterized0/design_1_axi_mem_intercon_imp_auto_pc_0_axi_data_fifo_v2_1_36_axic_fifo__parameterized0/design_1_axi_mem_intercon_imp_auto_pc_0_axi_data_fifo_v2_1_36_fifo_gen__parameterized0/<hidden>/<hidden>/<hidden>/<hidden>/<hidden>/<hidden>
  -------------------------------------------------------------------
                         required time                         -0.841    
                         arrival time                           1.499    
  -------------------------------------------------------------------
                         slack                                  0.658    

Slack (MET) :             0.658ns  (arrival time - required time)
  Source:                 design_1_wrapper/design_1/design_1_axi_mem_intercon_0/s00_couplers_imp_7HNO1D/design_1_axi_mem_intercon_imp_auto_pc_0/design_1_axi_mem_intercon_imp_auto_pc_0_axi_protocol_converter_v2_1_37_axi_protocol_converter/design_1_axi_mem_intercon_imp_auto_pc_0_axi_protocol_converter_v2_1_37_axi3_conv/design_1_axi_mem_intercon_imp_auto_pc_0_axi_protocol_converter_v2_1_37_a_axi3_conv__parameterized0/design_1_axi_mem_intercon_imp_auto_pc_0_axi_data_fifo_v2_1_36_axic_fifo__parameterized0/design_1_axi_mem_intercon_imp_auto_pc_0_axi_data_fifo_v2_1_36_fifo_gen__parameterized0/<hidden>/<hidden>/<hidden>/<hidden>/<hidden>
                            (rising edge-triggered cell FDRE clocked by clk_fpga_0  {rise@0.000ns fall@10.000ns period=20.000ns})
  Destination:            design_1_wrapper/design_1/design_1_axi_mem_intercon_0/s00_couplers_imp_7HNO1D/design_1_axi_mem_intercon_imp_auto_pc_0/design_1_axi_mem_intercon_imp_auto_pc_0_axi_protocol_converter_v2_1_37_axi_protocol_converter/design_1_axi_mem_intercon_imp_auto_pc_0_axi_protocol_converter_v2_1_37_axi3_conv/design_1_axi_mem_intercon_imp_auto_pc_0_axi_protocol_converter_v2_1_37_a_axi3_conv__parameterized0/design_1_axi_mem_intercon_imp_auto_pc_0_axi_data_fifo_v2_1_36_axic_fifo__parameterized0/design_1_axi_mem_intercon_imp_auto_pc_0_axi_data_fifo_v2_1_36_fifo_gen__parameterized0/<hidden>/<hidden>/<hidden>/<hidden>/<hidden>/<hidden>
                            (removal check against rising-edge clock clk_fpga_0  {rise@0.000ns fall@10.000ns period=20.000ns})
  Path Group:             **async_default**
  Path Type:              Removal (Min at Fast Process Corner)
  Requirement:            0.000ns  (clk_fpga_0 rise@0.000ns - clk_fpga_0 rise@0.000ns)
  Data Path Delay:        0.602ns  (logic 0.209ns (34.717%)  route 0.393ns (65.283%))
  Logic Levels:           1  (LUT3=1)
  Clock Path Skew:        0.036ns (DCD - SCD - CPR)
    Destination Clock Delay (DCD):    1.197ns
    Source Clock Delay      (SCD):    0.897ns
    Clock Pessimism Removal (CPR):    0.264ns

    Location             Delay type                Incr(ns)  Path(ns)    Netlist Resource(s)
  -------------------------------------------------------------------    -------------------
                         (clock clk_fpga_0 rise edge)
                                                      0.000     0.000 r  
    PS7_X0Y0             PS7                          0.000     0.000 r  design_1_i/processing_system7_0/inst/PS7_i/FCLKCLK[0]
                         net (fo=1, routed)           0.310     0.310    design_1_i/processing_system7_0/inst/FCLK_CLK_unbuffered[0]
    BUFGCTRL_X0Y16       BUFG (Prop_bufg_I_O)         0.026     0.336 r  design_1_i/processing_system7_0/inst/buffer_fclk_clk_0.FCLK_CLK_0_BUFG/O
                         net (fo=19621, routed)       0.561     0.897    design_1_wrapper/design_1/design_1_axi_mem_intercon_0/s00_couplers_imp_7HNO1D/design_1_axi_mem_intercon_imp_auto_pc_0/design_1_axi_mem_intercon_imp_auto_pc_0_axi_protocol_converter_v2_1_37_axi_protocol_converter/design_1_axi_mem_intercon_imp_auto_pc_0_axi_protocol_converter_v2_1_37_axi3_conv/design_1_axi_mem_intercon_imp_auto_pc_0_axi_protocol_converter_v2_1_37_a_axi3_conv__parameterized0/design_1_axi_mem_intercon_imp_auto_pc_0_axi_data_fifo_v2_1_36_axic_fifo__parameterized0/design_1_axi_mem_intercon_imp_auto_pc_0_axi_data_fifo_v2_1_36_fifo_gen__parameterized0/<hidden>/<hidden>/<hidden>/<hidden>/<hidden>
    SLICE_X26Y73         FDRE                                         r  design_1_wrapper/design_1/design_1_axi_mem_intercon_0/s00_couplers_imp_7HNO1D/design_1_axi_mem_intercon_imp_auto_pc_0/design_1_axi_mem_intercon_imp_auto_pc_0_axi_protocol_converter_v2_1_37_axi_protocol_converter/design_1_axi_mem_intercon_imp_auto_pc_0_axi_protocol_converter_v2_1_37_axi3_conv/design_1_axi_mem_intercon_imp_auto_pc_0_axi_protocol_converter_v2_1_37_a_axi3_conv__parameterized0/design_1_axi_mem_intercon_imp_auto_pc_0_axi_data_fifo_v2_1_36_axic_fifo__parameterized0/design_1_axi_mem_intercon_imp_auto_pc_0_axi_data_fifo_v2_1_36_fifo_gen__parameterized0/<hidden>/<hidden>/<hidden>/<hidden>/<hidden>
  -------------------------------------------------------------------    -------------------
    SLICE_X26Y73         FDRE (Prop_fdre_C_Q)         0.164     1.061 f  design_1_wrapper/design_1/design_1_axi_mem_intercon_0/s00_couplers_imp_7HNO1D/design_1_axi_mem_intercon_imp_auto_pc_0/design_1_axi_mem_intercon_imp_auto_pc_0_axi_protocol_converter_v2_1_37_axi_protocol_converter/design_1_axi_mem_intercon_imp_auto_pc_0_axi_protocol_converter_v2_1_37_axi3_conv/design_1_axi_mem_intercon_imp_auto_pc_0_axi_protocol_converter_v2_1_37_a_axi3_conv__parameterized0/design_1_axi_mem_intercon_imp_auto_pc_0_axi_data_fifo_v2_1_36_axic_fifo__parameterized0/design_1_axi_mem_intercon_imp_auto_pc_0_axi_data_fifo_v2_1_36_fifo_gen__parameterized0/<hidden>/<hidden>/<hidden>/<hidden>/<hidden>
                         net (fo=2, routed)           0.175     1.236    design_1_wrapper/design_1/design_1_axi_mem_intercon_0/s00_couplers_imp_7HNO1D/design_1_axi_mem_intercon_imp_auto_pc_0/design_1_axi_mem_intercon_imp_auto_pc_0_axi_protocol_converter_v2_1_37_axi_protocol_converter/design_1_axi_mem_intercon_imp_auto_pc_0_axi_protocol_converter_v2_1_37_axi3_conv/design_1_axi_mem_intercon_imp_auto_pc_0_axi_protocol_converter_v2_1_37_a_axi3_conv__parameterized0/design_1_axi_mem_intercon_imp_auto_pc_0_axi_data_fifo_v2_1_36_axic_fifo__parameterized0/design_1_axi_mem_intercon_imp_auto_pc_0_axi_data_fifo_v2_1_36_fifo_gen__parameterized0/<hidden>/<hidden>/<hidden>/<hidden>/<hidden>
    SLICE_X26Y73         LUT3 (Prop_lut3_I1_O)        0.045     1.281 f  design_1_wrapper/design_1/design_1_axi_mem_intercon_0/s00_couplers_imp_7HNO1D/design_1_axi_mem_intercon_imp_auto_pc_0/design_1_axi_mem_intercon_imp_auto_pc_0_axi_protocol_converter_v2_1_37_axi_protocol_converter/design_1_axi_mem_intercon_imp_auto_pc_0_axi_protocol_converter_v2_1_37_axi3_conv/design_1_axi_mem_intercon_imp_auto_pc_0_axi_protocol_converter_v2_1_37_a_axi3_conv__parameterized0/design_1_axi_mem_intercon_imp_auto_pc_0_axi_data_fifo_v2_1_36_axic_fifo__parameterized0/design_1_axi_mem_intercon_imp_auto_pc_0_axi_data_fifo_v2_1_36_fifo_gen__parameterized0/<hidden>/<hidden>/<hidden>/<hidden>/<hidden>
                         net (fo=32, routed)          0.218     1.499    design_1_wrapper/design_1/design_1_axi_mem_intercon_0/s00_couplers_imp_7HNO1D/design_1_axi_mem_intercon_imp_auto_pc_0/design_1_axi_mem_intercon_imp_auto_pc_0_axi_protocol_converter_v2_1_37_axi_protocol_converter/design_1_axi_mem_intercon_imp_auto_pc_0_axi_protocol_converter_v2_1_37_axi3_conv/design_1_axi_mem_intercon_imp_auto_pc_0_axi_protocol_converter_v2_1_37_a_axi3_conv__parameterized0/design_1_axi_mem_intercon_imp_auto_pc_0_axi_data_fifo_v2_1_36_axic_fifo__parameterized0/design_1_axi_mem_intercon_imp_auto_pc_0_axi_data_fifo_v2_1_36_fifo_gen__parameterized0/<hidden>/<hidden>/<hidden>/<hidden>/<hidden>/<hidden>
    SLICE_X29Y72         FDCE                                         f  design_1_wrapper/design_1/design_1_axi_mem_intercon_0/s00_couplers_imp_7HNO1D/design_1_axi_mem_intercon_imp_auto_pc_0/design_1_axi_mem_intercon_imp_auto_pc_0_axi_protocol_converter_v2_1_37_axi_protocol_converter/design_1_axi_mem_intercon_imp_auto_pc_0_axi_protocol_converter_v2_1_37_axi3_conv/design_1_axi_mem_intercon_imp_auto_pc_0_axi_protocol_converter_v2_1_37_a_axi3_conv__parameterized0/design_1_axi_mem_intercon_imp_auto_pc_0_axi_data_fifo_v2_1_36_axic_fifo__parameterized0/design_1_axi_mem_intercon_imp_auto_pc_0_axi_data_fifo_v2_1_36_fifo_gen__parameterized0/<hidden>/<hidden>/<hidden>/<hidden>/<hidden>/<hidden>
  -------------------------------------------------------------------    -------------------

                         (clock clk_fpga_0 rise edge)
                                                      0.000     0.000 r  
    PS7_X0Y0             PS7                          0.000     0.000 r  design_1_i/processing_system7_0/inst/PS7_i/FCLKCLK[0]
                         net (fo=1, routed)           0.337     0.337    design_1_i/processing_system7_0/inst/FCLK_CLK_unbuffered[0]
    BUFGCTRL_X0Y16       BUFG (Prop_bufg_I_O)         0.029     0.366 r  design_1_i/processing_system7_0/inst/buffer_fclk_clk_0.FCLK_CLK_0_BUFG/O
                         net (fo=19621, routed)       0.831     1.197    design_1_wrapper/design_1/design_1_axi_mem_intercon_0/s00_couplers_imp_7HNO1D/design_1_axi_mem_intercon_imp_auto_pc_0/design_1_axi_mem_intercon_imp_auto_pc_0_axi_protocol_converter_v2_1_37_axi_protocol_converter/design_1_axi_mem_intercon_imp_auto_pc_0_axi_protocol_converter_v2_1_37_axi3_conv/design_1_axi_mem_intercon_imp_auto_pc_0_axi_protocol_converter_v2_1_37_a_axi3_conv__parameterized0/design_1_axi_mem_intercon_imp_auto_pc_0_axi_data_fifo_v2_1_36_axic_fifo__parameterized0/design_1_axi_mem_intercon_imp_auto_pc_0_axi_data_fifo_v2_1_36_fifo_gen__parameterized0/<hidden>/<hidden>/<hidden>/<hidden>/<hidden>/<hidden>
    SLICE_X29Y72         FDCE                                         r  design_1_wrapper/design_1/design_1_axi_mem_intercon_0/s00_couplers_imp_7HNO1D/design_1_axi_mem_intercon_imp_auto_pc_0/design_1_axi_mem_intercon_imp_auto_pc_0_axi_protocol_converter_v2_1_37_axi_protocol_converter/design_1_axi_mem_intercon_imp_auto_pc_0_axi_protocol_converter_v2_1_37_axi3_conv/design_1_axi_mem_intercon_imp_auto_pc_0_axi_protocol_converter_v2_1_37_a_axi3_conv__parameterized0/design_1_axi_mem_intercon_imp_auto_pc_0_axi_data_fifo_v2_1_36_axic_fifo__parameterized0/design_1_axi_mem_intercon_imp_auto_pc_0_axi_data_fifo_v2_1_36_fifo_gen__parameterized0/<hidden>/<hidden>/<hidden>/<hidden>/<hidden>/<hidden>
                         clock pessimism             -0.264     0.933    
    SLICE_X29Y72         FDCE (Remov_fdce_C_CLR)     -0.092     0.841    design_1_wrapper/design_1/design_1_axi_mem_intercon_0/s00_couplers_imp_7HNO1D/design_1_axi_mem_intercon_imp_auto_pc_0/design_1_axi_mem_intercon_imp_auto_pc_0_axi_protocol_converter_v2_1_37_axi_protocol_converter/design_1_axi_mem_intercon_imp_auto_pc_0_axi_protocol_converter_v2_1_37_axi3_conv/design_1_axi_mem_intercon_imp_auto_pc_0_axi_protocol_converter_v2_1_37_a_axi3_conv__parameterized0/design_1_axi_mem_intercon_imp_auto_pc_0_axi_data_fifo_v2_1_36_axic_fifo__parameterized0/design_1_axi_mem_intercon_imp_auto_pc_0_axi_data_fifo_v2_1_36_fifo_gen__parameterized0/<hidden>/<hidden>/<hidden>/<hidden>/<hidden>/<hidden>
  -------------------------------------------------------------------
                         required time                         -0.841    
                         arrival time                           1.499    
  -------------------------------------------------------------------
                         slack                                  0.658    

Slack (MET) :             0.658ns  (arrival time - required time)
  Source:                 design_1_wrapper/design_1/design_1_axi_mem_intercon_0/s00_couplers_imp_7HNO1D/design_1_axi_mem_intercon_imp_auto_pc_0/design_1_axi_mem_intercon_imp_auto_pc_0_axi_protocol_converter_v2_1_37_axi_protocol_converter/design_1_axi_mem_intercon_imp_auto_pc_0_axi_protocol_converter_v2_1_37_axi3_conv/design_1_axi_mem_intercon_imp_auto_pc_0_axi_protocol_converter_v2_1_37_a_axi3_conv__parameterized0/design_1_axi_mem_intercon_imp_auto_pc_0_axi_data_fifo_v2_1_36_axic_fifo__parameterized0/design_1_axi_mem_intercon_imp_auto_pc_0_axi_data_fifo_v2_1_36_fifo_gen__parameterized0/<hidden>/<hidden>/<hidden>/<hidden>/<hidden>
                            (rising edge-triggered cell FDRE clocked by clk_fpga_0  {rise@0.000ns fall@10.000ns period=20.000ns})
  Destination:            design_1_wrapper/design_1/design_1_axi_mem_intercon_0/s00_couplers_imp_7HNO1D/design_1_axi_mem_intercon_imp_auto_pc_0/design_1_axi_mem_intercon_imp_auto_pc_0_axi_protocol_converter_v2_1_37_axi_protocol_converter/design_1_axi_mem_intercon_imp_auto_pc_0_axi_protocol_converter_v2_1_37_axi3_conv/design_1_axi_mem_intercon_imp_auto_pc_0_axi_protocol_converter_v2_1_37_a_axi3_conv__parameterized0/design_1_axi_mem_intercon_imp_auto_pc_0_axi_data_fifo_v2_1_36_axic_fifo__parameterized0/design_1_axi_mem_intercon_imp_auto_pc_0_axi_data_fifo_v2_1_36_fifo_gen__parameterized0/<hidden>/<hidden>/<hidden>/<hidden>/<hidden>/<hidden>
                            (removal check against rising-edge clock clk_fpga_0  {rise@0.000ns fall@10.000ns period=20.000ns})
  Path Group:             **async_default**
  Path Type:              Removal (Min at Fast Process Corner)
  Requirement:            0.000ns  (clk_fpga_0 rise@0.000ns - clk_fpga_0 rise@0.000ns)
  Data Path Delay:        0.602ns  (logic 0.209ns (34.717%)  route 0.393ns (65.283%))
  Logic Levels:           1  (LUT3=1)
  Clock Path Skew:        0.036ns (DCD - SCD - CPR)
    Destination Clock Delay (DCD):    1.197ns
    Source Clock Delay      (SCD):    0.897ns
    Clock Pessimism Removal (CPR):    0.264ns

    Location             Delay type                Incr(ns)  Path(ns)    Netlist Resource(s)
  -------------------------------------------------------------------    -------------------
                         (clock clk_fpga_0 rise edge)
                                                      0.000     0.000 r  
    PS7_X0Y0             PS7                          0.000     0.000 r  design_1_i/processing_system7_0/inst/PS7_i/FCLKCLK[0]
                         net (fo=1, routed)           0.310     0.310    design_1_i/processing_system7_0/inst/FCLK_CLK_unbuffered[0]
    BUFGCTRL_X0Y16       BUFG (Prop_bufg_I_O)         0.026     0.336 r  design_1_i/processing_system7_0/inst/buffer_fclk_clk_0.FCLK_CLK_0_BUFG/O
                         net (fo=19621, routed)       0.561     0.897    design_1_wrapper/design_1/design_1_axi_mem_intercon_0/s00_couplers_imp_7HNO1D/design_1_axi_mem_intercon_imp_auto_pc_0/design_1_axi_mem_intercon_imp_auto_pc_0_axi_protocol_converter_v2_1_37_axi_protocol_converter/design_1_axi_mem_intercon_imp_auto_pc_0_axi_protocol_converter_v2_1_37_axi3_conv/design_1_axi_mem_intercon_imp_auto_pc_0_axi_protocol_converter_v2_1_37_a_axi3_conv__parameterized0/design_1_axi_mem_intercon_imp_auto_pc_0_axi_data_fifo_v2_1_36_axic_fifo__parameterized0/design_1_axi_mem_intercon_imp_auto_pc_0_axi_data_fifo_v2_1_36_fifo_gen__parameterized0/<hidden>/<hidden>/<hidden>/<hidden>/<hidden>
    SLICE_X26Y73         FDRE                                         r  design_1_wrapper/design_1/design_1_axi_mem_intercon_0/s00_couplers_imp_7HNO1D/design_1_axi_mem_intercon_imp_auto_pc_0/design_1_axi_mem_intercon_imp_auto_pc_0_axi_protocol_converter_v2_1_37_axi_protocol_converter/design_1_axi_mem_intercon_imp_auto_pc_0_axi_protocol_converter_v2_1_37_axi3_conv/design_1_axi_mem_intercon_imp_auto_pc_0_axi_protocol_converter_v2_1_37_a_axi3_conv__parameterized0/design_1_axi_mem_intercon_imp_auto_pc_0_axi_data_fifo_v2_1_36_axic_fifo__parameterized0/design_1_axi_mem_intercon_imp_auto_pc_0_axi_data_fifo_v2_1_36_fifo_gen__parameterized0/<hidden>/<hidden>/<hidden>/<hidden>/<hidden>
  -------------------------------------------------------------------    -------------------
    SLICE_X26Y73         FDRE (Prop_fdre_C_Q)         0.164     1.061 f  design_1_wrapper/design_1/design_1_axi_mem_intercon_0/s00_couplers_imp_7HNO1D/design_1_axi_mem_intercon_imp_auto_pc_0/design_1_axi_mem_intercon_imp_auto_pc_0_axi_protocol_converter_v2_1_37_axi_protocol_converter/design_1_axi_mem_intercon_imp_auto_pc_0_axi_protocol_converter_v2_1_37_axi3_conv/design_1_axi_mem_intercon_imp_auto_pc_0_axi_protocol_converter_v2_1_37_a_axi3_conv__parameterized0/design_1_axi_mem_intercon_imp_auto_pc_0_axi_data_fifo_v2_1_36_axic_fifo__parameterized0/design_1_axi_mem_intercon_imp_auto_pc_0_axi_data_fifo_v2_1_36_fifo_gen__parameterized0/<hidden>/<hidden>/<hidden>/<hidden>/<hidden>
                         net (fo=2, routed)           0.175     1.236    design_1_wrapper/design_1/design_1_axi_mem_intercon_0/s00_couplers_imp_7HNO1D/design_1_axi_mem_intercon_imp_auto_pc_0/design_1_axi_mem_intercon_imp_auto_pc_0_axi_protocol_converter_v2_1_37_axi_protocol_converter/design_1_axi_mem_intercon_imp_auto_pc_0_axi_protocol_converter_v2_1_37_axi3_conv/design_1_axi_mem_intercon_imp_auto_pc_0_axi_protocol_converter_v2_1_37_a_axi3_conv__parameterized0/design_1_axi_mem_intercon_imp_auto_pc_0_axi_data_fifo_v2_1_36_axic_fifo__parameterized0/design_1_axi_mem_intercon_imp_auto_pc_0_axi_data_fifo_v2_1_36_fifo_gen__parameterized0/<hidden>/<hidden>/<hidden>/<hidden>/<hidden>
    SLICE_X26Y73         LUT3 (Prop_lut3_I1_O)        0.045     1.281 f  design_1_wrapper/design_1/design_1_axi_mem_intercon_0/s00_couplers_imp_7HNO1D/design_1_axi_mem_intercon_imp_auto_pc_0/design_1_axi_mem_intercon_imp_auto_pc_0_axi_protocol_converter_v2_1_37_axi_protocol_converter/design_1_axi_mem_intercon_imp_auto_pc_0_axi_protocol_converter_v2_1_37_axi3_conv/design_1_axi_mem_intercon_imp_auto_pc_0_axi_protocol_converter_v2_1_37_a_axi3_conv__parameterized0/design_1_axi_mem_intercon_imp_auto_pc_0_axi_data_fifo_v2_1_36_axic_fifo__parameterized0/design_1_axi_mem_intercon_imp_auto_pc_0_axi_data_fifo_v2_1_36_fifo_gen__parameterized0/<hidden>/<hidden>/<hidden>/<hidden>/<hidden>
                         net (fo=32, routed)          0.218     1.499    design_1_wrapper/design_1/design_1_axi_mem_intercon_0/s00_couplers_imp_7HNO1D/design_1_axi_mem_intercon_imp_auto_pc_0/design_1_axi_mem_intercon_imp_auto_pc_0_axi_protocol_converter_v2_1_37_axi_protocol_converter/design_1_axi_mem_intercon_imp_auto_pc_0_axi_protocol_converter_v2_1_37_axi3_conv/design_1_axi_mem_intercon_imp_auto_pc_0_axi_protocol_converter_v2_1_37_a_axi3_conv__parameterized0/design_1_axi_mem_intercon_imp_auto_pc_0_axi_data_fifo_v2_1_36_axic_fifo__parameterized0/design_1_axi_mem_intercon_imp_auto_pc_0_axi_data_fifo_v2_1_36_fifo_gen__parameterized0/<hidden>/<hidden>/<hidden>/<hidden>/<hidden>/<hidden>
    SLICE_X29Y72         FDCE                                         f  design_1_wrapper/design_1/design_1_axi_mem_intercon_0/s00_couplers_imp_7HNO1D/design_1_axi_mem_intercon_imp_auto_pc_0/design_1_axi_mem_intercon_imp_auto_pc_0_axi_protocol_converter_v2_1_37_axi_protocol_converter/design_1_axi_mem_intercon_imp_auto_pc_0_axi_protocol_converter_v2_1_37_axi3_conv/design_1_axi_mem_intercon_imp_auto_pc_0_axi_protocol_converter_v2_1_37_a_axi3_conv__parameterized0/design_1_axi_mem_intercon_imp_auto_pc_0_axi_data_fifo_v2_1_36_axic_fifo__parameterized0/design_1_axi_mem_intercon_imp_auto_pc_0_axi_data_fifo_v2_1_36_fifo_gen__parameterized0/<hidden>/<hidden>/<hidden>/<hidden>/<hidden>/<hidden>
  -------------------------------------------------------------------    -------------------

                         (clock clk_fpga_0 rise edge)
                                                      0.000     0.000 r  
    PS7_X0Y0             PS7                          0.000     0.000 r  design_1_i/processing_system7_0/inst/PS7_i/FCLKCLK[0]
                         net (fo=1, routed)           0.337     0.337    design_1_i/processing_system7_0/inst/FCLK_CLK_unbuffered[0]
    BUFGCTRL_X0Y16       BUFG (Prop_bufg_I_O)         0.029     0.366 r  design_1_i/processing_system7_0/inst/buffer_fclk_clk_0.FCLK_CLK_0_BUFG/O
                         net (fo=19621, routed)       0.831     1.197    design_1_wrapper/design_1/design_1_axi_mem_intercon_0/s00_couplers_imp_7HNO1D/design_1_axi_mem_intercon_imp_auto_pc_0/design_1_axi_mem_intercon_imp_auto_pc_0_axi_protocol_converter_v2_1_37_axi_protocol_converter/design_1_axi_mem_intercon_imp_auto_pc_0_axi_protocol_converter_v2_1_37_axi3_conv/design_1_axi_mem_intercon_imp_auto_pc_0_axi_protocol_converter_v2_1_37_a_axi3_conv__parameterized0/design_1_axi_mem_intercon_imp_auto_pc_0_axi_data_fifo_v2_1_36_axic_fifo__parameterized0/design_1_axi_mem_intercon_imp_auto_pc_0_axi_data_fifo_v2_1_36_fifo_gen__parameterized0/<hidden>/<hidden>/<hidden>/<hidden>/<hidden>/<hidden>
    SLICE_X29Y72         FDCE                                         r  design_1_wrapper/design_1/design_1_axi_mem_intercon_0/s00_couplers_imp_7HNO1D/design_1_axi_mem_intercon_imp_auto_pc_0/design_1_axi_mem_intercon_imp_auto_pc_0_axi_protocol_converter_v2_1_37_axi_protocol_converter/design_1_axi_mem_intercon_imp_auto_pc_0_axi_protocol_converter_v2_1_37_axi3_conv/design_1_axi_mem_intercon_imp_auto_pc_0_axi_protocol_converter_v2_1_37_a_axi3_conv__parameterized0/design_1_axi_mem_intercon_imp_auto_pc_0_axi_data_fifo_v2_1_36_axic_fifo__parameterized0/design_1_axi_mem_intercon_imp_auto_pc_0_axi_data_fifo_v2_1_36_fifo_gen__parameterized0/<hidden>/<hidden>/<hidden>/<hidden>/<hidden>/<hidden>
                         clock pessimism             -0.264     0.933    
    SLICE_X29Y72         FDCE (Remov_fdce_C_CLR)     -0.092     0.841    design_1_wrapper/design_1/design_1_axi_mem_intercon_0/s00_couplers_imp_7HNO1D/design_1_axi_mem_intercon_imp_auto_pc_0/design_1_axi_mem_intercon_imp_auto_pc_0_axi_protocol_converter_v2_1_37_axi_protocol_converter/design_1_axi_mem_intercon_imp_auto_pc_0_axi_protocol_converter_v2_1_37_axi3_conv/design_1_axi_mem_intercon_imp_auto_pc_0_axi_protocol_converter_v2_1_37_a_axi3_conv__parameterized0/design_1_axi_mem_intercon_imp_auto_pc_0_axi_data_fifo_v2_1_36_axic_fifo__parameterized0/design_1_axi_mem_intercon_imp_auto_pc_0_axi_data_fifo_v2_1_36_fifo_gen__parameterized0/<hidden>/<hidden>/<hidden>/<hidden>/<hidden>/<hidden>
  -------------------------------------------------------------------
                         required time                         -0.841    
                         arrival time                           1.499    
  -------------------------------------------------------------------
                         slack                                  0.658    

Slack (MET) :             0.662ns  (arrival time - required time)
  Source:                 design_1_wrapper/design_1/design_1_axi_mem_intercon_0/s00_couplers_imp_7HNO1D/design_1_axi_mem_intercon_imp_auto_pc_0/design_1_axi_mem_intercon_imp_auto_pc_0_axi_protocol_converter_v2_1_37_axi_protocol_converter/design_1_axi_mem_intercon_imp_auto_pc_0_axi_protocol_converter_v2_1_37_axi3_conv/design_1_axi_mem_intercon_imp_auto_pc_0_axi_protocol_converter_v2_1_37_a_axi3_conv__parameterized0/design_1_axi_mem_intercon_imp_auto_pc_0_axi_data_fifo_v2_1_36_axic_fifo__parameterized0/design_1_axi_mem_intercon_imp_auto_pc_0_axi_data_fifo_v2_1_36_fifo_gen__parameterized0/<hidden>/<hidden>/<hidden>/<hidden>/<hidden>
                            (rising edge-triggered cell FDRE clocked by clk_fpga_0  {rise@0.000ns fall@10.000ns period=20.000ns})
  Destination:            design_1_wrapper/design_1/design_1_axi_mem_intercon_0/s00_couplers_imp_7HNO1D/design_1_axi_mem_intercon_imp_auto_pc_0/design_1_axi_mem_intercon_imp_auto_pc_0_axi_protocol_converter_v2_1_37_axi_protocol_converter/design_1_axi_mem_intercon_imp_auto_pc_0_axi_protocol_converter_v2_1_37_axi3_conv/design_1_axi_mem_intercon_imp_auto_pc_0_axi_protocol_converter_v2_1_37_a_axi3_conv__parameterized0/design_1_axi_mem_intercon_imp_auto_pc_0_axi_data_fifo_v2_1_36_axic_fifo__parameterized0/design_1_axi_mem_intercon_imp_auto_pc_0_axi_data_fifo_v2_1_36_fifo_gen__parameterized0/<hidden>/<hidden>/<hidden>/<hidden>/<hidden>/<hidden>
                            (removal check against rising-edge clock clk_fpga_0  {rise@0.000ns fall@10.000ns period=20.000ns})
  Path Group:             **async_default**
  Path Type:              Removal (Min at Fast Process Corner)
  Requirement:            0.000ns  (clk_fpga_0 rise@0.000ns - clk_fpga_0 rise@0.000ns)
  Data Path Delay:        0.606ns  (logic 0.209ns (34.468%)  route 0.397ns (65.532%))
  Logic Levels:           1  (LUT3=1)
  Clock Path Skew:        0.036ns (DCD - SCD - CPR)
    Destination Clock Delay (DCD):    1.197ns
    Source Clock Delay      (SCD):    0.897ns
    Clock Pessimism Removal (CPR):    0.264ns

    Location             Delay type                Incr(ns)  Path(ns)    Netlist Resource(s)
  -------------------------------------------------------------------    -------------------
                         (clock clk_fpga_0 rise edge)
                                                      0.000     0.000 r  
    PS7_X0Y0             PS7                          0.000     0.000 r  design_1_i/processing_system7_0/inst/PS7_i/FCLKCLK[0]
                         net (fo=1, routed)           0.310     0.310    design_1_i/processing_system7_0/inst/FCLK_CLK_unbuffered[0]
    BUFGCTRL_X0Y16       BUFG (Prop_bufg_I_O)         0.026     0.336 r  design_1_i/processing_system7_0/inst/buffer_fclk_clk_0.FCLK_CLK_0_BUFG/O
                         net (fo=19621, routed)       0.561     0.897    design_1_wrapper/design_1/design_1_axi_mem_intercon_0/s00_couplers_imp_7HNO1D/design_1_axi_mem_intercon_imp_auto_pc_0/design_1_axi_mem_intercon_imp_auto_pc_0_axi_protocol_converter_v2_1_37_axi_protocol_converter/design_1_axi_mem_intercon_imp_auto_pc_0_axi_protocol_converter_v2_1_37_axi3_conv/design_1_axi_mem_intercon_imp_auto_pc_0_axi_protocol_converter_v2_1_37_a_axi3_conv__parameterized0/design_1_axi_mem_intercon_imp_auto_pc_0_axi_data_fifo_v2_1_36_axic_fifo__parameterized0/design_1_axi_mem_intercon_imp_auto_pc_0_axi_data_fifo_v2_1_36_fifo_gen__parameterized0/<hidden>/<hidden>/<hidden>/<hidden>/<hidden>
    SLICE_X26Y73         FDRE                                         r  design_1_wrapper/design_1/design_1_axi_mem_intercon_0/s00_couplers_imp_7HNO1D/design_1_axi_mem_intercon_imp_auto_pc_0/design_1_axi_mem_intercon_imp_auto_pc_0_axi_protocol_converter_v2_1_37_axi_protocol_converter/design_1_axi_mem_intercon_imp_auto_pc_0_axi_protocol_converter_v2_1_37_axi3_conv/design_1_axi_mem_intercon_imp_auto_pc_0_axi_protocol_converter_v2_1_37_a_axi3_conv__parameterized0/design_1_axi_mem_intercon_imp_auto_pc_0_axi_data_fifo_v2_1_36_axic_fifo__parameterized0/design_1_axi_mem_intercon_imp_auto_pc_0_axi_data_fifo_v2_1_36_fifo_gen__parameterized0/<hidden>/<hidden>/<hidden>/<hidden>/<hidden>
  -------------------------------------------------------------------    -------------------
    SLICE_X26Y73         FDRE (Prop_fdre_C_Q)         0.164     1.061 f  design_1_wrapper/design_1/design_1_axi_mem_intercon_0/s00_couplers_imp_7HNO1D/design_1_axi_mem_intercon_imp_auto_pc_0/design_1_axi_mem_intercon_imp_auto_pc_0_axi_protocol_converter_v2_1_37_axi_protocol_converter/design_1_axi_mem_intercon_imp_auto_pc_0_axi_protocol_converter_v2_1_37_axi3_conv/design_1_axi_mem_intercon_imp_auto_pc_0_axi_protocol_converter_v2_1_37_a_axi3_conv__parameterized0/design_1_axi_mem_intercon_imp_auto_pc_0_axi_data_fifo_v2_1_36_axic_fifo__parameterized0/design_1_axi_mem_intercon_imp_auto_pc_0_axi_data_fifo_v2_1_36_fifo_gen__parameterized0/<hidden>/<hidden>/<hidden>/<hidden>/<hidden>
                         net (fo=2, routed)           0.175     1.236    design_1_wrapper/design_1/design_1_axi_mem_intercon_0/s00_couplers_imp_7HNO1D/design_1_axi_mem_intercon_imp_auto_pc_0/design_1_axi_mem_intercon_imp_auto_pc_0_axi_protocol_converter_v2_1_37_axi_protocol_converter/design_1_axi_mem_intercon_imp_auto_pc_0_axi_protocol_converter_v2_1_37_axi3_conv/design_1_axi_mem_intercon_imp_auto_pc_0_axi_protocol_converter_v2_1_37_a_axi3_conv__parameterized0/design_1_axi_mem_intercon_imp_auto_pc_0_axi_data_fifo_v2_1_36_axic_fifo__parameterized0/design_1_axi_mem_intercon_imp_auto_pc_0_axi_data_fifo_v2_1_36_fifo_gen__parameterized0/<hidden>/<hidden>/<hidden>/<hidden>/<hidden>
    SLICE_X26Y73         LUT3 (Prop_lut3_I1_O)        0.045     1.281 f  design_1_wrapper/design_1/design_1_axi_mem_intercon_0/s00_couplers_imp_7HNO1D/design_1_axi_mem_intercon_imp_auto_pc_0/design_1_axi_mem_intercon_imp_auto_pc_0_axi_protocol_converter_v2_1_37_axi_protocol_converter/design_1_axi_mem_intercon_imp_auto_pc_0_axi_protocol_converter_v2_1_37_axi3_conv/design_1_axi_mem_intercon_imp_auto_pc_0_axi_protocol_converter_v2_1_37_a_axi3_conv__parameterized0/design_1_axi_mem_intercon_imp_auto_pc_0_axi_data_fifo_v2_1_36_axic_fifo__parameterized0/design_1_axi_mem_intercon_imp_auto_pc_0_axi_data_fifo_v2_1_36_fifo_gen__parameterized0/<hidden>/<hidden>/<hidden>/<hidden>/<hidden>
                         net (fo=32, routed)          0.222     1.503    design_1_wrapper/design_1/design_1_axi_mem_intercon_0/s00_couplers_imp_7HNO1D/design_1_axi_mem_intercon_imp_auto_pc_0/design_1_axi_mem_intercon_imp_auto_pc_0_axi_protocol_converter_v2_1_37_axi_protocol_converter/design_1_axi_mem_intercon_imp_auto_pc_0_axi_protocol_converter_v2_1_37_axi3_conv/design_1_axi_mem_intercon_imp_auto_pc_0_axi_protocol_converter_v2_1_37_a_axi3_conv__parameterized0/design_1_axi_mem_intercon_imp_auto_pc_0_axi_data_fifo_v2_1_36_axic_fifo__parameterized0/design_1_axi_mem_intercon_imp_auto_pc_0_axi_data_fifo_v2_1_36_fifo_gen__parameterized0/<hidden>/<hidden>/<hidden>/<hidden>/<hidden>/<hidden>
    SLICE_X28Y72         FDCE                                         f  design_1_wrapper/design_1/design_1_axi_mem_intercon_0/s00_couplers_imp_7HNO1D/design_1_axi_mem_intercon_imp_auto_pc_0/design_1_axi_mem_intercon_imp_auto_pc_0_axi_protocol_converter_v2_1_37_axi_protocol_converter/design_1_axi_mem_intercon_imp_auto_pc_0_axi_protocol_converter_v2_1_37_axi3_conv/design_1_axi_mem_intercon_imp_auto_pc_0_axi_protocol_converter_v2_1_37_a_axi3_conv__parameterized0/design_1_axi_mem_intercon_imp_auto_pc_0_axi_data_fifo_v2_1_36_axic_fifo__parameterized0/design_1_axi_mem_intercon_imp_auto_pc_0_axi_data_fifo_v2_1_36_fifo_gen__parameterized0/<hidden>/<hidden>/<hidden>/<hidden>/<hidden>/<hidden>
  -------------------------------------------------------------------    -------------------

                         (clock clk_fpga_0 rise edge)
                                                      0.000     0.000 r  
    PS7_X0Y0             PS7                          0.000     0.000 r  design_1_i/processing_system7_0/inst/PS7_i/FCLKCLK[0]
                         net (fo=1, routed)           0.337     0.337    design_1_i/processing_system7_0/inst/FCLK_CLK_unbuffered[0]
    BUFGCTRL_X0Y16       BUFG (Prop_bufg_I_O)         0.029     0.366 r  design_1_i/processing_system7_0/inst/buffer_fclk_clk_0.FCLK_CLK_0_BUFG/O
                         net (fo=19621, routed)       0.831     1.197    design_1_wrapper/design_1/design_1_axi_mem_intercon_0/s00_couplers_imp_7HNO1D/design_1_axi_mem_intercon_imp_auto_pc_0/design_1_axi_mem_intercon_imp_auto_pc_0_axi_protocol_converter_v2_1_37_axi_protocol_converter/design_1_axi_mem_intercon_imp_auto_pc_0_axi_protocol_converter_v2_1_37_axi3_conv/design_1_axi_mem_intercon_imp_auto_pc_0_axi_protocol_converter_v2_1_37_a_axi3_conv__parameterized0/design_1_axi_mem_intercon_imp_auto_pc_0_axi_data_fifo_v2_1_36_axic_fifo__parameterized0/design_1_axi_mem_intercon_imp_auto_pc_0_axi_data_fifo_v2_1_36_fifo_gen__parameterized0/<hidden>/<hidden>/<hidden>/<hidden>/<hidden>/<hidden>
    SLICE_X28Y72         FDCE                                         r  design_1_wrapper/design_1/design_1_axi_mem_intercon_0/s00_couplers_imp_7HNO1D/design_1_axi_mem_intercon_imp_auto_pc_0/design_1_axi_mem_intercon_imp_auto_pc_0_axi_protocol_converter_v2_1_37_axi_protocol_converter/design_1_axi_mem_intercon_imp_auto_pc_0_axi_protocol_converter_v2_1_37_axi3_conv/design_1_axi_mem_intercon_imp_auto_pc_0_axi_protocol_converter_v2_1_37_a_axi3_conv__parameterized0/design_1_axi_mem_intercon_imp_auto_pc_0_axi_data_fifo_v2_1_36_axic_fifo__parameterized0/design_1_axi_mem_intercon_imp_auto_pc_0_axi_data_fifo_v2_1_36_fifo_gen__parameterized0/<hidden>/<hidden>/<hidden>/<hidden>/<hidden>/<hidden>
                         clock pessimism             -0.264     0.933    
    SLICE_X28Y72         FDCE (Remov_fdce_C_CLR)     -0.092     0.841    design_1_wrapper/design_1/design_1_axi_mem_intercon_0/s00_couplers_imp_7HNO1D/design_1_axi_mem_intercon_imp_auto_pc_0/design_1_axi_mem_intercon_imp_auto_pc_0_axi_protocol_converter_v2_1_37_axi_protocol_converter/design_1_axi_mem_intercon_imp_auto_pc_0_axi_protocol_converter_v2_1_37_axi3_conv/design_1_axi_mem_intercon_imp_auto_pc_0_axi_protocol_converter_v2_1_37_a_axi3_conv__parameterized0/design_1_axi_mem_intercon_imp_auto_pc_0_axi_data_fifo_v2_1_36_axic_fifo__parameterized0/design_1_axi_mem_intercon_imp_auto_pc_0_axi_data_fifo_v2_1_36_fifo_gen__parameterized0/<hidden>/<hidden>/<hidden>/<hidden>/<hidden>/<hidden>
  -------------------------------------------------------------------
                         required time                         -0.841    
                         arrival time                           1.503    
  -------------------------------------------------------------------
                         slack                                  0.662    





--------------------------------------------------------------------------------------
Path Group:  (none)
From Clock:  
  To Clock:  clk_fpga_0

Max Delay             1 Endpoint
Min Delay             1 Endpoint
--------------------------------------------------------------------------------------


Max Delay Paths
--------------------------------------------------------------------------------------
Slack:                    inf
  Source:                 design_1_i/processing_system7_0/inst/PS7_i/FCLKRESETN[0]
                            (internal pin)
  Destination:            design_1_i/rst_ps7_0_100M/U0/EXT_LPF/ACTIVE_LOW_EXT.ACT_LO_EXT/syncstages_ff_reg[0]/D
                            (rising edge-triggered cell FDRE clocked by clk_fpga_0  {rise@0.000ns fall@10.000ns period=20.000ns})
  Path Group:             (none)
  Path Type:              Setup (Max at Slow Process Corner)
  Data Path Delay:        1.998ns  (logic 0.124ns (6.205%)  route 1.874ns (93.795%))
  Logic Levels:           1  (LUT1=1)
  Clock Uncertainty:      0.301ns  ((TSJ^2 + TIJ^2)^1/2 + DJ) / 2 + PE
    Total System Jitter     (TSJ):    0.050ns
    Total Input Jitter      (TIJ):    0.600ns
    Discrete Jitter          (DJ):    0.000ns
    Phase Error              (PE):    0.000ns
  Timing Exception:       False Path

    Location             Delay type                Incr(ns)  Path(ns)    Netlist Resource(s)
  -------------------------------------------------------------------    -------------------
    PS7_X0Y0             PS7                          0.000     0.000 f  design_1_i/processing_system7_0/inst/PS7_i/FCLKRESETN[0]
                         net (fo=1, routed)           1.430     1.430    design_1_i/rst_ps7_0_100M/U0/EXT_LPF/ext_reset_in
    SLICE_X40Y91         LUT1 (Prop_lut1_I0_O)        0.124     1.554 r  design_1_i/rst_ps7_0_100M/U0/EXT_LPF/ACTIVE_LOW_EXT.ACT_LO_EXT_i_1/O
                         net (fo=1, routed)           0.444     1.998    design_1_i/rst_ps7_0_100M/U0/EXT_LPF/ACTIVE_LOW_EXT.ACT_LO_EXT/src_in
    SLICE_X40Y91         FDRE                                         r  design_1_i/rst_ps7_0_100M/U0/EXT_LPF/ACTIVE_LOW_EXT.ACT_LO_EXT/syncstages_ff_reg[0]/D
  -------------------------------------------------------------------    -------------------

                         (clock clk_fpga_0 rise edge)
                                                      0.000     0.000 r  
    PS7_X0Y0             PS7                          0.000     0.000 r  design_1_i/processing_system7_0/inst/PS7_i/FCLKCLK[0]
                         net (fo=1, routed)           1.088     1.088    design_1_i/processing_system7_0/inst/FCLK_CLK_unbuffered[0]
    BUFGCTRL_X0Y16       BUFG (Prop_bufg_I_O)         0.091     1.179 r  design_1_i/processing_system7_0/inst/buffer_fclk_clk_0.FCLK_CLK_0_BUFG/O
                         net (fo=19621, routed)       1.478     2.657    design_1_i/rst_ps7_0_100M/U0/EXT_LPF/ACTIVE_LOW_EXT.ACT_LO_EXT/dest_clk
    SLICE_X40Y91         FDRE                                         r  design_1_i/rst_ps7_0_100M/U0/EXT_LPF/ACTIVE_LOW_EXT.ACT_LO_EXT/syncstages_ff_reg[0]/C





Min Delay Paths
--------------------------------------------------------------------------------------
Slack:                    inf
  Source:                 design_1_i/processing_system7_0/inst/PS7_i/FCLKRESETN[0]
                            (internal pin)
  Destination:            design_1_i/rst_ps7_0_100M/U0/EXT_LPF/ACTIVE_LOW_EXT.ACT_LO_EXT/syncstages_ff_reg[0]/D
                            (rising edge-triggered cell FDRE clocked by clk_fpga_0  {rise@0.000ns fall@10.000ns period=20.000ns})
  Path Group:             (none)
  Path Type:              Hold (Min at Fast Process Corner)
  Data Path Delay:        0.747ns  (logic 0.045ns (6.021%)  route 0.702ns (93.979%))
  Logic Levels:           1  (LUT1=1)
  Clock Uncertainty:      0.301ns  ((TSJ^2 + TIJ^2)^1/2 + DJ) / 2 + PE
    Total System Jitter     (TSJ):    0.050ns
    Total Input Jitter      (TIJ):    0.600ns
    Discrete Jitter          (DJ):    0.000ns
    Phase Error              (PE):    0.000ns
  Timing Exception:       False Path

    Location             Delay type                Incr(ns)  Path(ns)    Netlist Resource(s)
  -------------------------------------------------------------------    -------------------
    PS7_X0Y0             PS7                          0.000     0.000 f  design_1_i/processing_system7_0/inst/PS7_i/FCLKRESETN[0]
                         net (fo=1, routed)           0.556     0.556    design_1_i/rst_ps7_0_100M/U0/EXT_LPF/ext_reset_in
    SLICE_X40Y91         LUT1 (Prop_lut1_I0_O)        0.045     0.601 r  design_1_i/rst_ps7_0_100M/U0/EXT_LPF/ACTIVE_LOW_EXT.ACT_LO_EXT_i_1/O
                         net (fo=1, routed)           0.146     0.747    design_1_i/rst_ps7_0_100M/U0/EXT_LPF/ACTIVE_LOW_EXT.ACT_LO_EXT/src_in
    SLICE_X40Y91         FDRE                                         r  design_1_i/rst_ps7_0_100M/U0/EXT_LPF/ACTIVE_LOW_EXT.ACT_LO_EXT/syncstages_ff_reg[0]/D
  -------------------------------------------------------------------    -------------------

                         (clock clk_fpga_0 rise edge)
                                                      0.000     0.000 r  
    PS7_X0Y0             PS7                          0.000     0.000 r  design_1_i/processing_system7_0/inst/PS7_i/FCLKCLK[0]
                         net (fo=1, routed)           0.337     0.337    design_1_i/processing_system7_0/inst/FCLK_CLK_unbuffered[0]
    BUFGCTRL_X0Y16       BUFG (Prop_bufg_I_O)         0.029     0.366 r  design_1_i/processing_system7_0/inst/buffer_fclk_clk_0.FCLK_CLK_0_BUFG/O
                         net (fo=19621, routed)       0.823     1.189    design_1_i/rst_ps7_0_100M/U0/EXT_LPF/ACTIVE_LOW_EXT.ACT_LO_EXT/dest_clk
    SLICE_X40Y91         FDRE                                         r  design_1_i/rst_ps7_0_100M/U0/EXT_LPF/ACTIVE_LOW_EXT.ACT_LO_EXT/syncstages_ff_reg[0]/C





--------------------------------------------------------------------------------------
Path Group:  (none)
From Clock:  clk_fpga_0
  To Clock:  clk_fpga_0

Max Delay            34 Endpoints
Min Delay            34 Endpoints
--------------------------------------------------------------------------------------


Max Delay Paths
--------------------------------------------------------------------------------------
Slack:                    inf
  Source:                 design_1_i/rst_ps7_0_100M/U0/ACTIVE_LOW_PR_OUT_DFF[0].FDRE_PER_N/C
                            (rising edge-triggered cell FDRE clocked by clk_fpga_0  {rise@0.000ns fall@10.000ns period=20.000ns})
  Destination:            design_1_wrapper/design_1/design_1_axi_mem_intercon_0/s00_couplers_imp_7HNO1D/design_1_axi_mem_intercon_imp_auto_pc_0/design_1_axi_mem_intercon_imp_auto_pc_0_axi_protocol_converter_v2_1_37_axi_protocol_converter/design_1_axi_mem_intercon_imp_auto_pc_0_axi_protocol_converter_v2_1_37_axi3_conv/design_1_axi_mem_intercon_imp_auto_pc_0_axi_protocol_converter_v2_1_37_a_axi3_conv__parameterized0/design_1_axi_mem_intercon_imp_auto_pc_0_axi_data_fifo_v2_1_36_axic_fifo__parameterized0/design_1_axi_mem_intercon_imp_auto_pc_0_axi_data_fifo_v2_1_36_fifo_gen__parameterized0/<hidden>/<hidden>/<hidden>/<hidden>/<hidden>/<hidden>
                            (recovery check against rising-edge clock clk_fpga_0  {rise@0.000ns fall@10.000ns period=20.000ns})
  Path Group:             (none)
  Path Type:              Recovery (Max at Slow Process Corner)
  Data Path Delay:        4.180ns  (logic 0.573ns (13.709%)  route 3.607ns (86.291%))
  Logic Levels:           1  (LUT1=1)
  Clock Path Skew:        -0.260ns (DCD - SCD + CPR)
    Destination Clock Delay (DCD):    2.685ns
    Source Clock Delay      (SCD):    2.945ns
    Clock Pessimism Removal (CPR):    0.000ns
  Clock Uncertainty:      0.302ns  ((TSJ^2 + TIJ^2)^1/2 + DJ) / 2 + PE
    Total System Jitter     (TSJ):    0.071ns
    Total Input Jitter      (TIJ):    0.600ns
    Discrete Jitter          (DJ):    0.000ns
    Phase Error              (PE):    0.000ns
  Timing Exception:       False Path

    Location             Delay type                Incr(ns)  Path(ns)    Netlist Resource(s)
  -------------------------------------------------------------------    -------------------
                         (clock clk_fpga_0 rise edge)
                                                      0.000     0.000 r  
    PS7_X0Y0             PS7                          0.000     0.000 r  design_1_i/processing_system7_0/inst/PS7_i/FCLKCLK[0]
                         net (fo=1, routed)           1.193     1.193    design_1_i/processing_system7_0/inst/FCLK_CLK_unbuffered[0]
    BUFGCTRL_X0Y16       BUFG (Prop_bufg_I_O)         0.101     1.294 r  design_1_i/processing_system7_0/inst/buffer_fclk_clk_0.FCLK_CLK_0_BUFG/O
                         net (fo=19621, routed)       1.651     2.945    design_1_i/rst_ps7_0_100M/U0/slowest_sync_clk
    SLICE_X41Y93         FDRE                                         r  design_1_i/rst_ps7_0_100M/U0/ACTIVE_LOW_PR_OUT_DFF[0].FDRE_PER_N/C
  -------------------------------------------------------------------    -------------------
    SLICE_X41Y93         FDRE (Prop_fdre_C_Q)         0.456     3.401 r  design_1_i/rst_ps7_0_100M/U0/ACTIVE_LOW_PR_OUT_DFF[0].FDRE_PER_N/Q
                         net (fo=11, routed)          1.472     4.873    design_1_i/axi_mem_intercon/s00_couplers/auto_pc/inst/gen_axi4_axi3.axi3_conv_inst/USE_WRITE.write_addr_inst/USE_BURSTS.cmd_queue/inst/aresetn
    SLICE_X32Y73         LUT1 (Prop_lut1_I0_O)        0.117     4.990 f  design_1_i/axi_mem_intercon/s00_couplers/auto_pc/inst/gen_axi4_axi3.axi3_conv_inst/USE_WRITE.write_addr_inst/USE_BURSTS.cmd_queue/inst/S_AXI_AREADY_I_i_1/O
                         net (fo=81, routed)          2.135     7.125    design_1_wrapper/design_1/design_1_axi_mem_intercon_0/s00_couplers_imp_7HNO1D/design_1_axi_mem_intercon_imp_auto_pc_0/design_1_axi_mem_intercon_imp_auto_pc_0_axi_protocol_converter_v2_1_37_axi_protocol_converter/design_1_axi_mem_intercon_imp_auto_pc_0_axi_protocol_converter_v2_1_37_axi3_conv/design_1_axi_mem_intercon_imp_auto_pc_0_axi_protocol_converter_v2_1_37_a_axi3_conv__parameterized0/design_1_axi_mem_intercon_imp_auto_pc_0_axi_data_fifo_v2_1_36_axic_fifo__parameterized0/design_1_axi_mem_intercon_imp_auto_pc_0_axi_data_fifo_v2_1_36_fifo_gen__parameterized0/<hidden>/<hidden>/<hidden>/<hidden>/<hidden>/<hidden>
    SLICE_X27Y73         FDPE                                         f  design_1_wrapper/design_1/design_1_axi_mem_intercon_0/s00_couplers_imp_7HNO1D/design_1_axi_mem_intercon_imp_auto_pc_0/design_1_axi_mem_intercon_imp_auto_pc_0_axi_protocol_converter_v2_1_37_axi_protocol_converter/design_1_axi_mem_intercon_imp_auto_pc_0_axi_protocol_converter_v2_1_37_axi3_conv/design_1_axi_mem_intercon_imp_auto_pc_0_axi_protocol_converter_v2_1_37_a_axi3_conv__parameterized0/design_1_axi_mem_intercon_imp_auto_pc_0_axi_data_fifo_v2_1_36_axic_fifo__parameterized0/design_1_axi_mem_intercon_imp_auto_pc_0_axi_data_fifo_v2_1_36_fifo_gen__parameterized0/<hidden>/<hidden>/<hidden>/<hidden>/<hidden>/<hidden>
  -------------------------------------------------------------------    -------------------

                         (clock clk_fpga_0 rise edge)
                                                      0.000     0.000 r  
    PS7_X0Y0             PS7                          0.000     0.000 r  design_1_i/processing_system7_0/inst/PS7_i/FCLKCLK[0]
                         net (fo=1, routed)           1.088     1.088    design_1_i/processing_system7_0/inst/FCLK_CLK_unbuffered[0]
    BUFGCTRL_X0Y16       BUFG (Prop_bufg_I_O)         0.091     1.179 r  design_1_i/processing_system7_0/inst/buffer_fclk_clk_0.FCLK_CLK_0_BUFG/O
                         net (fo=19621, routed)       1.506     2.685    design_1_wrapper/design_1/design_1_axi_mem_intercon_0/s00_couplers_imp_7HNO1D/design_1_axi_mem_intercon_imp_auto_pc_0/design_1_axi_mem_intercon_imp_auto_pc_0_axi_protocol_converter_v2_1_37_axi_protocol_converter/design_1_axi_mem_intercon_imp_auto_pc_0_axi_protocol_converter_v2_1_37_axi3_conv/design_1_axi_mem_intercon_imp_auto_pc_0_axi_protocol_converter_v2_1_37_a_axi3_conv__parameterized0/design_1_axi_mem_intercon_imp_auto_pc_0_axi_data_fifo_v2_1_36_axic_fifo__parameterized0/design_1_axi_mem_intercon_imp_auto_pc_0_axi_data_fifo_v2_1_36_fifo_gen__parameterized0/<hidden>/<hidden>/<hidden>/<hidden>/<hidden>/<hidden>
    SLICE_X27Y73         FDPE                                         r  design_1_wrapper/design_1/design_1_axi_mem_intercon_0/s00_couplers_imp_7HNO1D/design_1_axi_mem_intercon_imp_auto_pc_0/design_1_axi_mem_intercon_imp_auto_pc_0_axi_protocol_converter_v2_1_37_axi_protocol_converter/design_1_axi_mem_intercon_imp_auto_pc_0_axi_protocol_converter_v2_1_37_axi3_conv/design_1_axi_mem_intercon_imp_auto_pc_0_axi_protocol_converter_v2_1_37_a_axi3_conv__parameterized0/design_1_axi_mem_intercon_imp_auto_pc_0_axi_data_fifo_v2_1_36_axic_fifo__parameterized0/design_1_axi_mem_intercon_imp_auto_pc_0_axi_data_fifo_v2_1_36_fifo_gen__parameterized0/<hidden>/<hidden>/<hidden>/<hidden>/<hidden>/<hidden>

Slack:                    inf
  Source:                 design_1_i/rst_ps7_0_100M/U0/ACTIVE_LOW_PR_OUT_DFF[0].FDRE_PER_N/C
                            (rising edge-triggered cell FDRE clocked by clk_fpga_0  {rise@0.000ns fall@10.000ns period=20.000ns})
  Destination:            design_1_wrapper/design_1/design_1_axi_mem_intercon_0/s00_couplers_imp_7HNO1D/design_1_axi_mem_intercon_imp_auto_pc_0/design_1_axi_mem_intercon_imp_auto_pc_0_axi_protocol_converter_v2_1_37_axi_protocol_converter/design_1_axi_mem_intercon_imp_auto_pc_0_axi_protocol_converter_v2_1_37_axi3_conv/design_1_axi_mem_intercon_imp_auto_pc_0_axi_protocol_converter_v2_1_37_a_axi3_conv__parameterized0/design_1_axi_mem_intercon_imp_auto_pc_0_axi_data_fifo_v2_1_36_axic_fifo__parameterized0/design_1_axi_mem_intercon_imp_auto_pc_0_axi_data_fifo_v2_1_36_fifo_gen__parameterized0/<hidden>/<hidden>/<hidden>/<hidden>/<hidden>/<hidden>
                            (recovery check against rising-edge clock clk_fpga_0  {rise@0.000ns fall@10.000ns period=20.000ns})
  Path Group:             (none)
  Path Type:              Recovery (Max at Slow Process Corner)
  Data Path Delay:        4.180ns  (logic 0.573ns (13.709%)  route 3.607ns (86.291%))
  Logic Levels:           1  (LUT1=1)
  Clock Path Skew:        -0.260ns (DCD - SCD + CPR)
    Destination Clock Delay (DCD):    2.685ns
    Source Clock Delay      (SCD):    2.945ns
    Clock Pessimism Removal (CPR):    0.000ns
  Clock Uncertainty:      0.302ns  ((TSJ^2 + TIJ^2)^1/2 + DJ) / 2 + PE
    Total System Jitter     (TSJ):    0.071ns
    Total Input Jitter      (TIJ):    0.600ns
    Discrete Jitter          (DJ):    0.000ns
    Phase Error              (PE):    0.000ns
  Timing Exception:       False Path

    Location             Delay type                Incr(ns)  Path(ns)    Netlist Resource(s)
  -------------------------------------------------------------------    -------------------
                         (clock clk_fpga_0 rise edge)
                                                      0.000     0.000 r  
    PS7_X0Y0             PS7                          0.000     0.000 r  design_1_i/processing_system7_0/inst/PS7_i/FCLKCLK[0]
                         net (fo=1, routed)           1.193     1.193    design_1_i/processing_system7_0/inst/FCLK_CLK_unbuffered[0]
    BUFGCTRL_X0Y16       BUFG (Prop_bufg_I_O)         0.101     1.294 r  design_1_i/processing_system7_0/inst/buffer_fclk_clk_0.FCLK_CLK_0_BUFG/O
                         net (fo=19621, routed)       1.651     2.945    design_1_i/rst_ps7_0_100M/U0/slowest_sync_clk
    SLICE_X41Y93         FDRE                                         r  design_1_i/rst_ps7_0_100M/U0/ACTIVE_LOW_PR_OUT_DFF[0].FDRE_PER_N/C
  -------------------------------------------------------------------    -------------------
    SLICE_X41Y93         FDRE (Prop_fdre_C_Q)         0.456     3.401 r  design_1_i/rst_ps7_0_100M/U0/ACTIVE_LOW_PR_OUT_DFF[0].FDRE_PER_N/Q
                         net (fo=11, routed)          1.472     4.873    design_1_i/axi_mem_intercon/s00_couplers/auto_pc/inst/gen_axi4_axi3.axi3_conv_inst/USE_WRITE.write_addr_inst/USE_BURSTS.cmd_queue/inst/aresetn
    SLICE_X32Y73         LUT1 (Prop_lut1_I0_O)        0.117     4.990 f  design_1_i/axi_mem_intercon/s00_couplers/auto_pc/inst/gen_axi4_axi3.axi3_conv_inst/USE_WRITE.write_addr_inst/USE_BURSTS.cmd_queue/inst/S_AXI_AREADY_I_i_1/O
                         net (fo=81, routed)          2.135     7.125    design_1_wrapper/design_1/design_1_axi_mem_intercon_0/s00_couplers_imp_7HNO1D/design_1_axi_mem_intercon_imp_auto_pc_0/design_1_axi_mem_intercon_imp_auto_pc_0_axi_protocol_converter_v2_1_37_axi_protocol_converter/design_1_axi_mem_intercon_imp_auto_pc_0_axi_protocol_converter_v2_1_37_axi3_conv/design_1_axi_mem_intercon_imp_auto_pc_0_axi_protocol_converter_v2_1_37_a_axi3_conv__parameterized0/design_1_axi_mem_intercon_imp_auto_pc_0_axi_data_fifo_v2_1_36_axic_fifo__parameterized0/design_1_axi_mem_intercon_imp_auto_pc_0_axi_data_fifo_v2_1_36_fifo_gen__parameterized0/<hidden>/<hidden>/<hidden>/<hidden>/<hidden>/<hidden>
    SLICE_X27Y73         FDPE                                         f  design_1_wrapper/design_1/design_1_axi_mem_intercon_0/s00_couplers_imp_7HNO1D/design_1_axi_mem_intercon_imp_auto_pc_0/design_1_axi_mem_intercon_imp_auto_pc_0_axi_protocol_converter_v2_1_37_axi_protocol_converter/design_1_axi_mem_intercon_imp_auto_pc_0_axi_protocol_converter_v2_1_37_axi3_conv/design_1_axi_mem_intercon_imp_auto_pc_0_axi_protocol_converter_v2_1_37_a_axi3_conv__parameterized0/design_1_axi_mem_intercon_imp_auto_pc_0_axi_data_fifo_v2_1_36_axic_fifo__parameterized0/design_1_axi_mem_intercon_imp_auto_pc_0_axi_data_fifo_v2_1_36_fifo_gen__parameterized0/<hidden>/<hidden>/<hidden>/<hidden>/<hidden>/<hidden>
  -------------------------------------------------------------------    -------------------

                         (clock clk_fpga_0 rise edge)
                                                      0.000     0.000 r  
    PS7_X0Y0             PS7                          0.000     0.000 r  design_1_i/processing_system7_0/inst/PS7_i/FCLKCLK[0]
                         net (fo=1, routed)           1.088     1.088    design_1_i/processing_system7_0/inst/FCLK_CLK_unbuffered[0]
    BUFGCTRL_X0Y16       BUFG (Prop_bufg_I_O)         0.091     1.179 r  design_1_i/processing_system7_0/inst/buffer_fclk_clk_0.FCLK_CLK_0_BUFG/O
                         net (fo=19621, routed)       1.506     2.685    design_1_wrapper/design_1/design_1_axi_mem_intercon_0/s00_couplers_imp_7HNO1D/design_1_axi_mem_intercon_imp_auto_pc_0/design_1_axi_mem_intercon_imp_auto_pc_0_axi_protocol_converter_v2_1_37_axi_protocol_converter/design_1_axi_mem_intercon_imp_auto_pc_0_axi_protocol_converter_v2_1_37_axi3_conv/design_1_axi_mem_intercon_imp_auto_pc_0_axi_protocol_converter_v2_1_37_a_axi3_conv__parameterized0/design_1_axi_mem_intercon_imp_auto_pc_0_axi_data_fifo_v2_1_36_axic_fifo__parameterized0/design_1_axi_mem_intercon_imp_auto_pc_0_axi_data_fifo_v2_1_36_fifo_gen__parameterized0/<hidden>/<hidden>/<hidden>/<hidden>/<hidden>/<hidden>
    SLICE_X27Y73         FDPE                                         r  design_1_wrapper/design_1/design_1_axi_mem_intercon_0/s00_couplers_imp_7HNO1D/design_1_axi_mem_intercon_imp_auto_pc_0/design_1_axi_mem_intercon_imp_auto_pc_0_axi_protocol_converter_v2_1_37_axi_protocol_converter/design_1_axi_mem_intercon_imp_auto_pc_0_axi_protocol_converter_v2_1_37_axi3_conv/design_1_axi_mem_intercon_imp_auto_pc_0_axi_protocol_converter_v2_1_37_a_axi3_conv__parameterized0/design_1_axi_mem_intercon_imp_auto_pc_0_axi_data_fifo_v2_1_36_axic_fifo__parameterized0/design_1_axi_mem_intercon_imp_auto_pc_0_axi_data_fifo_v2_1_36_fifo_gen__parameterized0/<hidden>/<hidden>/<hidden>/<hidden>/<hidden>/<hidden>

Slack:                    inf
  Source:                 design_1_i/rst_ps7_0_100M/U0/ACTIVE_LOW_PR_OUT_DFF[0].FDRE_PER_N/C
                            (rising edge-triggered cell FDRE clocked by clk_fpga_0  {rise@0.000ns fall@10.000ns period=20.000ns})
  Destination:            design_1_wrapper/design_1/design_1_axi_mem_intercon_0/s00_couplers_imp_7HNO1D/design_1_axi_mem_intercon_imp_auto_pc_0/design_1_axi_mem_intercon_imp_auto_pc_0_axi_protocol_converter_v2_1_37_axi_protocol_converter/design_1_axi_mem_intercon_imp_auto_pc_0_axi_protocol_converter_v2_1_37_axi3_conv/design_1_axi_mem_intercon_imp_auto_pc_0_axi_protocol_converter_v2_1_37_a_axi3_conv/design_1_axi_mem_intercon_imp_auto_pc_0_axi_data_fifo_v2_1_36_axic_fifo_0/design_1_axi_mem_intercon_imp_auto_pc_0_axi_data_fifo_v2_1_36_fifo_gen/<hidden>/<hidden>/<hidden>/<hidden>/<hidden>/<hidden>
                            (recovery check against rising-edge clock clk_fpga_0  {rise@0.000ns fall@10.000ns period=20.000ns})
  Path Group:             (none)
  Path Type:              Recovery (Max at Slow Process Corner)
  Data Path Delay:        3.754ns  (logic 0.573ns (15.264%)  route 3.181ns (84.736%))
  Logic Levels:           1  (LUT1=1)
  Clock Path Skew:        -0.256ns (DCD - SCD + CPR)
    Destination Clock Delay (DCD):    2.689ns
    Source Clock Delay      (SCD):    2.945ns
    Clock Pessimism Removal (CPR):    0.000ns
  Clock Uncertainty:      0.302ns  ((TSJ^2 + TIJ^2)^1/2 + DJ) / 2 + PE
    Total System Jitter     (TSJ):    0.071ns
    Total Input Jitter      (TIJ):    0.600ns
    Discrete Jitter          (DJ):    0.000ns
    Phase Error              (PE):    0.000ns
  Timing Exception:       False Path

    Location             Delay type                Incr(ns)  Path(ns)    Netlist Resource(s)
  -------------------------------------------------------------------    -------------------
                         (clock clk_fpga_0 rise edge)
                                                      0.000     0.000 r  
    PS7_X0Y0             PS7                          0.000     0.000 r  design_1_i/processing_system7_0/inst/PS7_i/FCLKCLK[0]
                         net (fo=1, routed)           1.193     1.193    design_1_i/processing_system7_0/inst/FCLK_CLK_unbuffered[0]
    BUFGCTRL_X0Y16       BUFG (Prop_bufg_I_O)         0.101     1.294 r  design_1_i/processing_system7_0/inst/buffer_fclk_clk_0.FCLK_CLK_0_BUFG/O
                         net (fo=19621, routed)       1.651     2.945    design_1_i/rst_ps7_0_100M/U0/slowest_sync_clk
    SLICE_X41Y93         FDRE                                         r  design_1_i/rst_ps7_0_100M/U0/ACTIVE_LOW_PR_OUT_DFF[0].FDRE_PER_N/C
  -------------------------------------------------------------------    -------------------
    SLICE_X41Y93         FDRE (Prop_fdre_C_Q)         0.456     3.401 r  design_1_i/rst_ps7_0_100M/U0/ACTIVE_LOW_PR_OUT_DFF[0].FDRE_PER_N/Q
                         net (fo=11, routed)          1.472     4.873    design_1_i/axi_mem_intercon/s00_couplers/auto_pc/inst/gen_axi4_axi3.axi3_conv_inst/USE_WRITE.write_addr_inst/USE_BURSTS.cmd_queue/inst/aresetn
    SLICE_X32Y73         LUT1 (Prop_lut1_I0_O)        0.117     4.990 f  design_1_i/axi_mem_intercon/s00_couplers/auto_pc/inst/gen_axi4_axi3.axi3_conv_inst/USE_WRITE.write_addr_inst/USE_BURSTS.cmd_queue/inst/S_AXI_AREADY_I_i_1/O
                         net (fo=81, routed)          1.709     6.699    design_1_wrapper/design_1/design_1_axi_mem_intercon_0/s00_couplers_imp_7HNO1D/design_1_axi_mem_intercon_imp_auto_pc_0/design_1_axi_mem_intercon_imp_auto_pc_0_axi_protocol_converter_v2_1_37_axi_protocol_converter/design_1_axi_mem_intercon_imp_auto_pc_0_axi_protocol_converter_v2_1_37_axi3_conv/design_1_axi_mem_intercon_imp_auto_pc_0_axi_protocol_converter_v2_1_37_a_axi3_conv/design_1_axi_mem_intercon_imp_auto_pc_0_axi_data_fifo_v2_1_36_axic_fifo_0/design_1_axi_mem_intercon_imp_auto_pc_0_axi_data_fifo_v2_1_36_fifo_gen/<hidden>/<hidden>/<hidden>/<hidden>/<hidden>/<hidden>
    SLICE_X30Y76         FDPE                                         f  design_1_wrapper/design_1/design_1_axi_mem_intercon_0/s00_couplers_imp_7HNO1D/design_1_axi_mem_intercon_imp_auto_pc_0/design_1_axi_mem_intercon_imp_auto_pc_0_axi_protocol_converter_v2_1_37_axi_protocol_converter/design_1_axi_mem_intercon_imp_auto_pc_0_axi_protocol_converter_v2_1_37_axi3_conv/design_1_axi_mem_intercon_imp_auto_pc_0_axi_protocol_converter_v2_1_37_a_axi3_conv/design_1_axi_mem_intercon_imp_auto_pc_0_axi_data_fifo_v2_1_36_axic_fifo_0/design_1_axi_mem_intercon_imp_auto_pc_0_axi_data_fifo_v2_1_36_fifo_gen/<hidden>/<hidden>/<hidden>/<hidden>/<hidden>/<hidden>
  -------------------------------------------------------------------    -------------------

                         (clock clk_fpga_0 rise edge)
                                                      0.000     0.000 r  
    PS7_X0Y0             PS7                          0.000     0.000 r  design_1_i/processing_system7_0/inst/PS7_i/FCLKCLK[0]
                         net (fo=1, routed)           1.088     1.088    design_1_i/processing_system7_0/inst/FCLK_CLK_unbuffered[0]
    BUFGCTRL_X0Y16       BUFG (Prop_bufg_I_O)         0.091     1.179 r  design_1_i/processing_system7_0/inst/buffer_fclk_clk_0.FCLK_CLK_0_BUFG/O
                         net (fo=19621, routed)       1.510     2.689    design_1_wrapper/design_1/design_1_axi_mem_intercon_0/s00_couplers_imp_7HNO1D/design_1_axi_mem_intercon_imp_auto_pc_0/design_1_axi_mem_intercon_imp_auto_pc_0_axi_protocol_converter_v2_1_37_axi_protocol_converter/design_1_axi_mem_intercon_imp_auto_pc_0_axi_protocol_converter_v2_1_37_axi3_conv/design_1_axi_mem_intercon_imp_auto_pc_0_axi_protocol_converter_v2_1_37_a_axi3_conv/design_1_axi_mem_intercon_imp_auto_pc_0_axi_data_fifo_v2_1_36_axic_fifo_0/design_1_axi_mem_intercon_imp_auto_pc_0_axi_data_fifo_v2_1_36_fifo_gen/<hidden>/<hidden>/<hidden>/<hidden>/<hidden>/<hidden>
    SLICE_X30Y76         FDPE                                         r  design_1_wrapper/design_1/design_1_axi_mem_intercon_0/s00_couplers_imp_7HNO1D/design_1_axi_mem_intercon_imp_auto_pc_0/design_1_axi_mem_intercon_imp_auto_pc_0_axi_protocol_converter_v2_1_37_axi_protocol_converter/design_1_axi_mem_intercon_imp_auto_pc_0_axi_protocol_converter_v2_1_37_axi3_conv/design_1_axi_mem_intercon_imp_auto_pc_0_axi_protocol_converter_v2_1_37_a_axi3_conv/design_1_axi_mem_intercon_imp_auto_pc_0_axi_data_fifo_v2_1_36_axic_fifo_0/design_1_axi_mem_intercon_imp_auto_pc_0_axi_data_fifo_v2_1_36_fifo_gen/<hidden>/<hidden>/<hidden>/<hidden>/<hidden>/<hidden>

Slack:                    inf
  Source:                 design_1_i/rst_ps7_0_100M/U0/ACTIVE_LOW_PR_OUT_DFF[0].FDRE_PER_N/C
                            (rising edge-triggered cell FDRE clocked by clk_fpga_0  {rise@0.000ns fall@10.000ns period=20.000ns})
  Destination:            design_1_wrapper/design_1/design_1_axi_mem_intercon_0/s00_couplers_imp_7HNO1D/design_1_axi_mem_intercon_imp_auto_pc_0/design_1_axi_mem_intercon_imp_auto_pc_0_axi_protocol_converter_v2_1_37_axi_protocol_converter/design_1_axi_mem_intercon_imp_auto_pc_0_axi_protocol_converter_v2_1_37_axi3_conv/design_1_axi_mem_intercon_imp_auto_pc_0_axi_protocol_converter_v2_1_37_a_axi3_conv/design_1_axi_mem_intercon_imp_auto_pc_0_axi_data_fifo_v2_1_36_axic_fifo_0/design_1_axi_mem_intercon_imp_auto_pc_0_axi_data_fifo_v2_1_36_fifo_gen/<hidden>/<hidden>/<hidden>/<hidden>/<hidden>/<hidden>
                            (recovery check against rising-edge clock clk_fpga_0  {rise@0.000ns fall@10.000ns period=20.000ns})
  Path Group:             (none)
  Path Type:              Recovery (Max at Slow Process Corner)
  Data Path Delay:        3.754ns  (logic 0.573ns (15.264%)  route 3.181ns (84.736%))
  Logic Levels:           1  (LUT1=1)
  Clock Path Skew:        -0.256ns (DCD - SCD + CPR)
    Destination Clock Delay (DCD):    2.689ns
    Source Clock Delay      (SCD):    2.945ns
    Clock Pessimism Removal (CPR):    0.000ns
  Clock Uncertainty:      0.302ns  ((TSJ^2 + TIJ^2)^1/2 + DJ) / 2 + PE
    Total System Jitter     (TSJ):    0.071ns
    Total Input Jitter      (TIJ):    0.600ns
    Discrete Jitter          (DJ):    0.000ns
    Phase Error              (PE):    0.000ns
  Timing Exception:       False Path

    Location             Delay type                Incr(ns)  Path(ns)    Netlist Resource(s)
  -------------------------------------------------------------------    -------------------
                         (clock clk_fpga_0 rise edge)
                                                      0.000     0.000 r  
    PS7_X0Y0             PS7                          0.000     0.000 r  design_1_i/processing_system7_0/inst/PS7_i/FCLKCLK[0]
                         net (fo=1, routed)           1.193     1.193    design_1_i/processing_system7_0/inst/FCLK_CLK_unbuffered[0]
    BUFGCTRL_X0Y16       BUFG (Prop_bufg_I_O)         0.101     1.294 r  design_1_i/processing_system7_0/inst/buffer_fclk_clk_0.FCLK_CLK_0_BUFG/O
                         net (fo=19621, routed)       1.651     2.945    design_1_i/rst_ps7_0_100M/U0/slowest_sync_clk
    SLICE_X41Y93         FDRE                                         r  design_1_i/rst_ps7_0_100M/U0/ACTIVE_LOW_PR_OUT_DFF[0].FDRE_PER_N/C
  -------------------------------------------------------------------    -------------------
    SLICE_X41Y93         FDRE (Prop_fdre_C_Q)         0.456     3.401 r  design_1_i/rst_ps7_0_100M/U0/ACTIVE_LOW_PR_OUT_DFF[0].FDRE_PER_N/Q
                         net (fo=11, routed)          1.472     4.873    design_1_i/axi_mem_intercon/s00_couplers/auto_pc/inst/gen_axi4_axi3.axi3_conv_inst/USE_WRITE.write_addr_inst/USE_BURSTS.cmd_queue/inst/aresetn
    SLICE_X32Y73         LUT1 (Prop_lut1_I0_O)        0.117     4.990 f  design_1_i/axi_mem_intercon/s00_couplers/auto_pc/inst/gen_axi4_axi3.axi3_conv_inst/USE_WRITE.write_addr_inst/USE_BURSTS.cmd_queue/inst/S_AXI_AREADY_I_i_1/O
                         net (fo=81, routed)          1.709     6.699    design_1_wrapper/design_1/design_1_axi_mem_intercon_0/s00_couplers_imp_7HNO1D/design_1_axi_mem_intercon_imp_auto_pc_0/design_1_axi_mem_intercon_imp_auto_pc_0_axi_protocol_converter_v2_1_37_axi_protocol_converter/design_1_axi_mem_intercon_imp_auto_pc_0_axi_protocol_converter_v2_1_37_axi3_conv/design_1_axi_mem_intercon_imp_auto_pc_0_axi_protocol_converter_v2_1_37_a_axi3_conv/design_1_axi_mem_intercon_imp_auto_pc_0_axi_data_fifo_v2_1_36_axic_fifo_0/design_1_axi_mem_intercon_imp_auto_pc_0_axi_data_fifo_v2_1_36_fifo_gen/<hidden>/<hidden>/<hidden>/<hidden>/<hidden>/<hidden>
    SLICE_X30Y76         FDPE                                         f  design_1_wrapper/design_1/design_1_axi_mem_intercon_0/s00_couplers_imp_7HNO1D/design_1_axi_mem_intercon_imp_auto_pc_0/design_1_axi_mem_intercon_imp_auto_pc_0_axi_protocol_converter_v2_1_37_axi_protocol_converter/design_1_axi_mem_intercon_imp_auto_pc_0_axi_protocol_converter_v2_1_37_axi3_conv/design_1_axi_mem_intercon_imp_auto_pc_0_axi_protocol_converter_v2_1_37_a_axi3_conv/design_1_axi_mem_intercon_imp_auto_pc_0_axi_data_fifo_v2_1_36_axic_fifo_0/design_1_axi_mem_intercon_imp_auto_pc_0_axi_data_fifo_v2_1_36_fifo_gen/<hidden>/<hidden>/<hidden>/<hidden>/<hidden>/<hidden>
  -------------------------------------------------------------------    -------------------

                         (clock clk_fpga_0 rise edge)
                                                      0.000     0.000 r  
    PS7_X0Y0             PS7                          0.000     0.000 r  design_1_i/processing_system7_0/inst/PS7_i/FCLKCLK[0]
                         net (fo=1, routed)           1.088     1.088    design_1_i/processing_system7_0/inst/FCLK_CLK_unbuffered[0]
    BUFGCTRL_X0Y16       BUFG (Prop_bufg_I_O)         0.091     1.179 r  design_1_i/processing_system7_0/inst/buffer_fclk_clk_0.FCLK_CLK_0_BUFG/O
                         net (fo=19621, routed)       1.510     2.689    design_1_wrapper/design_1/design_1_axi_mem_intercon_0/s00_couplers_imp_7HNO1D/design_1_axi_mem_intercon_imp_auto_pc_0/design_1_axi_mem_intercon_imp_auto_pc_0_axi_protocol_converter_v2_1_37_axi_protocol_converter/design_1_axi_mem_intercon_imp_auto_pc_0_axi_protocol_converter_v2_1_37_axi3_conv/design_1_axi_mem_intercon_imp_auto_pc_0_axi_protocol_converter_v2_1_37_a_axi3_conv/design_1_axi_mem_intercon_imp_auto_pc_0_axi_data_fifo_v2_1_36_axic_fifo_0/design_1_axi_mem_intercon_imp_auto_pc_0_axi_data_fifo_v2_1_36_fifo_gen/<hidden>/<hidden>/<hidden>/<hidden>/<hidden>/<hidden>
    SLICE_X30Y76         FDPE                                         r  design_1_wrapper/design_1/design_1_axi_mem_intercon_0/s00_couplers_imp_7HNO1D/design_1_axi_mem_intercon_imp_auto_pc_0/design_1_axi_mem_intercon_imp_auto_pc_0_axi_protocol_converter_v2_1_37_axi_protocol_converter/design_1_axi_mem_intercon_imp_auto_pc_0_axi_protocol_converter_v2_1_37_axi3_conv/design_1_axi_mem_intercon_imp_auto_pc_0_axi_protocol_converter_v2_1_37_a_axi3_conv/design_1_axi_mem_intercon_imp_auto_pc_0_axi_data_fifo_v2_1_36_axic_fifo_0/design_1_axi_mem_intercon_imp_auto_pc_0_axi_data_fifo_v2_1_36_fifo_gen/<hidden>/<hidden>/<hidden>/<hidden>/<hidden>/<hidden>

Slack:                    inf
  Source:                 design_1_i/rst_ps7_0_100M/U0/ACTIVE_LOW_PR_OUT_DFF[0].FDRE_PER_N/C
                            (rising edge-triggered cell FDRE clocked by clk_fpga_0  {rise@0.000ns fall@10.000ns period=20.000ns})
  Destination:            design_1_wrapper/design_1/design_1_axi_mem_intercon_0/s00_couplers_imp_7HNO1D/design_1_axi_mem_intercon_imp_auto_pc_0/design_1_axi_mem_intercon_imp_auto_pc_0_axi_protocol_converter_v2_1_37_axi_protocol_converter/design_1_axi_mem_intercon_imp_auto_pc_0_axi_protocol_converter_v2_1_37_axi3_conv/design_1_axi_mem_intercon_imp_auto_pc_0_axi_protocol_converter_v2_1_37_a_axi3_conv/design_1_axi_mem_intercon_imp_auto_pc_0_axi_data_fifo_v2_1_36_axic_fifo/design_1_axi_mem_intercon_imp_auto_pc_0_axi_data_fifo_v2_1_36_fifo_gen_1/<hidden>/<hidden>/<hidden>/<hidden>/<hidden>/<hidden>
                            (recovery check against rising-edge clock clk_fpga_0  {rise@0.000ns fall@10.000ns period=20.000ns})
  Path Group:             (none)
  Path Type:              Recovery (Max at Slow Process Corner)
  Data Path Delay:        3.474ns  (logic 0.573ns (16.495%)  route 2.901ns (83.505%))
  Logic Levels:           1  (LUT1=1)
  Clock Path Skew:        -0.256ns (DCD - SCD + CPR)
    Destination Clock Delay (DCD):    2.689ns
    Source Clock Delay      (SCD):    2.945ns
    Clock Pessimism Removal (CPR):    0.000ns
  Clock Uncertainty:      0.302ns  ((TSJ^2 + TIJ^2)^1/2 + DJ) / 2 + PE
    Total System Jitter     (TSJ):    0.071ns
    Total Input Jitter      (TIJ):    0.600ns
    Discrete Jitter          (DJ):    0.000ns
    Phase Error              (PE):    0.000ns
  Timing Exception:       False Path

    Location             Delay type                Incr(ns)  Path(ns)    Netlist Resource(s)
  -------------------------------------------------------------------    -------------------
                         (clock clk_fpga_0 rise edge)
                                                      0.000     0.000 r  
    PS7_X0Y0             PS7                          0.000     0.000 r  design_1_i/processing_system7_0/inst/PS7_i/FCLKCLK[0]
                         net (fo=1, routed)           1.193     1.193    design_1_i/processing_system7_0/inst/FCLK_CLK_unbuffered[0]
    BUFGCTRL_X0Y16       BUFG (Prop_bufg_I_O)         0.101     1.294 r  design_1_i/processing_system7_0/inst/buffer_fclk_clk_0.FCLK_CLK_0_BUFG/O
                         net (fo=19621, routed)       1.651     2.945    design_1_i/rst_ps7_0_100M/U0/slowest_sync_clk
    SLICE_X41Y93         FDRE                                         r  design_1_i/rst_ps7_0_100M/U0/ACTIVE_LOW_PR_OUT_DFF[0].FDRE_PER_N/C
  -------------------------------------------------------------------    -------------------
    SLICE_X41Y93         FDRE (Prop_fdre_C_Q)         0.456     3.401 r  design_1_i/rst_ps7_0_100M/U0/ACTIVE_LOW_PR_OUT_DFF[0].FDRE_PER_N/Q
                         net (fo=11, routed)          1.472     4.873    design_1_i/axi_mem_intercon/s00_couplers/auto_pc/inst/gen_axi4_axi3.axi3_conv_inst/USE_WRITE.write_addr_inst/USE_BURSTS.cmd_queue/inst/aresetn
    SLICE_X32Y73         LUT1 (Prop_lut1_I0_O)        0.117     4.990 f  design_1_i/axi_mem_intercon/s00_couplers/auto_pc/inst/gen_axi4_axi3.axi3_conv_inst/USE_WRITE.write_addr_inst/USE_BURSTS.cmd_queue/inst/S_AXI_AREADY_I_i_1/O
                         net (fo=81, routed)          1.428     6.419    design_1_wrapper/design_1/design_1_axi_mem_intercon_0/s00_couplers_imp_7HNO1D/design_1_axi_mem_intercon_imp_auto_pc_0/design_1_axi_mem_intercon_imp_auto_pc_0_axi_protocol_converter_v2_1_37_axi_protocol_converter/design_1_axi_mem_intercon_imp_auto_pc_0_axi_protocol_converter_v2_1_37_axi3_conv/design_1_axi_mem_intercon_imp_auto_pc_0_axi_protocol_converter_v2_1_37_a_axi3_conv/design_1_axi_mem_intercon_imp_auto_pc_0_axi_data_fifo_v2_1_36_axic_fifo/design_1_axi_mem_intercon_imp_auto_pc_0_axi_data_fifo_v2_1_36_fifo_gen_1/<hidden>/<hidden>/<hidden>/<hidden>/<hidden>/<hidden>
    SLICE_X28Y76         FDPE                                         f  design_1_wrapper/design_1/design_1_axi_mem_intercon_0/s00_couplers_imp_7HNO1D/design_1_axi_mem_intercon_imp_auto_pc_0/design_1_axi_mem_intercon_imp_auto_pc_0_axi_protocol_converter_v2_1_37_axi_protocol_converter/design_1_axi_mem_intercon_imp_auto_pc_0_axi_protocol_converter_v2_1_37_axi3_conv/design_1_axi_mem_intercon_imp_auto_pc_0_axi_protocol_converter_v2_1_37_a_axi3_conv/design_1_axi_mem_intercon_imp_auto_pc_0_axi_data_fifo_v2_1_36_axic_fifo/design_1_axi_mem_intercon_imp_auto_pc_0_axi_data_fifo_v2_1_36_fifo_gen_1/<hidden>/<hidden>/<hidden>/<hidden>/<hidden>/<hidden>
  -------------------------------------------------------------------    -------------------

                         (clock clk_fpga_0 rise edge)
                                                      0.000     0.000 r  
    PS7_X0Y0             PS7                          0.000     0.000 r  design_1_i/processing_system7_0/inst/PS7_i/FCLKCLK[0]
                         net (fo=1, routed)           1.088     1.088    design_1_i/processing_system7_0/inst/FCLK_CLK_unbuffered[0]
    BUFGCTRL_X0Y16       BUFG (Prop_bufg_I_O)         0.091     1.179 r  design_1_i/processing_system7_0/inst/buffer_fclk_clk_0.FCLK_CLK_0_BUFG/O
                         net (fo=19621, routed)       1.510     2.689    design_1_wrapper/design_1/design_1_axi_mem_intercon_0/s00_couplers_imp_7HNO1D/design_1_axi_mem_intercon_imp_auto_pc_0/design_1_axi_mem_intercon_imp_auto_pc_0_axi_protocol_converter_v2_1_37_axi_protocol_converter/design_1_axi_mem_intercon_imp_auto_pc_0_axi_protocol_converter_v2_1_37_axi3_conv/design_1_axi_mem_intercon_imp_auto_pc_0_axi_protocol_converter_v2_1_37_a_axi3_conv/design_1_axi_mem_intercon_imp_auto_pc_0_axi_data_fifo_v2_1_36_axic_fifo/design_1_axi_mem_intercon_imp_auto_pc_0_axi_data_fifo_v2_1_36_fifo_gen_1/<hidden>/<hidden>/<hidden>/<hidden>/<hidden>/<hidden>
    SLICE_X28Y76         FDPE                                         r  design_1_wrapper/design_1/design_1_axi_mem_intercon_0/s00_couplers_imp_7HNO1D/design_1_axi_mem_intercon_imp_auto_pc_0/design_1_axi_mem_intercon_imp_auto_pc_0_axi_protocol_converter_v2_1_37_axi_protocol_converter/design_1_axi_mem_intercon_imp_auto_pc_0_axi_protocol_converter_v2_1_37_axi3_conv/design_1_axi_mem_intercon_imp_auto_pc_0_axi_protocol_converter_v2_1_37_a_axi3_conv/design_1_axi_mem_intercon_imp_auto_pc_0_axi_data_fifo_v2_1_36_axic_fifo/design_1_axi_mem_intercon_imp_auto_pc_0_axi_data_fifo_v2_1_36_fifo_gen_1/<hidden>/<hidden>/<hidden>/<hidden>/<hidden>/<hidden>

Slack:                    inf
  Source:                 design_1_i/rst_ps7_0_100M/U0/ACTIVE_LOW_PR_OUT_DFF[0].FDRE_PER_N/C
                            (rising edge-triggered cell FDRE clocked by clk_fpga_0  {rise@0.000ns fall@10.000ns period=20.000ns})
  Destination:            design_1_wrapper/design_1/design_1_axi_mem_intercon_0/s00_couplers_imp_7HNO1D/design_1_axi_mem_intercon_imp_auto_pc_0/design_1_axi_mem_intercon_imp_auto_pc_0_axi_protocol_converter_v2_1_37_axi_protocol_converter/design_1_axi_mem_intercon_imp_auto_pc_0_axi_protocol_converter_v2_1_37_axi3_conv/design_1_axi_mem_intercon_imp_auto_pc_0_axi_protocol_converter_v2_1_37_a_axi3_conv/design_1_axi_mem_intercon_imp_auto_pc_0_axi_data_fifo_v2_1_36_axic_fifo/design_1_axi_mem_intercon_imp_auto_pc_0_axi_data_fifo_v2_1_36_fifo_gen_1/<hidden>/<hidden>/<hidden>/<hidden>/<hidden>/<hidden>
                            (recovery check against rising-edge clock clk_fpga_0  {rise@0.000ns fall@10.000ns period=20.000ns})
  Path Group:             (none)
  Path Type:              Recovery (Max at Slow Process Corner)
  Data Path Delay:        3.474ns  (logic 0.573ns (16.495%)  route 2.901ns (83.505%))
  Logic Levels:           1  (LUT1=1)
  Clock Path Skew:        -0.256ns (DCD - SCD + CPR)
    Destination Clock Delay (DCD):    2.689ns
    Source Clock Delay      (SCD):    2.945ns
    Clock Pessimism Removal (CPR):    0.000ns
  Clock Uncertainty:      0.302ns  ((TSJ^2 + TIJ^2)^1/2 + DJ) / 2 + PE
    Total System Jitter     (TSJ):    0.071ns
    Total Input Jitter      (TIJ):    0.600ns
    Discrete Jitter          (DJ):    0.000ns
    Phase Error              (PE):    0.000ns
  Timing Exception:       False Path

    Location             Delay type                Incr(ns)  Path(ns)    Netlist Resource(s)
  -------------------------------------------------------------------    -------------------
                         (clock clk_fpga_0 rise edge)
                                                      0.000     0.000 r  
    PS7_X0Y0             PS7                          0.000     0.000 r  design_1_i/processing_system7_0/inst/PS7_i/FCLKCLK[0]
                         net (fo=1, routed)           1.193     1.193    design_1_i/processing_system7_0/inst/FCLK_CLK_unbuffered[0]
    BUFGCTRL_X0Y16       BUFG (Prop_bufg_I_O)         0.101     1.294 r  design_1_i/processing_system7_0/inst/buffer_fclk_clk_0.FCLK_CLK_0_BUFG/O
                         net (fo=19621, routed)       1.651     2.945    design_1_i/rst_ps7_0_100M/U0/slowest_sync_clk
    SLICE_X41Y93         FDRE                                         r  design_1_i/rst_ps7_0_100M/U0/ACTIVE_LOW_PR_OUT_DFF[0].FDRE_PER_N/C
  -------------------------------------------------------------------    -------------------
    SLICE_X41Y93         FDRE (Prop_fdre_C_Q)         0.456     3.401 r  design_1_i/rst_ps7_0_100M/U0/ACTIVE_LOW_PR_OUT_DFF[0].FDRE_PER_N/Q
                         net (fo=11, routed)          1.472     4.873    design_1_i/axi_mem_intercon/s00_couplers/auto_pc/inst/gen_axi4_axi3.axi3_conv_inst/USE_WRITE.write_addr_inst/USE_BURSTS.cmd_queue/inst/aresetn
    SLICE_X32Y73         LUT1 (Prop_lut1_I0_O)        0.117     4.990 f  design_1_i/axi_mem_intercon/s00_couplers/auto_pc/inst/gen_axi4_axi3.axi3_conv_inst/USE_WRITE.write_addr_inst/USE_BURSTS.cmd_queue/inst/S_AXI_AREADY_I_i_1/O
                         net (fo=81, routed)          1.428     6.419    design_1_wrapper/design_1/design_1_axi_mem_intercon_0/s00_couplers_imp_7HNO1D/design_1_axi_mem_intercon_imp_auto_pc_0/design_1_axi_mem_intercon_imp_auto_pc_0_axi_protocol_converter_v2_1_37_axi_protocol_converter/design_1_axi_mem_intercon_imp_auto_pc_0_axi_protocol_converter_v2_1_37_axi3_conv/design_1_axi_mem_intercon_imp_auto_pc_0_axi_protocol_converter_v2_1_37_a_axi3_conv/design_1_axi_mem_intercon_imp_auto_pc_0_axi_data_fifo_v2_1_36_axic_fifo/design_1_axi_mem_intercon_imp_auto_pc_0_axi_data_fifo_v2_1_36_fifo_gen_1/<hidden>/<hidden>/<hidden>/<hidden>/<hidden>/<hidden>
    SLICE_X28Y76         FDPE                                         f  design_1_wrapper/design_1/design_1_axi_mem_intercon_0/s00_couplers_imp_7HNO1D/design_1_axi_mem_intercon_imp_auto_pc_0/design_1_axi_mem_intercon_imp_auto_pc_0_axi_protocol_converter_v2_1_37_axi_protocol_converter/design_1_axi_mem_intercon_imp_auto_pc_0_axi_protocol_converter_v2_1_37_axi3_conv/design_1_axi_mem_intercon_imp_auto_pc_0_axi_protocol_converter_v2_1_37_a_axi3_conv/design_1_axi_mem_intercon_imp_auto_pc_0_axi_data_fifo_v2_1_36_axic_fifo/design_1_axi_mem_intercon_imp_auto_pc_0_axi_data_fifo_v2_1_36_fifo_gen_1/<hidden>/<hidden>/<hidden>/<hidden>/<hidden>/<hidden>
  -------------------------------------------------------------------    -------------------

                         (clock clk_fpga_0 rise edge)
                                                      0.000     0.000 r  
    PS7_X0Y0             PS7                          0.000     0.000 r  design_1_i/processing_system7_0/inst/PS7_i/FCLKCLK[0]
                         net (fo=1, routed)           1.088     1.088    design_1_i/processing_system7_0/inst/FCLK_CLK_unbuffered[0]
    BUFGCTRL_X0Y16       BUFG (Prop_bufg_I_O)         0.091     1.179 r  design_1_i/processing_system7_0/inst/buffer_fclk_clk_0.FCLK_CLK_0_BUFG/O
                         net (fo=19621, routed)       1.510     2.689    design_1_wrapper/design_1/design_1_axi_mem_intercon_0/s00_couplers_imp_7HNO1D/design_1_axi_mem_intercon_imp_auto_pc_0/design_1_axi_mem_intercon_imp_auto_pc_0_axi_protocol_converter_v2_1_37_axi_protocol_converter/design_1_axi_mem_intercon_imp_auto_pc_0_axi_protocol_converter_v2_1_37_axi3_conv/design_1_axi_mem_intercon_imp_auto_pc_0_axi_protocol_converter_v2_1_37_a_axi3_conv/design_1_axi_mem_intercon_imp_auto_pc_0_axi_data_fifo_v2_1_36_axic_fifo/design_1_axi_mem_intercon_imp_auto_pc_0_axi_data_fifo_v2_1_36_fifo_gen_1/<hidden>/<hidden>/<hidden>/<hidden>/<hidden>/<hidden>
    SLICE_X28Y76         FDPE                                         r  design_1_wrapper/design_1/design_1_axi_mem_intercon_0/s00_couplers_imp_7HNO1D/design_1_axi_mem_intercon_imp_auto_pc_0/design_1_axi_mem_intercon_imp_auto_pc_0_axi_protocol_converter_v2_1_37_axi_protocol_converter/design_1_axi_mem_intercon_imp_auto_pc_0_axi_protocol_converter_v2_1_37_axi3_conv/design_1_axi_mem_intercon_imp_auto_pc_0_axi_protocol_converter_v2_1_37_a_axi3_conv/design_1_axi_mem_intercon_imp_auto_pc_0_axi_data_fifo_v2_1_36_axic_fifo/design_1_axi_mem_intercon_imp_auto_pc_0_axi_data_fifo_v2_1_36_fifo_gen_1/<hidden>/<hidden>/<hidden>/<hidden>/<hidden>/<hidden>

Slack:                    inf
  Source:                 design_1_i/axi_smc/inst/clk_map/psr_aclk/U0/ACTIVE_LOW_BSR_OUT_DFF[0].FDRE_BSR_N/C
                            (rising edge-triggered cell FDRE clocked by clk_fpga_0  {rise@0.000ns fall@10.000ns period=20.000ns})
  Destination:            design_1_i/axi_smc/inst/s00_entry_pipeline/s00_mmu/inst/xpm_cdc_async_rst_inst/arststages_ff_reg[0]/CLR
                            (recovery check against rising-edge clock clk_fpga_0  {rise@0.000ns fall@10.000ns period=20.000ns})
  Path Group:             (none)
  Path Type:              Recovery (Max at Slow Process Corner)
  Data Path Delay:        2.401ns  (logic 0.609ns (25.361%)  route 1.792ns (74.639%))
  Logic Levels:           1  (LUT1=1)
  Clock Path Skew:        -0.286ns (DCD - SCD + CPR)
    Destination Clock Delay (DCD):    2.659ns
    Source Clock Delay      (SCD):    2.945ns
    Clock Pessimism Removal (CPR):    0.000ns
  Clock Uncertainty:      0.302ns  ((TSJ^2 + TIJ^2)^1/2 + DJ) / 2 + PE
    Total System Jitter     (TSJ):    0.071ns
    Total Input Jitter      (TIJ):    0.600ns
    Discrete Jitter          (DJ):    0.000ns
    Phase Error              (PE):    0.000ns
  Timing Exception:       False Path

    Location             Delay type                Incr(ns)  Path(ns)    Netlist Resource(s)
  -------------------------------------------------------------------    -------------------
                         (clock clk_fpga_0 rise edge)
                                                      0.000     0.000 r  
    PS7_X0Y0             PS7                          0.000     0.000 r  design_1_i/processing_system7_0/inst/PS7_i/FCLKCLK[0]
                         net (fo=1, routed)           1.193     1.193    design_1_i/processing_system7_0/inst/FCLK_CLK_unbuffered[0]
    BUFGCTRL_X0Y16       BUFG (Prop_bufg_I_O)         0.101     1.294 r  design_1_i/processing_system7_0/inst/buffer_fclk_clk_0.FCLK_CLK_0_BUFG/O
                         net (fo=19621, routed)       1.651     2.945    design_1_i/axi_smc/inst/clk_map/psr_aclk/U0/aclk
    SLICE_X41Y96         FDRE                                         r  design_1_i/axi_smc/inst/clk_map/psr_aclk/U0/ACTIVE_LOW_BSR_OUT_DFF[0].FDRE_BSR_N/C
  -------------------------------------------------------------------    -------------------
    SLICE_X41Y96         FDRE (Prop_fdre_C_Q)         0.456     3.401 r  design_1_i/axi_smc/inst/clk_map/psr_aclk/U0/ACTIVE_LOW_BSR_OUT_DFF[0].FDRE_BSR_N/Q
                         net (fo=9, routed)           0.976     4.377    design_1_i/axi_smc/inst/s00_entry_pipeline/s00_mmu/inst/xpm_cdc_async_rst_inst/src_arst
    SLICE_X32Y94         LUT1 (Prop_lut1_I0_O)        0.153     4.530 f  design_1_i/axi_smc/inst/s00_entry_pipeline/s00_mmu/inst/xpm_cdc_async_rst_inst/arststages_ff[2]_i_1/O
                         net (fo=3, routed)           0.816     5.346    design_1_i/axi_smc/inst/s00_entry_pipeline/s00_mmu/inst/xpm_cdc_async_rst_inst/reset_pol
    SLICE_X32Y97         FDCE                                         f  design_1_i/axi_smc/inst/s00_entry_pipeline/s00_mmu/inst/xpm_cdc_async_rst_inst/arststages_ff_reg[0]/CLR
  -------------------------------------------------------------------    -------------------

                         (clock clk_fpga_0 rise edge)
                                                      0.000     0.000 r  
    PS7_X0Y0             PS7                          0.000     0.000 r  design_1_i/processing_system7_0/inst/PS7_i/FCLKCLK[0]
                         net (fo=1, routed)           1.088     1.088    design_1_i/processing_system7_0/inst/FCLK_CLK_unbuffered[0]
    BUFGCTRL_X0Y16       BUFG (Prop_bufg_I_O)         0.091     1.179 r  design_1_i/processing_system7_0/inst/buffer_fclk_clk_0.FCLK_CLK_0_BUFG/O
                         net (fo=19621, routed)       1.480     2.659    design_1_i/axi_smc/inst/s00_entry_pipeline/s00_mmu/inst/xpm_cdc_async_rst_inst/dest_clk
    SLICE_X32Y97         FDCE                                         r  design_1_i/axi_smc/inst/s00_entry_pipeline/s00_mmu/inst/xpm_cdc_async_rst_inst/arststages_ff_reg[0]/C

Slack:                    inf
  Source:                 design_1_i/axi_smc/inst/clk_map/psr_aclk/U0/ACTIVE_LOW_BSR_OUT_DFF[0].FDRE_BSR_N/C
                            (rising edge-triggered cell FDRE clocked by clk_fpga_0  {rise@0.000ns fall@10.000ns period=20.000ns})
  Destination:            design_1_i/axi_smc/inst/s00_entry_pipeline/s00_mmu/inst/xpm_cdc_async_rst_inst/arststages_ff_reg[1]/CLR
                            (recovery check against rising-edge clock clk_fpga_0  {rise@0.000ns fall@10.000ns period=20.000ns})
  Path Group:             (none)
  Path Type:              Recovery (Max at Slow Process Corner)
  Data Path Delay:        2.401ns  (logic 0.609ns (25.361%)  route 1.792ns (74.639%))
  Logic Levels:           1  (LUT1=1)
  Clock Path Skew:        -0.286ns (DCD - SCD + CPR)
    Destination Clock Delay (DCD):    2.659ns
    Source Clock Delay      (SCD):    2.945ns
    Clock Pessimism Removal (CPR):    0.000ns
  Clock Uncertainty:      0.302ns  ((TSJ^2 + TIJ^2)^1/2 + DJ) / 2 + PE
    Total System Jitter     (TSJ):    0.071ns
    Total Input Jitter      (TIJ):    0.600ns
    Discrete Jitter          (DJ):    0.000ns
    Phase Error              (PE):    0.000ns
  Timing Exception:       False Path

    Location             Delay type                Incr(ns)  Path(ns)    Netlist Resource(s)
  -------------------------------------------------------------------    -------------------
                         (clock clk_fpga_0 rise edge)
                                                      0.000     0.000 r  
    PS7_X0Y0             PS7                          0.000     0.000 r  design_1_i/processing_system7_0/inst/PS7_i/FCLKCLK[0]
                         net (fo=1, routed)           1.193     1.193    design_1_i/processing_system7_0/inst/FCLK_CLK_unbuffered[0]
    BUFGCTRL_X0Y16       BUFG (Prop_bufg_I_O)         0.101     1.294 r  design_1_i/processing_system7_0/inst/buffer_fclk_clk_0.FCLK_CLK_0_BUFG/O
                         net (fo=19621, routed)       1.651     2.945    design_1_i/axi_smc/inst/clk_map/psr_aclk/U0/aclk
    SLICE_X41Y96         FDRE                                         r  design_1_i/axi_smc/inst/clk_map/psr_aclk/U0/ACTIVE_LOW_BSR_OUT_DFF[0].FDRE_BSR_N/C
  -------------------------------------------------------------------    -------------------
    SLICE_X41Y96         FDRE (Prop_fdre_C_Q)         0.456     3.401 r  design_1_i/axi_smc/inst/clk_map/psr_aclk/U0/ACTIVE_LOW_BSR_OUT_DFF[0].FDRE_BSR_N/Q
                         net (fo=9, routed)           0.976     4.377    design_1_i/axi_smc/inst/s00_entry_pipeline/s00_mmu/inst/xpm_cdc_async_rst_inst/src_arst
    SLICE_X32Y94         LUT1 (Prop_lut1_I0_O)        0.153     4.530 f  design_1_i/axi_smc/inst/s00_entry_pipeline/s00_mmu/inst/xpm_cdc_async_rst_inst/arststages_ff[2]_i_1/O
                         net (fo=3, routed)           0.816     5.346    design_1_i/axi_smc/inst/s00_entry_pipeline/s00_mmu/inst/xpm_cdc_async_rst_inst/reset_pol
    SLICE_X32Y97         FDCE                                         f  design_1_i/axi_smc/inst/s00_entry_pipeline/s00_mmu/inst/xpm_cdc_async_rst_inst/arststages_ff_reg[1]/CLR
  -------------------------------------------------------------------    -------------------

                         (clock clk_fpga_0 rise edge)
                                                      0.000     0.000 r  
    PS7_X0Y0             PS7                          0.000     0.000 r  design_1_i/processing_system7_0/inst/PS7_i/FCLKCLK[0]
                         net (fo=1, routed)           1.088     1.088    design_1_i/processing_system7_0/inst/FCLK_CLK_unbuffered[0]
    BUFGCTRL_X0Y16       BUFG (Prop_bufg_I_O)         0.091     1.179 r  design_1_i/processing_system7_0/inst/buffer_fclk_clk_0.FCLK_CLK_0_BUFG/O
                         net (fo=19621, routed)       1.480     2.659    design_1_i/axi_smc/inst/s00_entry_pipeline/s00_mmu/inst/xpm_cdc_async_rst_inst/dest_clk
    SLICE_X32Y97         FDCE                                         r  design_1_i/axi_smc/inst/s00_entry_pipeline/s00_mmu/inst/xpm_cdc_async_rst_inst/arststages_ff_reg[1]/C

Slack:                    inf
  Source:                 design_1_i/axi_smc/inst/clk_map/psr_aclk/U0/ACTIVE_LOW_BSR_OUT_DFF[0].FDRE_BSR_N/C
                            (rising edge-triggered cell FDRE clocked by clk_fpga_0  {rise@0.000ns fall@10.000ns period=20.000ns})
  Destination:            design_1_i/axi_smc/inst/s00_entry_pipeline/s00_mmu/inst/xpm_cdc_async_rst_inst/arststages_ff_reg[2]/CLR
                            (recovery check against rising-edge clock clk_fpga_0  {rise@0.000ns fall@10.000ns period=20.000ns})
  Path Group:             (none)
  Path Type:              Recovery (Max at Slow Process Corner)
  Data Path Delay:        2.401ns  (logic 0.609ns (25.361%)  route 1.792ns (74.639%))
  Logic Levels:           1  (LUT1=1)
  Clock Path Skew:        -0.286ns (DCD - SCD + CPR)
    Destination Clock Delay (DCD):    2.659ns
    Source Clock Delay      (SCD):    2.945ns
    Clock Pessimism Removal (CPR):    0.000ns
  Clock Uncertainty:      0.302ns  ((TSJ^2 + TIJ^2)^1/2 + DJ) / 2 + PE
    Total System Jitter     (TSJ):    0.071ns
    Total Input Jitter      (TIJ):    0.600ns
    Discrete Jitter          (DJ):    0.000ns
    Phase Error              (PE):    0.000ns
  Timing Exception:       False Path

    Location             Delay type                Incr(ns)  Path(ns)    Netlist Resource(s)
  -------------------------------------------------------------------    -------------------
                         (clock clk_fpga_0 rise edge)
                                                      0.000     0.000 r  
    PS7_X0Y0             PS7                          0.000     0.000 r  design_1_i/processing_system7_0/inst/PS7_i/FCLKCLK[0]
                         net (fo=1, routed)           1.193     1.193    design_1_i/processing_system7_0/inst/FCLK_CLK_unbuffered[0]
    BUFGCTRL_X0Y16       BUFG (Prop_bufg_I_O)         0.101     1.294 r  design_1_i/processing_system7_0/inst/buffer_fclk_clk_0.FCLK_CLK_0_BUFG/O
                         net (fo=19621, routed)       1.651     2.945    design_1_i/axi_smc/inst/clk_map/psr_aclk/U0/aclk
    SLICE_X41Y96         FDRE                                         r  design_1_i/axi_smc/inst/clk_map/psr_aclk/U0/ACTIVE_LOW_BSR_OUT_DFF[0].FDRE_BSR_N/C
  -------------------------------------------------------------------    -------------------
    SLICE_X41Y96         FDRE (Prop_fdre_C_Q)         0.456     3.401 r  design_1_i/axi_smc/inst/clk_map/psr_aclk/U0/ACTIVE_LOW_BSR_OUT_DFF[0].FDRE_BSR_N/Q
                         net (fo=9, routed)           0.976     4.377    design_1_i/axi_smc/inst/s00_entry_pipeline/s00_mmu/inst/xpm_cdc_async_rst_inst/src_arst
    SLICE_X32Y94         LUT1 (Prop_lut1_I0_O)        0.153     4.530 f  design_1_i/axi_smc/inst/s00_entry_pipeline/s00_mmu/inst/xpm_cdc_async_rst_inst/arststages_ff[2]_i_1/O
                         net (fo=3, routed)           0.816     5.346    design_1_i/axi_smc/inst/s00_entry_pipeline/s00_mmu/inst/xpm_cdc_async_rst_inst/reset_pol
    SLICE_X32Y97         FDCE                                         f  design_1_i/axi_smc/inst/s00_entry_pipeline/s00_mmu/inst/xpm_cdc_async_rst_inst/arststages_ff_reg[2]/CLR
  -------------------------------------------------------------------    -------------------

                         (clock clk_fpga_0 rise edge)
                                                      0.000     0.000 r  
    PS7_X0Y0             PS7                          0.000     0.000 r  design_1_i/processing_system7_0/inst/PS7_i/FCLKCLK[0]
                         net (fo=1, routed)           1.088     1.088    design_1_i/processing_system7_0/inst/FCLK_CLK_unbuffered[0]
    BUFGCTRL_X0Y16       BUFG (Prop_bufg_I_O)         0.091     1.179 r  design_1_i/processing_system7_0/inst/buffer_fclk_clk_0.FCLK_CLK_0_BUFG/O
                         net (fo=19621, routed)       1.480     2.659    design_1_i/axi_smc/inst/s00_entry_pipeline/s00_mmu/inst/xpm_cdc_async_rst_inst/dest_clk
    SLICE_X32Y97         FDCE                                         r  design_1_i/axi_smc/inst/s00_entry_pipeline/s00_mmu/inst/xpm_cdc_async_rst_inst/arststages_ff_reg[2]/C

Slack:                    inf
  Source:                 design_1_i/axi_smc/inst/clk_map/psr_aclk/U0/ACTIVE_LOW_BSR_OUT_DFF[0].FDRE_BSR_N/C
                            (rising edge-triggered cell FDRE clocked by clk_fpga_0  {rise@0.000ns fall@10.000ns period=20.000ns})
  Destination:            design_1_i/axi_smc/inst/s00_entry_pipeline/s00_si_converter/inst/xpm_cdc_async_rst_inst/arststages_ff_reg[0]/CLR
                            (recovery check against rising-edge clock clk_fpga_0  {rise@0.000ns fall@10.000ns period=20.000ns})
  Path Group:             (none)
  Path Type:              Recovery (Max at Slow Process Corner)
  Data Path Delay:        2.266ns  (logic 0.580ns (25.595%)  route 1.686ns (74.405%))
  Logic Levels:           1  (LUT1=1)
  Clock Path Skew:        -0.286ns (DCD - SCD + CPR)
    Destination Clock Delay (DCD):    2.659ns
    Source Clock Delay      (SCD):    2.945ns
    Clock Pessimism Removal (CPR):    0.000ns
  Clock Uncertainty:      0.302ns  ((TSJ^2 + TIJ^2)^1/2 + DJ) / 2 + PE
    Total System Jitter     (TSJ):    0.071ns
    Total Input Jitter      (TIJ):    0.600ns
    Discrete Jitter          (DJ):    0.000ns
    Phase Error              (PE):    0.000ns
  Timing Exception:       False Path

    Location             Delay type                Incr(ns)  Path(ns)    Netlist Resource(s)
  -------------------------------------------------------------------    -------------------
                         (clock clk_fpga_0 rise edge)
                                                      0.000     0.000 r  
    PS7_X0Y0             PS7                          0.000     0.000 r  design_1_i/processing_system7_0/inst/PS7_i/FCLKCLK[0]
                         net (fo=1, routed)           1.193     1.193    design_1_i/processing_system7_0/inst/FCLK_CLK_unbuffered[0]
    BUFGCTRL_X0Y16       BUFG (Prop_bufg_I_O)         0.101     1.294 r  design_1_i/processing_system7_0/inst/buffer_fclk_clk_0.FCLK_CLK_0_BUFG/O
                         net (fo=19621, routed)       1.651     2.945    design_1_i/axi_smc/inst/clk_map/psr_aclk/U0/aclk
    SLICE_X41Y96         FDRE                                         r  design_1_i/axi_smc/inst/clk_map/psr_aclk/U0/ACTIVE_LOW_BSR_OUT_DFF[0].FDRE_BSR_N/C
  -------------------------------------------------------------------    -------------------
    SLICE_X41Y96         FDRE (Prop_fdre_C_Q)         0.456     3.401 r  design_1_i/axi_smc/inst/clk_map/psr_aclk/U0/ACTIVE_LOW_BSR_OUT_DFF[0].FDRE_BSR_N/Q
                         net (fo=9, routed)           0.993     4.394    design_1_i/axi_smc/inst/s00_entry_pipeline/s00_si_converter/inst/xpm_cdc_async_rst_inst/src_arst
    SLICE_X32Y94         LUT1 (Prop_lut1_I0_O)        0.124     4.518 f  design_1_i/axi_smc/inst/s00_entry_pipeline/s00_si_converter/inst/xpm_cdc_async_rst_inst/arststages_ff[2]_i_1/O
                         net (fo=3, routed)           0.693     5.211    design_1_i/axi_smc/inst/s00_entry_pipeline/s00_si_converter/inst/xpm_cdc_async_rst_inst/reset_pol
    SLICE_X34Y94         FDCE                                         f  design_1_i/axi_smc/inst/s00_entry_pipeline/s00_si_converter/inst/xpm_cdc_async_rst_inst/arststages_ff_reg[0]/CLR
  -------------------------------------------------------------------    -------------------

                         (clock clk_fpga_0 rise edge)
                                                      0.000     0.000 r  
    PS7_X0Y0             PS7                          0.000     0.000 r  design_1_i/processing_system7_0/inst/PS7_i/FCLKCLK[0]
                         net (fo=1, routed)           1.088     1.088    design_1_i/processing_system7_0/inst/FCLK_CLK_unbuffered[0]
    BUFGCTRL_X0Y16       BUFG (Prop_bufg_I_O)         0.091     1.179 r  design_1_i/processing_system7_0/inst/buffer_fclk_clk_0.FCLK_CLK_0_BUFG/O
                         net (fo=19621, routed)       1.480     2.659    design_1_i/axi_smc/inst/s00_entry_pipeline/s00_si_converter/inst/xpm_cdc_async_rst_inst/dest_clk
    SLICE_X34Y94         FDCE                                         r  design_1_i/axi_smc/inst/s00_entry_pipeline/s00_si_converter/inst/xpm_cdc_async_rst_inst/arststages_ff_reg[0]/C





Min Delay Paths
--------------------------------------------------------------------------------------
Slack:                    inf
  Source:                 design_1_i/axi_smc/inst/clk_map/psr_aclk/U0/ACTIVE_LOW_BSR_OUT_DFF[0].FDRE_BSR_N/C
                            (rising edge-triggered cell FDRE clocked by clk_fpga_0  {rise@0.000ns fall@10.000ns period=20.000ns})
  Destination:            design_1_i/axi_smc/inst/s00_nodes/s00_w_node/inst/s_sc_xpm_cdc_async_rst_inst/arststages_ff_reg[0]/CLR
                            (removal check against rising-edge clock clk_fpga_0  {rise@0.000ns fall@10.000ns period=20.000ns})
  Path Group:             (none)
  Path Type:              Removal (Min at Fast Process Corner)
  Data Path Delay:        0.613ns  (logic 0.186ns (30.365%)  route 0.427ns (69.635%))
  Logic Levels:           1  (LUT1=1)
  Clock Path Skew:        0.298ns (DCD - SCD - CPR)
    Destination Clock Delay (DCD):    1.190ns
    Source Clock Delay      (SCD):    0.892ns
    Clock Pessimism Removal (CPR):    -0.000ns
  Clock Uncertainty:      0.302ns  ((TSJ^2 + TIJ^2)^1/2 + DJ) / 2 + PE
    Total System Jitter     (TSJ):    0.071ns
    Total Input Jitter      (TIJ):    0.600ns
    Discrete Jitter          (DJ):    0.000ns
    Phase Error              (PE):    0.000ns
  Timing Exception:       False Path

    Location             Delay type                Incr(ns)  Path(ns)    Netlist Resource(s)
  -------------------------------------------------------------------    -------------------
                         (clock clk_fpga_0 rise edge)
                                                      0.000     0.000 r  
    PS7_X0Y0             PS7                          0.000     0.000 r  design_1_i/processing_system7_0/inst/PS7_i/FCLKCLK[0]
                         net (fo=1, routed)           0.310     0.310    design_1_i/processing_system7_0/inst/FCLK_CLK_unbuffered[0]
    BUFGCTRL_X0Y16       BUFG (Prop_bufg_I_O)         0.026     0.336 r  design_1_i/processing_system7_0/inst/buffer_fclk_clk_0.FCLK_CLK_0_BUFG/O
                         net (fo=19621, routed)       0.556     0.892    design_1_i/axi_smc/inst/clk_map/psr_aclk/U0/aclk
    SLICE_X41Y96         FDRE                                         r  design_1_i/axi_smc/inst/clk_map/psr_aclk/U0/ACTIVE_LOW_BSR_OUT_DFF[0].FDRE_BSR_N/C
  -------------------------------------------------------------------    -------------------
    SLICE_X41Y96         FDRE (Prop_fdre_C_Q)         0.141     1.033 r  design_1_i/axi_smc/inst/clk_map/psr_aclk/U0/ACTIVE_LOW_BSR_OUT_DFF[0].FDRE_BSR_N/Q
                         net (fo=9, routed)           0.307     1.340    design_1_i/axi_smc/inst/s00_nodes/s00_w_node/inst/s_sc_xpm_cdc_async_rst_inst/src_arst
    SLICE_X39Y94         LUT1 (Prop_lut1_I0_O)        0.045     1.385 f  design_1_i/axi_smc/inst/s00_nodes/s00_w_node/inst/s_sc_xpm_cdc_async_rst_inst/arststages_ff[2]_i_1/O
                         net (fo=3, routed)           0.119     1.504    design_1_i/axi_smc/inst/s00_nodes/s00_w_node/inst/s_sc_xpm_cdc_async_rst_inst/reset_pol
    SLICE_X39Y94         FDCE                                         f  design_1_i/axi_smc/inst/s00_nodes/s00_w_node/inst/s_sc_xpm_cdc_async_rst_inst/arststages_ff_reg[0]/CLR
  -------------------------------------------------------------------    -------------------

                         (clock clk_fpga_0 rise edge)
                                                      0.000     0.000 r  
    PS7_X0Y0             PS7                          0.000     0.000 r  design_1_i/processing_system7_0/inst/PS7_i/FCLKCLK[0]
                         net (fo=1, routed)           0.337     0.337    design_1_i/processing_system7_0/inst/FCLK_CLK_unbuffered[0]
    BUFGCTRL_X0Y16       BUFG (Prop_bufg_I_O)         0.029     0.366 r  design_1_i/processing_system7_0/inst/buffer_fclk_clk_0.FCLK_CLK_0_BUFG/O
                         net (fo=19621, routed)       0.824     1.190    design_1_i/axi_smc/inst/s00_nodes/s00_w_node/inst/s_sc_xpm_cdc_async_rst_inst/dest_clk
    SLICE_X39Y94         FDCE                                         r  design_1_i/axi_smc/inst/s00_nodes/s00_w_node/inst/s_sc_xpm_cdc_async_rst_inst/arststages_ff_reg[0]/C

Slack:                    inf
  Source:                 design_1_i/axi_smc/inst/clk_map/psr_aclk/U0/ACTIVE_LOW_BSR_OUT_DFF[0].FDRE_BSR_N/C
                            (rising edge-triggered cell FDRE clocked by clk_fpga_0  {rise@0.000ns fall@10.000ns period=20.000ns})
  Destination:            design_1_i/axi_smc/inst/s00_nodes/s00_w_node/inst/s_sc_xpm_cdc_async_rst_inst/arststages_ff_reg[1]/CLR
                            (removal check against rising-edge clock clk_fpga_0  {rise@0.000ns fall@10.000ns period=20.000ns})
  Path Group:             (none)
  Path Type:              Removal (Min at Fast Process Corner)
  Data Path Delay:        0.613ns  (logic 0.186ns (30.365%)  route 0.427ns (69.635%))
  Logic Levels:           1  (LUT1=1)
  Clock Path Skew:        0.298ns (DCD - SCD - CPR)
    Destination Clock Delay (DCD):    1.190ns
    Source Clock Delay      (SCD):    0.892ns
    Clock Pessimism Removal (CPR):    -0.000ns
  Clock Uncertainty:      0.302ns  ((TSJ^2 + TIJ^2)^1/2 + DJ) / 2 + PE
    Total System Jitter     (TSJ):    0.071ns
    Total Input Jitter      (TIJ):    0.600ns
    Discrete Jitter          (DJ):    0.000ns
    Phase Error              (PE):    0.000ns
  Timing Exception:       False Path

    Location             Delay type                Incr(ns)  Path(ns)    Netlist Resource(s)
  -------------------------------------------------------------------    -------------------
                         (clock clk_fpga_0 rise edge)
                                                      0.000     0.000 r  
    PS7_X0Y0             PS7                          0.000     0.000 r  design_1_i/processing_system7_0/inst/PS7_i/FCLKCLK[0]
                         net (fo=1, routed)           0.310     0.310    design_1_i/processing_system7_0/inst/FCLK_CLK_unbuffered[0]
    BUFGCTRL_X0Y16       BUFG (Prop_bufg_I_O)         0.026     0.336 r  design_1_i/processing_system7_0/inst/buffer_fclk_clk_0.FCLK_CLK_0_BUFG/O
                         net (fo=19621, routed)       0.556     0.892    design_1_i/axi_smc/inst/clk_map/psr_aclk/U0/aclk
    SLICE_X41Y96         FDRE                                         r  design_1_i/axi_smc/inst/clk_map/psr_aclk/U0/ACTIVE_LOW_BSR_OUT_DFF[0].FDRE_BSR_N/C
  -------------------------------------------------------------------    -------------------
    SLICE_X41Y96         FDRE (Prop_fdre_C_Q)         0.141     1.033 r  design_1_i/axi_smc/inst/clk_map/psr_aclk/U0/ACTIVE_LOW_BSR_OUT_DFF[0].FDRE_BSR_N/Q
                         net (fo=9, routed)           0.307     1.340    design_1_i/axi_smc/inst/s00_nodes/s00_w_node/inst/s_sc_xpm_cdc_async_rst_inst/src_arst
    SLICE_X39Y94         LUT1 (Prop_lut1_I0_O)        0.045     1.385 f  design_1_i/axi_smc/inst/s00_nodes/s00_w_node/inst/s_sc_xpm_cdc_async_rst_inst/arststages_ff[2]_i_1/O
                         net (fo=3, routed)           0.119     1.504    design_1_i/axi_smc/inst/s00_nodes/s00_w_node/inst/s_sc_xpm_cdc_async_rst_inst/reset_pol
    SLICE_X39Y94         FDCE                                         f  design_1_i/axi_smc/inst/s00_nodes/s00_w_node/inst/s_sc_xpm_cdc_async_rst_inst/arststages_ff_reg[1]/CLR
  -------------------------------------------------------------------    -------------------

                         (clock clk_fpga_0 rise edge)
                                                      0.000     0.000 r  
    PS7_X0Y0             PS7                          0.000     0.000 r  design_1_i/processing_system7_0/inst/PS7_i/FCLKCLK[0]
                         net (fo=1, routed)           0.337     0.337    design_1_i/processing_system7_0/inst/FCLK_CLK_unbuffered[0]
    BUFGCTRL_X0Y16       BUFG (Prop_bufg_I_O)         0.029     0.366 r  design_1_i/processing_system7_0/inst/buffer_fclk_clk_0.FCLK_CLK_0_BUFG/O
                         net (fo=19621, routed)       0.824     1.190    design_1_i/axi_smc/inst/s00_nodes/s00_w_node/inst/s_sc_xpm_cdc_async_rst_inst/dest_clk
    SLICE_X39Y94         FDCE                                         r  design_1_i/axi_smc/inst/s00_nodes/s00_w_node/inst/s_sc_xpm_cdc_async_rst_inst/arststages_ff_reg[1]/C

Slack:                    inf
  Source:                 design_1_i/axi_smc/inst/clk_map/psr_aclk/U0/ACTIVE_LOW_BSR_OUT_DFF[0].FDRE_BSR_N/C
                            (rising edge-triggered cell FDRE clocked by clk_fpga_0  {rise@0.000ns fall@10.000ns period=20.000ns})
  Destination:            design_1_i/axi_smc/inst/s00_nodes/s00_w_node/inst/s_sc_xpm_cdc_async_rst_inst/arststages_ff_reg[2]/CLR
                            (removal check against rising-edge clock clk_fpga_0  {rise@0.000ns fall@10.000ns period=20.000ns})
  Path Group:             (none)
  Path Type:              Removal (Min at Fast Process Corner)
  Data Path Delay:        0.613ns  (logic 0.186ns (30.365%)  route 0.427ns (69.635%))
  Logic Levels:           1  (LUT1=1)
  Clock Path Skew:        0.298ns (DCD - SCD - CPR)
    Destination Clock Delay (DCD):    1.190ns
    Source Clock Delay      (SCD):    0.892ns
    Clock Pessimism Removal (CPR):    -0.000ns
  Clock Uncertainty:      0.302ns  ((TSJ^2 + TIJ^2)^1/2 + DJ) / 2 + PE
    Total System Jitter     (TSJ):    0.071ns
    Total Input Jitter      (TIJ):    0.600ns
    Discrete Jitter          (DJ):    0.000ns
    Phase Error              (PE):    0.000ns
  Timing Exception:       False Path

    Location             Delay type                Incr(ns)  Path(ns)    Netlist Resource(s)
  -------------------------------------------------------------------    -------------------
                         (clock clk_fpga_0 rise edge)
                                                      0.000     0.000 r  
    PS7_X0Y0             PS7                          0.000     0.000 r  design_1_i/processing_system7_0/inst/PS7_i/FCLKCLK[0]
                         net (fo=1, routed)           0.310     0.310    design_1_i/processing_system7_0/inst/FCLK_CLK_unbuffered[0]
    BUFGCTRL_X0Y16       BUFG (Prop_bufg_I_O)         0.026     0.336 r  design_1_i/processing_system7_0/inst/buffer_fclk_clk_0.FCLK_CLK_0_BUFG/O
                         net (fo=19621, routed)       0.556     0.892    design_1_i/axi_smc/inst/clk_map/psr_aclk/U0/aclk
    SLICE_X41Y96         FDRE                                         r  design_1_i/axi_smc/inst/clk_map/psr_aclk/U0/ACTIVE_LOW_BSR_OUT_DFF[0].FDRE_BSR_N/C
  -------------------------------------------------------------------    -------------------
    SLICE_X41Y96         FDRE (Prop_fdre_C_Q)         0.141     1.033 r  design_1_i/axi_smc/inst/clk_map/psr_aclk/U0/ACTIVE_LOW_BSR_OUT_DFF[0].FDRE_BSR_N/Q
                         net (fo=9, routed)           0.307     1.340    design_1_i/axi_smc/inst/s00_nodes/s00_w_node/inst/s_sc_xpm_cdc_async_rst_inst/src_arst
    SLICE_X39Y94         LUT1 (Prop_lut1_I0_O)        0.045     1.385 f  design_1_i/axi_smc/inst/s00_nodes/s00_w_node/inst/s_sc_xpm_cdc_async_rst_inst/arststages_ff[2]_i_1/O
                         net (fo=3, routed)           0.119     1.504    design_1_i/axi_smc/inst/s00_nodes/s00_w_node/inst/s_sc_xpm_cdc_async_rst_inst/reset_pol
    SLICE_X39Y94         FDCE                                         f  design_1_i/axi_smc/inst/s00_nodes/s00_w_node/inst/s_sc_xpm_cdc_async_rst_inst/arststages_ff_reg[2]/CLR
  -------------------------------------------------------------------    -------------------

                         (clock clk_fpga_0 rise edge)
                                                      0.000     0.000 r  
    PS7_X0Y0             PS7                          0.000     0.000 r  design_1_i/processing_system7_0/inst/PS7_i/FCLKCLK[0]
                         net (fo=1, routed)           0.337     0.337    design_1_i/processing_system7_0/inst/FCLK_CLK_unbuffered[0]
    BUFGCTRL_X0Y16       BUFG (Prop_bufg_I_O)         0.029     0.366 r  design_1_i/processing_system7_0/inst/buffer_fclk_clk_0.FCLK_CLK_0_BUFG/O
                         net (fo=19621, routed)       0.824     1.190    design_1_i/axi_smc/inst/s00_nodes/s00_w_node/inst/s_sc_xpm_cdc_async_rst_inst/dest_clk
    SLICE_X39Y94         FDCE                                         r  design_1_i/axi_smc/inst/s00_nodes/s00_w_node/inst/s_sc_xpm_cdc_async_rst_inst/arststages_ff_reg[2]/C

Slack:                    inf
  Source:                 design_1_i/rst_ps7_0_100M/U0/ACTIVE_LOW_PR_OUT_DFF[0].FDRE_PER_N/C
                            (rising edge-triggered cell FDRE clocked by clk_fpga_0  {rise@0.000ns fall@10.000ns period=20.000ns})
  Destination:            design_1_i/axi_smc/inst/clk_map/psr_aclk/U0/EXT_LPF/ACTIVE_LOW_AUX.ACT_LO_AUX/syncstages_ff_reg[0]/D
                            (rising edge-triggered cell FDRE clocked by clk_fpga_0  {rise@0.000ns fall@10.000ns period=20.000ns})
  Path Group:             (none)
  Path Type:              Hold (Min at Fast Process Corner)
  Data Path Delay:        0.651ns  (logic 0.186ns (28.567%)  route 0.465ns (71.432%))
  Logic Levels:           1  (LUT1=1)
  Clock Path Skew:        0.299ns (DCD - SCD - CPR)
    Destination Clock Delay (DCD):    1.191ns
    Source Clock Delay      (SCD):    0.892ns
    Clock Pessimism Removal (CPR):    -0.000ns
  Clock Uncertainty:      0.302ns  ((TSJ^2 + TIJ^2)^1/2 + DJ) / 2 + PE
    Total System Jitter     (TSJ):    0.071ns
    Total Input Jitter      (TIJ):    0.600ns
    Discrete Jitter          (DJ):    0.000ns
    Phase Error              (PE):    0.000ns
  Timing Exception:       False Path

    Location             Delay type                Incr(ns)  Path(ns)    Netlist Resource(s)
  -------------------------------------------------------------------    -------------------
                         (clock clk_fpga_0 rise edge)
                                                      0.000     0.000 r  
    PS7_X0Y0             PS7                          0.000     0.000 r  design_1_i/processing_system7_0/inst/PS7_i/FCLKCLK[0]
                         net (fo=1, routed)           0.310     0.310    design_1_i/processing_system7_0/inst/FCLK_CLK_unbuffered[0]
    BUFGCTRL_X0Y16       BUFG (Prop_bufg_I_O)         0.026     0.336 r  design_1_i/processing_system7_0/inst/buffer_fclk_clk_0.FCLK_CLK_0_BUFG/O
                         net (fo=19621, routed)       0.556     0.892    design_1_i/rst_ps7_0_100M/U0/slowest_sync_clk
    SLICE_X41Y93         FDRE                                         r  design_1_i/rst_ps7_0_100M/U0/ACTIVE_LOW_PR_OUT_DFF[0].FDRE_PER_N/C
  -------------------------------------------------------------------    -------------------
    SLICE_X41Y93         FDRE (Prop_fdre_C_Q)         0.141     1.033 f  design_1_i/rst_ps7_0_100M/U0/ACTIVE_LOW_PR_OUT_DFF[0].FDRE_PER_N/Q
                         net (fo=11, routed)          0.214     1.247    design_1_i/axi_smc/inst/clk_map/psr_aclk/U0/EXT_LPF/aresetn
    SLICE_X38Y93         LUT1 (Prop_lut1_I0_O)        0.045     1.292 r  design_1_i/axi_smc/inst/clk_map/psr_aclk/U0/EXT_LPF/ACTIVE_LOW_AUX.ACT_LO_AUX_i_1/O
                         net (fo=1, routed)           0.251     1.543    design_1_i/axi_smc/inst/clk_map/psr_aclk/U0/EXT_LPF/ACTIVE_LOW_AUX.ACT_LO_AUX/src_in
    SLICE_X38Y97         FDRE                                         r  design_1_i/axi_smc/inst/clk_map/psr_aclk/U0/EXT_LPF/ACTIVE_LOW_AUX.ACT_LO_AUX/syncstages_ff_reg[0]/D
  -------------------------------------------------------------------    -------------------

                         (clock clk_fpga_0 rise edge)
                                                      0.000     0.000 r  
    PS7_X0Y0             PS7                          0.000     0.000 r  design_1_i/processing_system7_0/inst/PS7_i/FCLKCLK[0]
                         net (fo=1, routed)           0.337     0.337    design_1_i/processing_system7_0/inst/FCLK_CLK_unbuffered[0]
    BUFGCTRL_X0Y16       BUFG (Prop_bufg_I_O)         0.029     0.366 r  design_1_i/processing_system7_0/inst/buffer_fclk_clk_0.FCLK_CLK_0_BUFG/O
                         net (fo=19621, routed)       0.825     1.191    design_1_i/axi_smc/inst/clk_map/psr_aclk/U0/EXT_LPF/ACTIVE_LOW_AUX.ACT_LO_AUX/dest_clk
    SLICE_X38Y97         FDRE                                         r  design_1_i/axi_smc/inst/clk_map/psr_aclk/U0/EXT_LPF/ACTIVE_LOW_AUX.ACT_LO_AUX/syncstages_ff_reg[0]/C

Slack:                    inf
  Source:                 design_1_i/axi_smc/inst/clk_map/psr_aclk/U0/ACTIVE_LOW_BSR_OUT_DFF[0].FDRE_BSR_N/C
                            (rising edge-triggered cell FDRE clocked by clk_fpga_0  {rise@0.000ns fall@10.000ns period=20.000ns})
  Destination:            design_1_i/axi_smc/inst/s00_nodes/s00_r_node/inst/s_sc_xpm_cdc_async_rst_inst/arststages_ff_reg[0]/CLR
                            (removal check against rising-edge clock clk_fpga_0  {rise@0.000ns fall@10.000ns period=20.000ns})
  Path Group:             (none)
  Path Type:              Removal (Min at Fast Process Corner)
  Data Path Delay:        0.675ns  (logic 0.185ns (27.394%)  route 0.490ns (72.606%))
  Logic Levels:           1  (LUT1=1)
  Clock Path Skew:        0.297ns (DCD - SCD - CPR)
    Destination Clock Delay (DCD):    1.189ns
    Source Clock Delay      (SCD):    0.892ns
    Clock Pessimism Removal (CPR):    -0.000ns
  Clock Uncertainty:      0.302ns  ((TSJ^2 + TIJ^2)^1/2 + DJ) / 2 + PE
    Total System Jitter     (TSJ):    0.071ns
    Total Input Jitter      (TIJ):    0.600ns
    Discrete Jitter          (DJ):    0.000ns
    Phase Error              (PE):    0.000ns
  Timing Exception:       False Path

    Location             Delay type                Incr(ns)  Path(ns)    Netlist Resource(s)
  -------------------------------------------------------------------    -------------------
                         (clock clk_fpga_0 rise edge)
                                                      0.000     0.000 r  
    PS7_X0Y0             PS7                          0.000     0.000 r  design_1_i/processing_system7_0/inst/PS7_i/FCLKCLK[0]
                         net (fo=1, routed)           0.310     0.310    design_1_i/processing_system7_0/inst/FCLK_CLK_unbuffered[0]
    BUFGCTRL_X0Y16       BUFG (Prop_bufg_I_O)         0.026     0.336 r  design_1_i/processing_system7_0/inst/buffer_fclk_clk_0.FCLK_CLK_0_BUFG/O
                         net (fo=19621, routed)       0.556     0.892    design_1_i/axi_smc/inst/clk_map/psr_aclk/U0/aclk
    SLICE_X41Y96         FDRE                                         r  design_1_i/axi_smc/inst/clk_map/psr_aclk/U0/ACTIVE_LOW_BSR_OUT_DFF[0].FDRE_BSR_N/C
  -------------------------------------------------------------------    -------------------
    SLICE_X41Y96         FDRE (Prop_fdre_C_Q)         0.141     1.033 r  design_1_i/axi_smc/inst/clk_map/psr_aclk/U0/ACTIVE_LOW_BSR_OUT_DFF[0].FDRE_BSR_N/Q
                         net (fo=9, routed)           0.314     1.347    design_1_i/axi_smc/inst/s00_nodes/s00_r_node/inst/s_sc_xpm_cdc_async_rst_inst/src_arst
    SLICE_X40Y94         LUT1 (Prop_lut1_I0_O)        0.044     1.391 f  design_1_i/axi_smc/inst/s00_nodes/s00_r_node/inst/s_sc_xpm_cdc_async_rst_inst/arststages_ff[2]_i_1/O
                         net (fo=3, routed)           0.176     1.567    design_1_i/axi_smc/inst/s00_nodes/s00_r_node/inst/s_sc_xpm_cdc_async_rst_inst/reset_pol
    SLICE_X41Y92         FDCE                                         f  design_1_i/axi_smc/inst/s00_nodes/s00_r_node/inst/s_sc_xpm_cdc_async_rst_inst/arststages_ff_reg[0]/CLR
  -------------------------------------------------------------------    -------------------

                         (clock clk_fpga_0 rise edge)
                                                      0.000     0.000 r  
    PS7_X0Y0             PS7                          0.000     0.000 r  design_1_i/processing_system7_0/inst/PS7_i/FCLKCLK[0]
                         net (fo=1, routed)           0.337     0.337    design_1_i/processing_system7_0/inst/FCLK_CLK_unbuffered[0]
    BUFGCTRL_X0Y16       BUFG (Prop_bufg_I_O)         0.029     0.366 r  design_1_i/processing_system7_0/inst/buffer_fclk_clk_0.FCLK_CLK_0_BUFG/O
                         net (fo=19621, routed)       0.823     1.189    design_1_i/axi_smc/inst/s00_nodes/s00_r_node/inst/s_sc_xpm_cdc_async_rst_inst/dest_clk
    SLICE_X41Y92         FDCE                                         r  design_1_i/axi_smc/inst/s00_nodes/s00_r_node/inst/s_sc_xpm_cdc_async_rst_inst/arststages_ff_reg[0]/C

Slack:                    inf
  Source:                 design_1_i/axi_smc/inst/clk_map/psr_aclk/U0/ACTIVE_LOW_BSR_OUT_DFF[0].FDRE_BSR_N/C
                            (rising edge-triggered cell FDRE clocked by clk_fpga_0  {rise@0.000ns fall@10.000ns period=20.000ns})
  Destination:            design_1_i/axi_smc/inst/s00_nodes/s00_r_node/inst/s_sc_xpm_cdc_async_rst_inst/arststages_ff_reg[1]/CLR
                            (removal check against rising-edge clock clk_fpga_0  {rise@0.000ns fall@10.000ns period=20.000ns})
  Path Group:             (none)
  Path Type:              Removal (Min at Fast Process Corner)
  Data Path Delay:        0.675ns  (logic 0.185ns (27.394%)  route 0.490ns (72.606%))
  Logic Levels:           1  (LUT1=1)
  Clock Path Skew:        0.297ns (DCD - SCD - CPR)
    Destination Clock Delay (DCD):    1.189ns
    Source Clock Delay      (SCD):    0.892ns
    Clock Pessimism Removal (CPR):    -0.000ns
  Clock Uncertainty:      0.302ns  ((TSJ^2 + TIJ^2)^1/2 + DJ) / 2 + PE
    Total System Jitter     (TSJ):    0.071ns
    Total Input Jitter      (TIJ):    0.600ns
    Discrete Jitter          (DJ):    0.000ns
    Phase Error              (PE):    0.000ns
  Timing Exception:       False Path

    Location             Delay type                Incr(ns)  Path(ns)    Netlist Resource(s)
  -------------------------------------------------------------------    -------------------
                         (clock clk_fpga_0 rise edge)
                                                      0.000     0.000 r  
    PS7_X0Y0             PS7                          0.000     0.000 r  design_1_i/processing_system7_0/inst/PS7_i/FCLKCLK[0]
                         net (fo=1, routed)           0.310     0.310    design_1_i/processing_system7_0/inst/FCLK_CLK_unbuffered[0]
    BUFGCTRL_X0Y16       BUFG (Prop_bufg_I_O)         0.026     0.336 r  design_1_i/processing_system7_0/inst/buffer_fclk_clk_0.FCLK_CLK_0_BUFG/O
                         net (fo=19621, routed)       0.556     0.892    design_1_i/axi_smc/inst/clk_map/psr_aclk/U0/aclk
    SLICE_X41Y96         FDRE                                         r  design_1_i/axi_smc/inst/clk_map/psr_aclk/U0/ACTIVE_LOW_BSR_OUT_DFF[0].FDRE_BSR_N/C
  -------------------------------------------------------------------    -------------------
    SLICE_X41Y96         FDRE (Prop_fdre_C_Q)         0.141     1.033 r  design_1_i/axi_smc/inst/clk_map/psr_aclk/U0/ACTIVE_LOW_BSR_OUT_DFF[0].FDRE_BSR_N/Q
                         net (fo=9, routed)           0.314     1.347    design_1_i/axi_smc/inst/s00_nodes/s00_r_node/inst/s_sc_xpm_cdc_async_rst_inst/src_arst
    SLICE_X40Y94         LUT1 (Prop_lut1_I0_O)        0.044     1.391 f  design_1_i/axi_smc/inst/s00_nodes/s00_r_node/inst/s_sc_xpm_cdc_async_rst_inst/arststages_ff[2]_i_1/O
                         net (fo=3, routed)           0.176     1.567    design_1_i/axi_smc/inst/s00_nodes/s00_r_node/inst/s_sc_xpm_cdc_async_rst_inst/reset_pol
    SLICE_X41Y92         FDCE                                         f  design_1_i/axi_smc/inst/s00_nodes/s00_r_node/inst/s_sc_xpm_cdc_async_rst_inst/arststages_ff_reg[1]/CLR
  -------------------------------------------------------------------    -------------------

                         (clock clk_fpga_0 rise edge)
                                                      0.000     0.000 r  
    PS7_X0Y0             PS7                          0.000     0.000 r  design_1_i/processing_system7_0/inst/PS7_i/FCLKCLK[0]
                         net (fo=1, routed)           0.337     0.337    design_1_i/processing_system7_0/inst/FCLK_CLK_unbuffered[0]
    BUFGCTRL_X0Y16       BUFG (Prop_bufg_I_O)         0.029     0.366 r  design_1_i/processing_system7_0/inst/buffer_fclk_clk_0.FCLK_CLK_0_BUFG/O
                         net (fo=19621, routed)       0.823     1.189    design_1_i/axi_smc/inst/s00_nodes/s00_r_node/inst/s_sc_xpm_cdc_async_rst_inst/dest_clk
    SLICE_X41Y92         FDCE                                         r  design_1_i/axi_smc/inst/s00_nodes/s00_r_node/inst/s_sc_xpm_cdc_async_rst_inst/arststages_ff_reg[1]/C

Slack:                    inf
  Source:                 design_1_i/axi_smc/inst/clk_map/psr_aclk/U0/ACTIVE_LOW_BSR_OUT_DFF[0].FDRE_BSR_N/C
                            (rising edge-triggered cell FDRE clocked by clk_fpga_0  {rise@0.000ns fall@10.000ns period=20.000ns})
  Destination:            design_1_i/axi_smc/inst/s00_nodes/s00_r_node/inst/s_sc_xpm_cdc_async_rst_inst/arststages_ff_reg[2]/CLR
                            (removal check against rising-edge clock clk_fpga_0  {rise@0.000ns fall@10.000ns period=20.000ns})
  Path Group:             (none)
  Path Type:              Removal (Min at Fast Process Corner)
  Data Path Delay:        0.675ns  (logic 0.185ns (27.394%)  route 0.490ns (72.606%))
  Logic Levels:           1  (LUT1=1)
  Clock Path Skew:        0.297ns (DCD - SCD - CPR)
    Destination Clock Delay (DCD):    1.189ns
    Source Clock Delay      (SCD):    0.892ns
    Clock Pessimism Removal (CPR):    -0.000ns
  Clock Uncertainty:      0.302ns  ((TSJ^2 + TIJ^2)^1/2 + DJ) / 2 + PE
    Total System Jitter     (TSJ):    0.071ns
    Total Input Jitter      (TIJ):    0.600ns
    Discrete Jitter          (DJ):    0.000ns
    Phase Error              (PE):    0.000ns
  Timing Exception:       False Path

    Location             Delay type                Incr(ns)  Path(ns)    Netlist Resource(s)
  -------------------------------------------------------------------    -------------------
                         (clock clk_fpga_0 rise edge)
                                                      0.000     0.000 r  
    PS7_X0Y0             PS7                          0.000     0.000 r  design_1_i/processing_system7_0/inst/PS7_i/FCLKCLK[0]
                         net (fo=1, routed)           0.310     0.310    design_1_i/processing_system7_0/inst/FCLK_CLK_unbuffered[0]
    BUFGCTRL_X0Y16       BUFG (Prop_bufg_I_O)         0.026     0.336 r  design_1_i/processing_system7_0/inst/buffer_fclk_clk_0.FCLK_CLK_0_BUFG/O
                         net (fo=19621, routed)       0.556     0.892    design_1_i/axi_smc/inst/clk_map/psr_aclk/U0/aclk
    SLICE_X41Y96         FDRE                                         r  design_1_i/axi_smc/inst/clk_map/psr_aclk/U0/ACTIVE_LOW_BSR_OUT_DFF[0].FDRE_BSR_N/C
  -------------------------------------------------------------------    -------------------
    SLICE_X41Y96         FDRE (Prop_fdre_C_Q)         0.141     1.033 r  design_1_i/axi_smc/inst/clk_map/psr_aclk/U0/ACTIVE_LOW_BSR_OUT_DFF[0].FDRE_BSR_N/Q
                         net (fo=9, routed)           0.314     1.347    design_1_i/axi_smc/inst/s00_nodes/s00_r_node/inst/s_sc_xpm_cdc_async_rst_inst/src_arst
    SLICE_X40Y94         LUT1 (Prop_lut1_I0_O)        0.044     1.391 f  design_1_i/axi_smc/inst/s00_nodes/s00_r_node/inst/s_sc_xpm_cdc_async_rst_inst/arststages_ff[2]_i_1/O
                         net (fo=3, routed)           0.176     1.567    design_1_i/axi_smc/inst/s00_nodes/s00_r_node/inst/s_sc_xpm_cdc_async_rst_inst/reset_pol
    SLICE_X41Y92         FDCE                                         f  design_1_i/axi_smc/inst/s00_nodes/s00_r_node/inst/s_sc_xpm_cdc_async_rst_inst/arststages_ff_reg[2]/CLR
  -------------------------------------------------------------------    -------------------

                         (clock clk_fpga_0 rise edge)
                                                      0.000     0.000 r  
    PS7_X0Y0             PS7                          0.000     0.000 r  design_1_i/processing_system7_0/inst/PS7_i/FCLKCLK[0]
                         net (fo=1, routed)           0.337     0.337    design_1_i/processing_system7_0/inst/FCLK_CLK_unbuffered[0]
    BUFGCTRL_X0Y16       BUFG (Prop_bufg_I_O)         0.029     0.366 r  design_1_i/processing_system7_0/inst/buffer_fclk_clk_0.FCLK_CLK_0_BUFG/O
                         net (fo=19621, routed)       0.823     1.189    design_1_i/axi_smc/inst/s00_nodes/s00_r_node/inst/s_sc_xpm_cdc_async_rst_inst/dest_clk
    SLICE_X41Y92         FDCE                                         r  design_1_i/axi_smc/inst/s00_nodes/s00_r_node/inst/s_sc_xpm_cdc_async_rst_inst/arststages_ff_reg[2]/C

Slack:                    inf
  Source:                 design_1_i/axi_smc/inst/clk_map/psr_aclk/U0/ACTIVE_LOW_BSR_OUT_DFF[0].FDRE_BSR_N/C
                            (rising edge-triggered cell FDRE clocked by clk_fpga_0  {rise@0.000ns fall@10.000ns period=20.000ns})
  Destination:            design_1_i/axi_smc/inst/s00_nodes/s00_b_node/inst/s_sc_xpm_cdc_async_rst_inst/arststages_ff_reg[0]/CLR
                            (removal check against rising-edge clock clk_fpga_0  {rise@0.000ns fall@10.000ns period=20.000ns})
  Path Group:             (none)
  Path Type:              Removal (Min at Fast Process Corner)
  Data Path Delay:        0.680ns  (logic 0.186ns (27.371%)  route 0.494ns (72.629%))
  Logic Levels:           1  (LUT1=1)
  Clock Path Skew:        0.298ns (DCD - SCD - CPR)
    Destination Clock Delay (DCD):    1.190ns
    Source Clock Delay      (SCD):    0.892ns
    Clock Pessimism Removal (CPR):    -0.000ns
  Clock Uncertainty:      0.302ns  ((TSJ^2 + TIJ^2)^1/2 + DJ) / 2 + PE
    Total System Jitter     (TSJ):    0.071ns
    Total Input Jitter      (TIJ):    0.600ns
    Discrete Jitter          (DJ):    0.000ns
    Phase Error              (PE):    0.000ns
  Timing Exception:       False Path

    Location             Delay type                Incr(ns)  Path(ns)    Netlist Resource(s)
  -------------------------------------------------------------------    -------------------
                         (clock clk_fpga_0 rise edge)
                                                      0.000     0.000 r  
    PS7_X0Y0             PS7                          0.000     0.000 r  design_1_i/processing_system7_0/inst/PS7_i/FCLKCLK[0]
                         net (fo=1, routed)           0.310     0.310    design_1_i/processing_system7_0/inst/FCLK_CLK_unbuffered[0]
    BUFGCTRL_X0Y16       BUFG (Prop_bufg_I_O)         0.026     0.336 r  design_1_i/processing_system7_0/inst/buffer_fclk_clk_0.FCLK_CLK_0_BUFG/O
                         net (fo=19621, routed)       0.556     0.892    design_1_i/axi_smc/inst/clk_map/psr_aclk/U0/aclk
    SLICE_X41Y96         FDRE                                         r  design_1_i/axi_smc/inst/clk_map/psr_aclk/U0/ACTIVE_LOW_BSR_OUT_DFF[0].FDRE_BSR_N/C
  -------------------------------------------------------------------    -------------------
    SLICE_X41Y96         FDRE (Prop_fdre_C_Q)         0.141     1.033 r  design_1_i/axi_smc/inst/clk_map/psr_aclk/U0/ACTIVE_LOW_BSR_OUT_DFF[0].FDRE_BSR_N/Q
                         net (fo=9, routed)           0.314     1.347    design_1_i/axi_smc/inst/s00_nodes/s00_b_node/inst/s_sc_xpm_cdc_async_rst_inst/src_arst
    SLICE_X40Y94         LUT1 (Prop_lut1_I0_O)        0.045     1.392 f  design_1_i/axi_smc/inst/s00_nodes/s00_b_node/inst/s_sc_xpm_cdc_async_rst_inst/arststages_ff[2]_i_1/O
                         net (fo=3, routed)           0.180     1.571    design_1_i/axi_smc/inst/s00_nodes/s00_b_node/inst/s_sc_xpm_cdc_async_rst_inst/reset_pol
    SLICE_X40Y95         FDCE                                         f  design_1_i/axi_smc/inst/s00_nodes/s00_b_node/inst/s_sc_xpm_cdc_async_rst_inst/arststages_ff_reg[0]/CLR
  -------------------------------------------------------------------    -------------------

                         (clock clk_fpga_0 rise edge)
                                                      0.000     0.000 r  
    PS7_X0Y0             PS7                          0.000     0.000 r  design_1_i/processing_system7_0/inst/PS7_i/FCLKCLK[0]
                         net (fo=1, routed)           0.337     0.337    design_1_i/processing_system7_0/inst/FCLK_CLK_unbuffered[0]
    BUFGCTRL_X0Y16       BUFG (Prop_bufg_I_O)         0.029     0.366 r  design_1_i/processing_system7_0/inst/buffer_fclk_clk_0.FCLK_CLK_0_BUFG/O
                         net (fo=19621, routed)       0.824     1.190    design_1_i/axi_smc/inst/s00_nodes/s00_b_node/inst/s_sc_xpm_cdc_async_rst_inst/dest_clk
    SLICE_X40Y95         FDCE                                         r  design_1_i/axi_smc/inst/s00_nodes/s00_b_node/inst/s_sc_xpm_cdc_async_rst_inst/arststages_ff_reg[0]/C

Slack:                    inf
  Source:                 design_1_i/axi_smc/inst/clk_map/psr_aclk/U0/ACTIVE_LOW_BSR_OUT_DFF[0].FDRE_BSR_N/C
                            (rising edge-triggered cell FDRE clocked by clk_fpga_0  {rise@0.000ns fall@10.000ns period=20.000ns})
  Destination:            design_1_i/axi_smc/inst/s00_nodes/s00_b_node/inst/s_sc_xpm_cdc_async_rst_inst/arststages_ff_reg[1]/CLR
                            (removal check against rising-edge clock clk_fpga_0  {rise@0.000ns fall@10.000ns period=20.000ns})
  Path Group:             (none)
  Path Type:              Removal (Min at Fast Process Corner)
  Data Path Delay:        0.680ns  (logic 0.186ns (27.371%)  route 0.494ns (72.629%))
  Logic Levels:           1  (LUT1=1)
  Clock Path Skew:        0.298ns (DCD - SCD - CPR)
    Destination Clock Delay (DCD):    1.190ns
    Source Clock Delay      (SCD):    0.892ns
    Clock Pessimism Removal (CPR):    -0.000ns
  Clock Uncertainty:      0.302ns  ((TSJ^2 + TIJ^2)^1/2 + DJ) / 2 + PE
    Total System Jitter     (TSJ):    0.071ns
    Total Input Jitter      (TIJ):    0.600ns
    Discrete Jitter          (DJ):    0.000ns
    Phase Error              (PE):    0.000ns
  Timing Exception:       False Path

    Location             Delay type                Incr(ns)  Path(ns)    Netlist Resource(s)
  -------------------------------------------------------------------    -------------------
                         (clock clk_fpga_0 rise edge)
                                                      0.000     0.000 r  
    PS7_X0Y0             PS7                          0.000     0.000 r  design_1_i/processing_system7_0/inst/PS7_i/FCLKCLK[0]
                         net (fo=1, routed)           0.310     0.310    design_1_i/processing_system7_0/inst/FCLK_CLK_unbuffered[0]
    BUFGCTRL_X0Y16       BUFG (Prop_bufg_I_O)         0.026     0.336 r  design_1_i/processing_system7_0/inst/buffer_fclk_clk_0.FCLK_CLK_0_BUFG/O
                         net (fo=19621, routed)       0.556     0.892    design_1_i/axi_smc/inst/clk_map/psr_aclk/U0/aclk
    SLICE_X41Y96         FDRE                                         r  design_1_i/axi_smc/inst/clk_map/psr_aclk/U0/ACTIVE_LOW_BSR_OUT_DFF[0].FDRE_BSR_N/C
  -------------------------------------------------------------------    -------------------
    SLICE_X41Y96         FDRE (Prop_fdre_C_Q)         0.141     1.033 r  design_1_i/axi_smc/inst/clk_map/psr_aclk/U0/ACTIVE_LOW_BSR_OUT_DFF[0].FDRE_BSR_N/Q
                         net (fo=9, routed)           0.314     1.347    design_1_i/axi_smc/inst/s00_nodes/s00_b_node/inst/s_sc_xpm_cdc_async_rst_inst/src_arst
    SLICE_X40Y94         LUT1 (Prop_lut1_I0_O)        0.045     1.392 f  design_1_i/axi_smc/inst/s00_nodes/s00_b_node/inst/s_sc_xpm_cdc_async_rst_inst/arststages_ff[2]_i_1/O
                         net (fo=3, routed)           0.180     1.571    design_1_i/axi_smc/inst/s00_nodes/s00_b_node/inst/s_sc_xpm_cdc_async_rst_inst/reset_pol
    SLICE_X40Y95         FDCE                                         f  design_1_i/axi_smc/inst/s00_nodes/s00_b_node/inst/s_sc_xpm_cdc_async_rst_inst/arststages_ff_reg[1]/CLR
  -------------------------------------------------------------------    -------------------

                         (clock clk_fpga_0 rise edge)
                                                      0.000     0.000 r  
    PS7_X0Y0             PS7                          0.000     0.000 r  design_1_i/processing_system7_0/inst/PS7_i/FCLKCLK[0]
                         net (fo=1, routed)           0.337     0.337    design_1_i/processing_system7_0/inst/FCLK_CLK_unbuffered[0]
    BUFGCTRL_X0Y16       BUFG (Prop_bufg_I_O)         0.029     0.366 r  design_1_i/processing_system7_0/inst/buffer_fclk_clk_0.FCLK_CLK_0_BUFG/O
                         net (fo=19621, routed)       0.824     1.190    design_1_i/axi_smc/inst/s00_nodes/s00_b_node/inst/s_sc_xpm_cdc_async_rst_inst/dest_clk
    SLICE_X40Y95         FDCE                                         r  design_1_i/axi_smc/inst/s00_nodes/s00_b_node/inst/s_sc_xpm_cdc_async_rst_inst/arststages_ff_reg[1]/C

Slack:                    inf
  Source:                 design_1_i/axi_smc/inst/clk_map/psr_aclk/U0/ACTIVE_LOW_BSR_OUT_DFF[0].FDRE_BSR_N/C
                            (rising edge-triggered cell FDRE clocked by clk_fpga_0  {rise@0.000ns fall@10.000ns period=20.000ns})
  Destination:            design_1_i/axi_smc/inst/s00_nodes/s00_b_node/inst/s_sc_xpm_cdc_async_rst_inst/arststages_ff_reg[2]/CLR
                            (removal check against rising-edge clock clk_fpga_0  {rise@0.000ns fall@10.000ns period=20.000ns})
  Path Group:             (none)
  Path Type:              Removal (Min at Fast Process Corner)
  Data Path Delay:        0.680ns  (logic 0.186ns (27.371%)  route 0.494ns (72.629%))
  Logic Levels:           1  (LUT1=1)
  Clock Path Skew:        0.298ns (DCD - SCD - CPR)
    Destination Clock Delay (DCD):    1.190ns
    Source Clock Delay      (SCD):    0.892ns
    Clock Pessimism Removal (CPR):    -0.000ns
  Clock Uncertainty:      0.302ns  ((TSJ^2 + TIJ^2)^1/2 + DJ) / 2 + PE
    Total System Jitter     (TSJ):    0.071ns
    Total Input Jitter      (TIJ):    0.600ns
    Discrete Jitter          (DJ):    0.000ns
    Phase Error              (PE):    0.000ns
  Timing Exception:       False Path

    Location             Delay type                Incr(ns)  Path(ns)    Netlist Resource(s)
  -------------------------------------------------------------------    -------------------
                         (clock clk_fpga_0 rise edge)
                                                      0.000     0.000 r  
    PS7_X0Y0             PS7                          0.000     0.000 r  design_1_i/processing_system7_0/inst/PS7_i/FCLKCLK[0]
                         net (fo=1, routed)           0.310     0.310    design_1_i/processing_system7_0/inst/FCLK_CLK_unbuffered[0]
    BUFGCTRL_X0Y16       BUFG (Prop_bufg_I_O)         0.026     0.336 r  design_1_i/processing_system7_0/inst/buffer_fclk_clk_0.FCLK_CLK_0_BUFG/O
                         net (fo=19621, routed)       0.556     0.892    design_1_i/axi_smc/inst/clk_map/psr_aclk/U0/aclk
    SLICE_X41Y96         FDRE                                         r  design_1_i/axi_smc/inst/clk_map/psr_aclk/U0/ACTIVE_LOW_BSR_OUT_DFF[0].FDRE_BSR_N/C
  -------------------------------------------------------------------    -------------------
    SLICE_X41Y96         FDRE (Prop_fdre_C_Q)         0.141     1.033 r  design_1_i/axi_smc/inst/clk_map/psr_aclk/U0/ACTIVE_LOW_BSR_OUT_DFF[0].FDRE_BSR_N/Q
                         net (fo=9, routed)           0.314     1.347    design_1_i/axi_smc/inst/s00_nodes/s00_b_node/inst/s_sc_xpm_cdc_async_rst_inst/src_arst
    SLICE_X40Y94         LUT1 (Prop_lut1_I0_O)        0.045     1.392 f  design_1_i/axi_smc/inst/s00_nodes/s00_b_node/inst/s_sc_xpm_cdc_async_rst_inst/arststages_ff[2]_i_1/O
                         net (fo=3, routed)           0.180     1.571    design_1_i/axi_smc/inst/s00_nodes/s00_b_node/inst/s_sc_xpm_cdc_async_rst_inst/reset_pol
    SLICE_X40Y95         FDCE                                         f  design_1_i/axi_smc/inst/s00_nodes/s00_b_node/inst/s_sc_xpm_cdc_async_rst_inst/arststages_ff_reg[2]/CLR
  -------------------------------------------------------------------    -------------------

                         (clock clk_fpga_0 rise edge)
                                                      0.000     0.000 r  
    PS7_X0Y0             PS7                          0.000     0.000 r  design_1_i/processing_system7_0/inst/PS7_i/FCLKCLK[0]
                         net (fo=1, routed)           0.337     0.337    design_1_i/processing_system7_0/inst/FCLK_CLK_unbuffered[0]
    BUFGCTRL_X0Y16       BUFG (Prop_bufg_I_O)         0.029     0.366 r  design_1_i/processing_system7_0/inst/buffer_fclk_clk_0.FCLK_CLK_0_BUFG/O
                         net (fo=19621, routed)       0.824     1.190    design_1_i/axi_smc/inst/s00_nodes/s00_b_node/inst/s_sc_xpm_cdc_async_rst_inst/dest_clk
    SLICE_X40Y95         FDCE                                         r  design_1_i/axi_smc/inst/s00_nodes/s00_b_node/inst/s_sc_xpm_cdc_async_rst_inst/arststages_ff_reg[2]/C





